lf,lf_abs,mode,form,label,fault_bus,xf,tfault,Vfb_preclear,minV_preclear,direct_h0.0005_state,direct_h0.0005_minV,direct_h0.0005_kcl,direct_h5.0e-5_state,direct_h5.0e-5_minV,direct_h5.0e-5_kcl,direct_h5.0e-6_state,direct_h5.0e-6_minV,direct_h5.0e-6_kcl,direct_low,newton_conv,newton_it,newton_minV,newton_kcl,newton_reaches_hv,hc_conv,hc_it,hc_minV,hc_kcl,hc_reaches_hv,flat_conv,flat_it,flat_minV,flat_kcl,flat_reaches_hv,flat_angle_conv,flat_angle_it,flat_angle_minV,flat_angle_kcl,flat_angle_reaches_hv,prefault_v_conv,prefault_v_it,prefault_v_minV,prefault_v_kcl,prefault_v_reaches_hv,hv_exists,hv_source,hv_minV,newton_low,newton_root,lv_bus,persist,V_lvbus_end_newton,V_lvbus_end_hv,kcl_end_newton
base,1.0000,emt,power,"fault bus 1 xf=0.001 clear@0.1",1,0.001,0.1,0.056,0.056,ok,0.960,7.2e-14,lowV,0.591,3.6e-15,fail,NaN,NaN,true,true,2,0.754,1.3e-15,true,true,0,0.754,1.3e-15,true,true,10,0.754,2.2e-11,true,true,11,0.754,3.0e-13,true,true,11,0.754,1.8e-15,true,true,hc,0.754,false,,0,,NaN,NaN,NaN
base,1.0000,emt,power,"fault bus 1 xf=0.005 clear@0.1",1,0.005,0.1,0.230,0.230,ok,0.967,1.8e-15,lowV,0.663,4.2e-13,lowV,0.384,4.2e-14,true,true,2,0.805,1.2e-15,true,true,0,0.805,1.2e-15,true,true,8,0.805,8.3e-13,true,true,8,0.805,4.5e-12,true,true,8,0.805,1.6e-11,true,true,hc,0.805,false,,0,,NaN,NaN,NaN
base,1.0000,emt,power,"fault bus 1 xf=0.02 clear@0.1",1,0.02,0.1,0.555,0.555,ok,0.980,3.6e-15,lowV,0.805,7.8e-15,lowV,0.549,2.2e-12,true,true,2,0.899,9.0e-16,true,true,0,0.899,8.9e-16,true,true,7,0.899,8.9e-16,true,true,7,0.899,1.8e-15,true,true,7,0.899,8.9e-16,true,true,hc,0.899,false,,0,,NaN,NaN,NaN
base,1.0000,emt,power,"fault bus 2 xf=0.001 clear@0.1",2,0.001,0.1,0.071,0.071,ok,0.876,1.7e-15,ok,0.622,1.1e-14,fail,NaN,NaN,false,true,2,0.258,1.4e-14,true,true,0,0.258,2.7e-15,true,true,10,0.258,5.7e-14,true,true,10,0.258,4.8e-12,true,true,10,0.258,2.8e-14,true,true,flat_angle,0.258,false,,0,,NaN,NaN,NaN
base,1.0000,emt,power,"fault bus 2 xf=0.005 clear@0.1",2,0.005,0.1,0.281,0.281,ok,0.902,1.8e-15,ok,0.694,5.3e-15,fail,NaN,NaN,false,true,2,0.418,7.1e-15,true,true,0,0.418,2.2e-15,true,true,8,0.418,1.3e-15,true,true,8,0.418,1.1e-15,true,true,8,0.418,3.6e-15,true,true,flat,0.418,false,,0,,NaN,NaN,NaN
base,1.0000,emt,power,"fault bus 2 xf=0.02 clear@0.1",2,0.02,0.1,0.623,0.623,ok,0.945,1.8e-15,ok,0.845,2.7e-15,fail,NaN,NaN,false,true,2,0.697,3.6e-15,true,true,0,0.697,8.9e-16,true,true,6,0.697,5.6e-12,true,true,6,0.697,1.9e-12,true,true,6,0.697,2.1e-11,true,true,flat,0.697,false,,0,,NaN,NaN,NaN
base,1.0000,emt,power,"fault bus 3 xf=0.001 clear@0.1",3,0.001,0.1,0.064,0.064,ok,0.861,5.3e-15,fail,NaN,NaN,fail,NaN,NaN,false,true,6,0.000,6.4e+01,false,true,0,0.314,1.8e-15,true,true,8,0.314,1.1e-15,true,true,8,0.314,2.8e-14,true,true,8,0.314,1.8e-15,true,true,flat,0.314,true,spurious,3,newton_run_failed(exception),NaN,1.005,NaN
base,1.0000,emt,power,"fault bus 3 xf=0.005 clear@0.1",3,0.005,0.1,0.254,0.254,ok,0.887,6.9e-14,fail,NaN,NaN,fail,NaN,NaN,false,true,7,0.000,5.2e+01,false,true,0,0.457,7.1e-15,true,true,6,0.457,7.1e-15,true,true,6,0.457,7.1e-15,true,true,6,0.457,5.0e-14,true,true,flat,0.457,true,spurious,3,newton_run_failed(exception),NaN,1.007,NaN
base,1.0000,emt,power,"fault bus 3 xf=0.02 clear@0.1",3,0.02,0.1,0.579,0.579,ok,0.933,5.4e-13,ok,0.887,1.5e-15,ok,0.724,7.5e-12,false,true,7,0.700,2.9e-11,true,true,0,0.700,3.6e-15,true,true,6,0.700,7.1e-15,true,true,5,0.700,1.7e-10,true,true,6,0.700,3.6e-15,true,true,flat_angle,0.700,false,,0,,NaN,NaN,NaN
base,1.0000,emt,power,"fault bus 4 xf=0.001 clear@0.1",4,0.001,0.1,0.057,0.057,ok,0.877,2.7e-15,fail,NaN,NaN,spurious,0.000,5.7e+01,true,true,6,0.000,5.7e+01,false,true,0,0.288,2.8e-14,true,true,8,0.288,2.1e-14,true,true,8,0.288,2.8e-14,true,true,8,0.288,7.1e-15,true,true,hc,0.288,true,spurious,4,newton_run_failed(exception),NaN,0.992,NaN
base,1.0000,emt,power,"fault bus 4 xf=0.005 clear@0.1",4,0.005,0.1,0.233,0.233,ok,0.897,8.0e-15,fail,NaN,NaN,fail,NaN,NaN,false,true,7,0.000,4.7e+01,false,true,0,0.423,7.1e-15,true,true,6,0.423,4.3e-14,true,true,6,0.423,1.4e-14,true,true,6,0.423,1.5e-12,true,true,prefault_v,0.423,true,spurious,4,newton_run_failed(exception),NaN,0.998,NaN
base,1.0000,emt,power,"fault bus 4 xf=0.02 clear@0.1",4,0.02,0.1,0.552,0.552,ok,0.937,1.5e-13,ok,0.868,4.4e-15,lowV,0.515,1.4e-14,true,true,8,0.672,1.8e-15,true,true,0,0.672,1.8e-15,true,true,6,0.672,1.8e-15,true,true,5,0.672,1.3e-10,true,true,6,0.672,8.9e-16,true,true,flat_angle,0.672,false,,0,,NaN,NaN,NaN
base,1.0000,emt,power,"fault bus 5 xf=0.001 clear@0.1",5,0.001,0.1,0.056,0.056,ok,0.889,1.8e-15,fail,NaN,NaN,fail,NaN,NaN,false,true,2,0.129,1.8e-15,true,true,0,0.129,1.8e-15,true,true,11,0.129,2.7e-15,true,true,11,0.129,2.3e-15,true,true,11,0.129,1.4e-15,true,true,hc,0.129,false,,0,,NaN,NaN,NaN
base,1.0000,emt,power,"fault bus 5 xf=0.005 clear@0.1",5,0.005,0.1,0.229,0.229,ok,0.908,2.7e-15,fail,NaN,NaN,fail,NaN,NaN,false,true,2,0.290,1.8e-15,true,true,0,0.290,1.8e-15,true,true,8,0.290,3.1e-13,true,true,8,0.290,3.3e-13,true,true,8,0.290,1.8e-12,true,true,hc,0.290,false,,0,,NaN,NaN,NaN
base,1.0000,emt,power,"fault bus 5 xf=0.02 clear@0.1",5,0.02,0.1,0.551,0.551,ok,0.944,1.5e-13,ok,0.891,3.6e-15,fail,NaN,NaN,false,true,2,0.589,1.8e-15,true,true,0,0.589,1.3e-15,true,true,7,0.589,1.3e-15,true,true,7,0.589,1.8e-15,true,true,7,0.589,1.8e-15,true,true,hc,0.589,false,,0,,NaN,NaN,NaN
base,1.0000,emt,power,"fault bus 6 xf=0.001 clear@0.1",6,0.001,0.1,0.056,0.056,ok,0.889,3.6e-15,fail,NaN,NaN,fail,NaN,NaN,false,true,2,0.111,1.5e-15,true,true,0,0.111,2.3e-15,true,true,10,0.111,4.1e-11,true,true,11,0.111,1.4e-15,true,true,11,0.111,2.1e-15,true,true,hc,0.111,false,,0,,NaN,NaN,NaN
base,1.0000,emt,power,"fault bus 6 xf=0.005 clear@0.1",6,0.005,0.1,0.231,0.231,ok,0.908,2.1e-15,fail,NaN,NaN,fail,NaN,NaN,false,true,2,0.274,7.1e-15,true,true,0,0.274,1.8e-15,true,true,8,0.274,2.3e-13,true,true,8,0.274,2.3e-13,true,true,8,0.274,1.8e-12,true,true,flat_angle,0.274,false,,0,,NaN,NaN,NaN
base,1.0000,emt,power,"fault bus 6 xf=0.02 clear@0.1",6,0.02,0.1,0.555,0.555,ok,0.944,6.9e-14,ok,0.908,1.6e-15,fail,NaN,NaN,false,true,2,0.578,2.2e-15,true,true,0,0.578,1.5e-15,true,true,7,0.578,1.0e-15,true,true,7,0.578,1.3e-15,true,true,7,0.578,2.2e-15,true,true,hc,0.578,false,,0,,NaN,NaN,NaN
base,1.0000,emt,power,"fault bus 7 xf=0.001 clear@0.1",7,0.001,0.1,0.049,0.049,ok,0.908,5.3e-15,fail,NaN,NaN,spurious,0.000,4.9e+01,true,true,6,0.000,4.9e+01,false,true,0,0.161,1.7e-15,true,true,8,0.161,1.8e-15,true,true,8,0.161,7.1e-15,true,true,8,0.161,1.4e-14,true,true,hc,0.161,true,spurious,7,newton_run_failed(exception),NaN,0.994,NaN
base,1.0000,emt,power,"fault bus 7 xf=0.005 clear@0.1",7,0.005,0.1,0.204,0.204,ok,0.923,3.6e-15,fail,NaN,NaN,fail,NaN,NaN,false,true,7,0.000,4.1e+01,false,true,0,0.298,1.4e-14,true,true,6,0.298,6.2e-12,true,true,6,0.298,3.9e-12,true,true,7,0.298,1.3e-15,true,true,flat,0.298,true,spurious,7,newton_run_failed(exception),NaN,1.001,NaN
base,1.0000,emt,power,"fault bus 7 xf=0.02 clear@0.1",7,0.02,0.1,0.510,0.510,ok,0.951,1.8e-15,ok,0.861,5.7e-14,lowV,0.440,3.6e-15,true,true,11,0.568,3.6e-15,true,true,0,0.568,9.9e-16,true,true,6,0.568,3.6e-15,true,true,5,0.568,4.4e-11,true,true,6,0.568,1.8e-15,true,true,prefault_v,0.568,false,,0,,NaN,NaN,NaN
base,1.0000,emt,power,"fault bus 8 xf=0.001 clear@0.1",8,0.001,0.1,0.051,0.051,ok,0.906,2.1e-14,fail,NaN,NaN,spurious,0.000,5.1e+01,true,true,6,0.000,5.1e+01,false,true,0,0.127,2.2e-15,true,true,8,0.127,7.1e-15,true,true,8,0.127,2.3e-15,true,true,8,0.127,2.3e-15,true,true,hc,0.127,true,spurious,8,newton_run_failed(exception),NaN,0.993,NaN
base,1.0000,emt,power,"fault bus 8 xf=0.005 clear@0.1",8,0.005,0.1,0.212,0.212,ok,0.922,1.8e-15,fail,NaN,NaN,fail,NaN,NaN,false,true,7,0.000,4.3e+01,false,true,0,0.276,7.1e-15,true,true,6,0.276,2.1e-12,true,true,6,0.276,1.1e-12,true,true,6,0.276,3.0e-11,true,true,flat_angle,0.276,true,spurious,8,newton_run_failed(exception),NaN,0.999,NaN
base,1.0000,emt,power,"fault bus 8 xf=0.02 clear@0.1",8,0.02,0.1,0.522,0.522,ok,0.951,1.8e-15,ok,0.852,1.3e-15,lowV,0.491,7.1e-15,true,true,10,0.562,2.7e-15,true,true,0,0.562,1.8e-15,true,true,6,0.562,7.1e-15,true,true,5,0.562,2.0e-11,true,true,6,0.562,3.6e-15,true,true,hc,0.562,false,,0,,NaN,NaN,NaN
base,1.0000,emt,power,"fault bus 9 xf=0.001 clear@0.1",9,0.001,0.1,0.054,0.054,ok,0.956,2.7e-15,ok,0.787,4.1e-14,fail,NaN,NaN,false,true,2,0.594,7.1e-15,true,true,0,0.594,7.1e-15,true,true,11,0.594,7.1e-15,true,true,12,0.594,7.1e-15,true,true,11,0.594,7.1e-15,true,true,flat,0.594,false,,0,,NaN,NaN,NaN
base,1.0000,emt,power,"fault bus 9 xf=0.005 clear@0.1",9,0.005,0.1,0.223,0.223,ok,0.964,2.2e-15,ok,0.809,1.8e-15,fail,NaN,NaN,false,true,2,0.669,7.1e-15,true,true,0,0.669,7.1e-15,true,true,8,0.669,2.6e-12,true,true,8,0.669,2.2e-11,true,true,8,0.669,4.8e-11,true,true,flat,0.669,false,,0,,NaN,NaN,NaN
base,1.0000,emt,power,"fault bus 9 xf=0.02 clear@0.1",9,0.02,0.1,0.544,0.544,ok,0.978,2.0e-15,ok,0.870,9.2e-13,fail,NaN,NaN,false,true,2,0.812,3.6e-15,true,true,0,0.812,3.6e-15,true,true,7,0.812,3.6e-15,true,true,7,0.812,3.6e-15,true,true,7,0.812,3.6e-15,true,true,flat_angle,0.812,false,,0,,NaN,NaN,NaN
base,1.0000,emt,power,"fault bus 10 xf=0.001 clear@0.1",10,0.001,0.1,0.051,0.051,ok,0.892,2.9e-13,fail,NaN,NaN,fail,NaN,NaN,false,true,2,0.129,7.1e-15,true,true,0,0.129,7.1e-15,true,true,11,0.129,7.1e-15,true,true,11,0.129,7.1e-15,true,true,11,0.129,7.1e-15,true,true,hc,0.129,false,,0,,NaN,NaN,NaN
base,1.0000,emt,power,"fault bus 10 xf=0.005 clear@0.1",10,0.005,0.1,0.213,0.213,ok,0.909,2.7e-15,ok,0.858,7.1e-15,fail,NaN,NaN,false,true,2,0.277,1.3e-15,true,true,0,0.277,6.7e-16,true,true,8,0.277,3.2e-12,true,true,8,0.277,3.3e-12,true,true,8,0.277,2.5e-11,true,true,hc,0.277,false,,0,,NaN,NaN,NaN
base,1.0000,emt,power,"fault bus 10 xf=0.02 clear@0.1",10,0.02,0.1,0.531,0.531,ok,0.943,2.0e-15,ok,0.912,1.8e-15,fail,NaN,NaN,false,true,2,0.569,2.2e-15,true,true,0,0.569,3.6e-15,true,true,7,0.569,2.2e-15,true,true,7,0.569,2.2e-15,true,true,7,0.569,1.0e-15,true,true,hc,0.569,false,,0,,NaN,NaN,NaN
base,1.0000,emt,power,"fault bus 11 xf=0.001 clear@0.1",11,0.001,0.1,0.051,0.051,ok,0.894,2.8e-15,fail,NaN,NaN,fail,NaN,NaN,false,true,2,0.126,8.9e-16,true,true,0,0.126,8.9e-16,true,true,11,0.126,8.9e-16,true,true,11,0.126,7.1e-15,true,true,11,0.126,8.9e-16,true,true,prefault_v,0.126,false,,0,,NaN,NaN,NaN
base,1.0000,emt,power,"fault bus 11 xf=0.005 clear@0.1",11,0.005,0.1,0.212,0.212,ok,0.911,2.1e-15,ok,0.861,3.6e-15,fail,NaN,NaN,false,true,2,0.274,9.3e-16,true,true,0,0.274,9.3e-16,true,true,8,0.274,4.1e-12,true,true,8,0.274,4.3e-12,true,true,8,0.274,2.7e-11,true,true,flat,0.274,false,,0,,NaN,NaN,NaN
base,1.0000,emt,power,"fault bus 11 xf=0.02 clear@0.1",11,0.02,0.1,0.529,0.529,ok,0.944,9.3e-16,ok,0.915,1.8e-15,fail,NaN,NaN,false,true,2,0.566,3.6e-15,true,true,0,0.566,1.8e-15,true,true,7,0.566,3.6e-15,true,true,7,0.566,8.9e-16,true,true,7,0.566,1.3e-15,true,true,hc,0.566,false,,0,,NaN,NaN,NaN
base,1.0000,emt,power,"fault bus 12 xf=0.001 clear@0.1",12,0.001,0.1,0.025,0.025,ok,0.943,7.3e-14,spurious,0.000,2.5e+01,spurious,0.000,2.5e+01,true,true,6,0.000,2.5e+01,false,true,0,0.583,7.1e-15,true,true,8,0.583,3.9e-12,true,true,8,0.583,3.4e-12,true,true,8,0.583,2.5e-11,true,true,hc,0.583,true,spurious,12,newton_run_failed(exception),NaN,1.025,NaN
base,1.0000,emt,power,"fault bus 12 xf=0.005 clear@0.1",12,0.005,0.1,0.116,0.116,ok,0.948,1.8e-15,spurious,0.000,2.3e+01,spurious,0.000,2.3e+01,true,true,6,0.000,2.3e+01,false,true,0,0.625,3.6e-15,true,true,7,0.625,3.9e-14,true,true,7,0.625,3.9e-14,true,true,7,0.625,6.1e-13,true,true,hc,0.625,true,spurious,12,newton_run_failed(exception),NaN,1.027,NaN
base,1.0000,emt,power,"fault bus 12 xf=0.02 clear@0.1",12,0.02,0.1,0.349,0.349,ok,0.961,2.2e-15,ok,0.906,1.8e-15,fail,NaN,NaN,false,true,7,0.000,1.8e+01,false,true,0,0.731,1.8e-15,true,true,5,0.731,5.9e-12,true,true,5,0.731,1.1e-14,true,true,5,0.731,8.1e-12,true,true,flat,0.731,true,spurious,12,newton_run_failed(exception),NaN,1.032,NaN
base,1.0000,emt,power,"fault bus 13 xf=0.001 clear@0.1",13,0.001,0.1,0.049,0.049,ok,0.893,1.7e-14,fail,NaN,NaN,fail,NaN,NaN,false,true,2,0.136,2.2e-15,true,true,0,0.136,2.0e-15,true,true,11,0.136,1.8e-15,true,true,11,0.136,1.3e-15,true,true,11,0.136,2.7e-15,true,true,flat_angle,0.136,false,,0,,NaN,NaN,NaN
base,1.0000,emt,power,"fault bus 13 xf=0.005 clear@0.1",13,0.005,0.1,0.208,0.208,ok,0.908,2.7e-15,ok,0.854,3.6e-15,fail,NaN,NaN,false,true,2,0.279,7.1e-15,true,true,0,0.279,7.1e-15,true,true,8,0.279,8.2e-12,true,true,8,0.279,8.7e-12,true,true,9,0.279,7.1e-15,true,true,flat,0.279,false,,0,,NaN,NaN,NaN
base,1.0000,emt,power,"fault bus 13 xf=0.02 clear@0.1",13,0.02,0.1,0.523,0.523,ok,0.941,3.5e-15,ok,0.909,1.8e-15,fail,NaN,NaN,false,true,2,0.567,1.8e-15,true,true,0,0.567,1.8e-15,true,true,7,0.567,1.3e-15,true,true,7,0.567,1.8e-15,true,true,7,0.567,8.9e-16,true,true,flat,0.567,false,,0,,NaN,NaN,NaN
base,1.0000,emt,power,"fault bus 14 xf=0.001 clear@0.1",14,0.001,0.1,0.054,0.054,ok,0.879,1.3e-13,fail,NaN,NaN,fail,NaN,NaN,false,true,2,0.233,7.1e-15,true,true,0,0.233,9.9e-16,true,true,11,0.233,7.1e-15,true,true,11,0.233,9.9e-16,true,true,11,0.233,9.9e-16,true,true,hc,0.233,false,,0,,NaN,NaN,NaN
base,1.0000,emt,power,"fault bus 14 xf=0.005 clear@0.1",14,0.005,0.1,0.222,0.222,ok,0.897,1.8e-15,ok,0.808,3.6e-15,fail,NaN,NaN,false,true,2,0.372,7.1e-15,true,true,0,0.372,7.1e-15,true,true,8,0.372,1.7e-12,true,true,8,0.372,2.6e-12,true,true,8,0.372,5.1e-12,true,true,hc,0.372,false,,0,,NaN,NaN,NaN
base,1.0000,emt,power,"fault bus 14 xf=0.02 clear@0.1",14,0.02,0.1,0.543,0.543,ok,0.934,2.7e-15,ok,0.888,1.8e-15,fail,NaN,NaN,false,true,2,0.638,1.3e-15,true,true,0,0.638,1.3e-15,true,true,7,0.638,1.1e-15,true,true,7,0.638,1.3e-15,true,true,7,0.638,1.8e-15,true,true,hc,0.638,false,,0,,NaN,NaN,NaN
base,1.0000,emt,power,"fault bus 15 xf=0.001 clear@0.1",15,0.001,0.1,0.054,0.054,ok,0.872,2.7e-15,fail,NaN,NaN,fail,NaN,NaN,false,true,6,0.000,5.4e+01,false,true,0,0.399,7.1e-15,true,true,8,0.399,7.1e-15,true,true,8,0.399,3.6e-15,true,true,8,0.399,1.8e-15,true,true,hc,0.399,true,spurious,15,newton_run_failed(exception),NaN,1.008,NaN
base,1.0000,emt,power,"fault bus 15 xf=0.005 clear@0.1",15,0.005,0.1,0.224,0.224,ok,0.887,1.8e-15,ok,0.780,1.8e-14,fail,NaN,NaN,false,true,7,0.000,4.5e+01,false,true,0,0.511,7.1e-15,true,true,6,0.511,1.3e-13,true,true,6,0.511,4.3e-14,true,true,6,0.511,1.8e-12,true,true,flat_angle,0.511,true,spurious,15,newton_run_failed(exception),NaN,1.012,NaN
base,1.0000,emt,power,"fault bus 15 xf=0.02 clear@0.1",15,0.02,0.1,0.541,0.541,ok,0.923,5.0e-14,ok,0.861,1.8e-15,lowV,0.410,3.6e-15,true,true,8,0.721,2.1e-14,true,true,0,0.721,1.1e-14,true,true,6,0.721,3.6e-15,true,true,5,0.721,2.6e-11,true,true,5,0.721,4.3e-10,true,true,prefault_v,0.721,false,,0,,NaN,NaN,NaN
base,1.0000,emt,power,"fault bus 16 xf=0.001 clear@0.1",16,0.001,0.1,0.071,0.071,ok,0.869,2.0e-13,fail,NaN,NaN,fail,NaN,NaN,false,true,6,0.000,7.0e+01,false,true,0,0.122,1.4e-14,true,true,8,0.122,1.4e-14,true,true,8,0.122,1.4e-14,true,true,8,0.122,1.4e-14,true,true,flat_angle,0.122,true,spurious,16,newton_run_failed(exception),NaN,1.011,NaN
base,1.0000,emt,power,"fault bus 16 xf=0.005 clear@0.1",16,0.005,0.1,0.277,0.277,ok,0.884,1.8e-15,fail,NaN,NaN,fail,NaN,NaN,false,true,7,0.000,5.5e+01,false,true,0,0.318,7.1e-15,true,true,6,0.318,3.6e-14,true,true,6,0.318,2.1e-14,true,true,6,0.318,1.8e-15,true,true,flat,0.318,true,spurious,16,newton_run_failed(exception),NaN,1.017,NaN
base,1.0000,emt,power,"fault bus 16 xf=0.02 clear@0.1",16,0.02,0.1,0.617,0.617,ok,0.917,8.9e-15,ok,0.820,3.3e-12,lowV,0.591,3.2e-12,true,true,13,0.000,3.1e+01,false,true,0,0.642,7.1e-15,true,true,6,0.642,7.1e-15,true,true,6,0.642,3.6e-15,true,true,6,0.642,3.6e-15,true,true,flat,0.642,true,spurious,16,newton_run_failed(exception),NaN,1.027,NaN
base,1.0000,emt,power,"fault bus 17 xf=0.001 clear@0.1",17,0.001,0.1,0.063,0.063,ok,0.854,2.0e-15,fail,NaN,NaN,fail,NaN,NaN,false,true,2,0.207,1.1e-15,true,true,0,0.207,1.1e-15,true,true,10,0.207,2.4e-12,true,true,10,0.207,2.6e-11,true,true,10,0.207,2.0e-12,true,true,hc,0.207,false,,0,,NaN,NaN,NaN
base,1.0000,emt,power,"fault bus 17 xf=0.005 clear@0.1",17,0.005,0.1,0.252,0.252,ok,0.874,1.8e-15,ok,0.691,4.4e-15,fail,NaN,NaN,false,true,2,0.366,1.8e-15,true,true,0,0.366,1.8e-15,true,true,8,0.366,1.4e-14,true,true,8,0.366,1.4e-14,true,true,8,0.366,5.7e-14,true,true,hc,0.366,false,,0,,NaN,NaN,NaN
base,1.0000,emt,power,"fault bus 17 xf=0.02 clear@0.1",17,0.02,0.1,0.585,0.585,ok,0.916,2.7e-15,ok,0.837,2.7e-15,fail,NaN,NaN,false,true,2,0.647,3.6e-15,true,true,0,0.647,8.9e-16,true,true,7,0.647,1.8e-15,true,true,6,0.647,2.8e-11,true,true,7,0.647,1.8e-15,true,true,flat_angle,0.647,false,,0,,NaN,NaN,NaN
base,1.0000,emt,power,"fault bus 18 xf=0.001 clear@0.1",18,0.001,0.1,0.056,0.056,ok,0.863,3.6e-15,fail,NaN,NaN,fail,NaN,NaN,false,true,6,0.000,5.5e+01,false,true,0,0.313,1.4e-14,true,true,8,0.313,2.8e-14,true,true,8,0.313,1.4e-14,true,true,8,0.313,1.4e-14,true,true,hc,0.313,true,spurious,18,newton_run_failed(exception),NaN,1.014,NaN
base,1.0000,emt,power,"fault bus 18 xf=0.005 clear@0.1",18,0.005,0.1,0.228,0.228,ok,0.882,3.6e-15,ok,0.782,3.8e-13,fail,NaN,NaN,false,true,7,0.000,4.6e+01,false,true,0,0.442,1.8e-15,true,true,6,0.442,1.2e-12,true,true,6,0.442,9.2e-14,true,true,6,0.442,3.0e-13,true,true,prefault_v,0.442,true,spurious,18,newton_run_failed(exception),NaN,1.016,NaN
base,1.0000,emt,power,"fault bus 18 xf=0.02 clear@0.1",18,0.02,0.1,0.550,0.550,ok,0.923,1.8e-15,ok,0.866,1.8e-15,fail,NaN,NaN,false,true,10,0.000,2.7e+01,false,true,0,0.681,1.1e-14,true,true,6,0.681,1.8e-15,true,true,6,0.681,1.1e-14,true,true,5,0.681,9.5e-10,true,true,prefault_v,0.681,true,spurious,18,newton_run_failed(exception),NaN,1.020,NaN
base,1.0000,emt,power,"fault bus 19 xf=0.001 clear@0.1",19,0.001,0.1,0.050,0.050,ok,0.924,2.7e-15,fail,NaN,NaN,fail,NaN,NaN,false,true,2,0.153,1.5e-15,true,true,0,0.153,1.8e-15,true,true,11,0.153,2.0e-15,true,true,11,0.153,1.5e-15,true,true,11,0.153,7.1e-15,true,true,hc,0.153,false,,0,,NaN,NaN,NaN
base,1.0000,emt,power,"fault bus 19 xf=0.005 clear@0.1",19,0.005,0.1,0.211,0.211,ok,0.938,3.8e-14,fail,NaN,NaN,fail,NaN,NaN,false,true,2,0.283,7.1e-15,true,true,0,0.283,7.1e-15,true,true,8,0.283,5.7e-12,true,true,8,0.283,6.3e-12,true,true,9,0.283,1.2e-15,true,true,hc,0.283,false,,0,,NaN,NaN,NaN
base,1.0000,emt,power,"fault bus 19 xf=0.02 clear@0.1",19,0.02,0.1,0.528,0.528,ok,0.966,2.7e-15,ok,0.819,2.7e-15,fail,NaN,NaN,false,true,2,0.547,8.9e-16,true,true,0,0.547,8.9e-16,true,true,7,0.547,8.9e-16,true,true,7,0.547,8.9e-16,true,true,7,0.547,1.0e-15,true,true,flat_angle,0.547,false,,0,,NaN,NaN,NaN
base,1.0000,emt,power,"fault bus 20 xf=0.001 clear@0.1",20,0.001,0.1,0.036,0.036,fail,NaN,NaN,fail,NaN,NaN,spurious,0.000,3.6e+01,true,true,6,0.000,3.6e+01,false,true,0,0.204,1.4e-14,true,true,8,0.204,1.7e-12,true,true,8,0.204,1.2e-12,true,true,8,0.204,8.8e-12,true,true,hc,0.204,true,spurious,20,newton_run_failed(exception),NaN,0.967,NaN
base,1.0000,emt,power,"fault bus 20 xf=0.005 clear@0.1",20,0.005,0.1,0.158,0.158,ok,0.953,2.7e-15,fail,NaN,NaN,spurious,0.000,3.2e+01,true,true,7,0.000,3.2e+01,false,true,0,0.304,1.1e-14,true,true,7,0.304,1.8e-15,true,true,7,0.304,1.1e-14,true,true,7,0.304,1.1e-14,true,true,flat_angle,0.304,true,spurious,20,newton_run_failed(exception),NaN,0.970,NaN
base,1.0000,emt,power,"fault bus 20 xf=0.02 clear@0.1",20,0.02,0.1,0.426,0.426,ok,0.972,1.9e-15,ok,0.827,3.6e-15,fail,NaN,NaN,false,true,8,0.000,2.2e+01,false,true,0,0.529,7.1e-15,true,true,5,0.529,9.2e-14,true,true,5,0.529,3.6e-15,true,true,6,0.529,1.1e-14,true,true,flat,0.529,true,spurious,20,newton_run_failed(exception),NaN,0.980,NaN
base,1.0000,emt,power,"fault bus 21 xf=0.001 clear@0.1",21,0.001,0.1,0.050,0.050,ok,0.877,3.6e-15,fail,NaN,NaN,fail,NaN,NaN,false,true,6,0.000,5.0e+01,false,true,0,0.357,7.1e-15,true,true,8,0.357,8.9e-16,true,true,8,0.357,1.4e-14,true,true,8,0.357,1.3e-15,true,true,hc,0.357,true,spurious,21,newton_run_failed(exception),NaN,1.010,NaN
base,1.0000,emt,power,"fault bus 21 xf=0.005 clear@0.1",21,0.005,0.1,0.210,0.210,ok,0.891,1.8e-15,ok,0.790,4.0e-13,fail,NaN,NaN,false,true,7,0.000,4.2e+01,false,true,0,0.470,1.4e-14,true,true,6,0.470,5.0e-13,true,true,6,0.470,4.7e-13,true,true,6,0.470,7.2e-12,true,true,prefault_v,0.470,true,spurious,21,newton_run_failed(exception),NaN,1.014,NaN
base,1.0000,emt,power,"fault bus 21 xf=0.02 clear@0.1",21,0.02,0.1,0.523,0.523,ok,0.925,8.9e-15,ok,0.864,5.3e-15,ok,0.774,1.8e-15,false,true,10,0.691,1.4e-14,true,true,0,0.691,3.6e-15,true,true,5,0.691,2.7e-10,true,true,5,0.691,2.6e-11,true,true,6,0.691,3.6e-15,true,true,hc,0.691,false,,0,,NaN,NaN,NaN
base,1.0000,emt,power,"fault bus 22 xf=0.001 clear@0.1",22,0.001,0.1,0.052,0.052,ok,0.864,2.7e-15,ok,0.761,2.7e-15,fail,NaN,NaN,false,true,2,0.225,1.8e-15,true,true,0,0.225,2.1e-15,true,true,11,0.225,2.1e-15,true,true,11,0.225,1.5e-15,true,true,11,0.225,2.1e-15,true,true,flat_angle,0.225,false,,0,,NaN,NaN,NaN
base,1.0000,emt,power,"fault bus 22 xf=0.005 clear@0.1",22,0.005,0.1,0.217,0.217,ok,0.884,3.6e-15,ok,0.798,1.1e-12,fail,NaN,NaN,false,true,2,0.359,1.8e-15,true,true,0,0.359,7.1e-15,true,true,8,0.359,3.1e-12,true,true,8,0.359,3.7e-12,true,true,8,0.359,1.9e-11,true,true,hc,0.359,false,,0,,NaN,NaN,NaN
base,1.0000,emt,power,"fault bus 22 xf=0.02 clear@0.1",22,0.02,0.1,0.537,0.537,ok,0.925,1.4e-15,ok,0.872,1.5e-12,ok,0.688,3.6e-15,false,true,2,0.623,1.3e-15,true,true,0,0.623,1.3e-15,true,true,7,0.623,8.9e-16,true,true,7,0.623,8.9e-16,true,true,7,0.623,3.6e-15,true,true,flat_angle,0.623,false,,0,,NaN,NaN,NaN
base,1.0000,emt,power,"fault bus 23 xf=0.001 clear@0.1",23,0.001,0.1,0.049,0.049,ok,0.868,1.4e-13,fail,NaN,NaN,spurious,0.000,4.9e+01,true,true,6,0.000,4.9e+01,false,true,0,0.278,1.3e-15,true,true,8,0.278,1.4e-14,true,true,8,0.278,1.3e-15,true,true,8,0.278,2.3e-15,true,true,hc,0.278,true,spurious,23,newton_run_failed(exception),NaN,1.009,NaN
base,1.0000,emt,power,"fault bus 23 xf=0.005 clear@0.1",23,0.005,0.1,0.206,0.206,ok,0.887,1.8e-15,ok,0.803,1.8e-14,fail,NaN,NaN,false,true,7,0.000,4.1e+01,false,true,0,0.400,2.8e-14,true,true,6,0.400,4.2e-13,true,true,6,0.400,6.6e-13,true,true,6,0.400,7.8e-12,true,true,prefault_v,0.400,true,spurious,23,newton_run_failed(exception),NaN,1.015,NaN
base,1.0000,emt,power,"fault bus 23 xf=0.02 clear@0.1",23,0.02,0.1,0.519,0.519,ok,0.925,1.9e-15,ok,0.874,2.2e-15,ok,0.775,1.8e-12,false,true,11,0.000,2.6e+01,false,true,0,0.645,1.1e-14,true,true,6,0.645,7.1e-15,true,true,6,0.645,1.1e-14,true,true,5,0.645,1.9e-09,true,true,prefault_v,0.645,true,spurious,23,newton_run_failed(exception),NaN,1.028,NaN
base,1.0000,emt,power,"fault bus 24 xf=0.001 clear@0.1",24,0.001,0.1,0.055,0.055,ok,0.861,2.5e-14,fail,NaN,NaN,spurious,0.000,5.4e+01,true,true,6,0.000,5.4e+01,false,true,0,0.311,2.8e-14,true,true,8,0.311,1.4e-14,true,true,8,0.311,7.1e-15,true,true,8,0.311,2.8e-14,true,true,flat_angle,0.311,true,spurious,24,newton_run_failed(exception),NaN,1.019,NaN
base,1.0000,emt,power,"fault bus 24 xf=0.005 clear@0.1",24,0.005,0.1,0.227,0.227,ok,0.877,3.1e-15,ok,0.684,5.4e-14,fail,NaN,NaN,false,true,7,0.000,4.5e+01,false,true,0,0.438,1.4e-14,true,true,6,0.438,7.2e-13,true,true,6,0.438,4.1e-13,true,true,6,0.438,6.8e-12,true,true,flat_angle,0.438,true,spurious,24,newton_run_failed(exception),NaN,1.023,NaN
base,1.0000,emt,power,"fault bus 24 xf=0.02 clear@0.1",24,0.02,0.1,0.552,0.552,ok,0.913,1.6e-13,ok,0.806,1.8e-15,fail,NaN,NaN,false,true,9,0.678,2.2e-13,true,true,0,0.678,7.1e-15,true,true,6,0.678,7.1e-15,true,true,5,0.678,9.5e-11,true,true,6,0.678,1.4e-14,true,true,prefault_v,0.678,false,,0,,NaN,NaN,NaN
base,1.0000,emt,power,"fault bus 25 xf=0.001 clear@0.1",25,0.001,0.1,0.058,0.058,ok,0.893,1.8e-15,spurious,0.000,5.8e+01,spurious,0.000,5.8e+01,true,true,6,0.000,5.8e+01,false,true,0,0.332,7.1e-15,true,true,8,0.332,7.1e-15,true,true,8,0.332,7.1e-15,true,true,8,0.332,7.1e-15,true,true,hc,0.332,true,spurious,25,newton_run_failed(exception),NaN,1.039,NaN
base,1.0000,emt,power,"fault bus 25 xf=0.005 clear@0.1",25,0.005,0.1,0.238,0.238,ok,0.912,2.7e-15,ok,0.728,7.1e-15,fail,NaN,NaN,false,true,7,0.000,4.8e+01,false,true,0,0.457,2.1e-14,true,true,6,0.457,7.1e-15,true,true,6,0.457,1.8e-15,true,true,6,0.457,7.1e-14,true,true,hc,0.457,true,spurious,25,newton_run_failed(exception),NaN,1.040,NaN
base,1.0000,emt,power,"fault bus 25 xf=0.02 clear@0.1",25,0.02,0.1,0.568,0.568,ok,0.948,1.8e-15,ok,0.813,4.4e-15,ok,0.636,3.6e-15,false,true,10,0.000,2.9e+01,false,true,0,0.686,7.1e-15,true,true,6,0.686,1.1e-14,true,true,6,0.686,1.1e-14,true,true,5,0.686,4.7e-11,true,true,hc,0.686,true,spurious,25,newton_run_failed(exception),NaN,1.041,NaN
base,1.0000,emt,power,"fault bus 26 xf=0.001 clear@0.1",26,0.001,0.1,0.046,0.046,ok,0.891,3.6e-15,fail,NaN,NaN,spurious,0.000,4.6e+01,true,true,6,0.000,4.6e+01,false,true,0,0.298,3.6e-15,true,true,10,0.298,3.6e-15,true,true,9,0.298,4.8e-11,true,true,9,0.298,2.8e-13,true,true,hc,0.298,true,spurious,26,newton_run_failed(exception),NaN,1.042,NaN
base,1.0000,emt,power,"fault bus 26 xf=0.005 clear@0.1",26,0.005,0.1,0.196,0.196,ok,0.906,2.7e-15,ok,0.737,3.6e-15,fail,NaN,NaN,false,true,9,0.000,3.9e+01,false,true,0,0.408,7.1e-15,true,true,8,0.408,7.1e-15,true,true,8,0.408,7.1e-15,true,true,8,0.408,7.1e-15,true,true,prefault_v,0.408,true,spurious,26,newton_run_failed(exception),NaN,1.043,NaN
base,1.0000,emt,power,"fault bus 26 xf=0.02 clear@0.1",26,0.02,0.1,0.504,0.504,ok,0.938,1.3e-13,ok,0.843,1.8e-14,fail,NaN,NaN,false,true,7,0.635,3.6e-15,true,true,0,0.635,1.8e-15,true,true,7,0.635,2.3e-13,true,true,7,0.635,7.1e-15,true,true,6,0.635,1.3e-11,true,true,flat,0.635,false,,0,,NaN,NaN,NaN
base,1.0000,emt,power,"fault bus 27 xf=0.001 clear@0.1",27,0.001,0.1,0.045,0.045,ok,0.883,2.7e-15,spurious,0.000,4.5e+01,spurious,0.000,4.5e+01,true,true,6,0.000,4.5e+01,false,true,0,0.337,1.5e-15,true,true,8,0.337,1.8e-15,true,true,8,0.337,2.1e-15,true,true,8,0.337,1.4e-14,true,true,flat,0.337,true,spurious,27,newton_run_failed(exception),NaN,1.030,NaN
base,1.0000,emt,power,"fault bus 27 xf=0.005 clear@0.1",27,0.005,0.1,0.193,0.193,ok,0.898,1.8e-15,fail,NaN,NaN,fail,NaN,NaN,false,true,7,0.000,3.9e+01,false,true,0,0.443,7.1e-15,true,true,6,0.443,6.9e-11,true,true,6,0.443,2.2e-11,true,true,7,0.443,1.4e-14,true,true,flat_angle,0.443,true,spurious,27,newton_run_failed(exception),NaN,1.031,NaN
base,1.0000,emt,power,"fault bus 27 xf=0.02 clear@0.1",27,0.02,0.1,0.495,0.495,ok,0.931,1.8e-15,ok,0.707,3.6e-15,fail,NaN,NaN,false,true,9,0.000,2.5e+01,false,true,0,0.662,1.1e-14,true,true,6,0.662,7.1e-15,true,true,5,0.662,2.0e-12,true,true,5,0.662,5.6e-13,true,true,prefault_v,0.662,true,spurious,27,newton_run_failed(exception),NaN,1.033,NaN
base,1.0000,emt,power,"fault bus 28 xf=0.001 clear@0.1",28,0.001,0.1,0.030,0.030,ok,0.939,1.9e-15,fail,NaN,NaN,spurious,0.000,3.0e+01,true,true,5,0.000,3.0e+01,false,true,0,0.318,3.6e-15,true,true,8,0.318,9.8e-12,true,true,8,0.318,1.3e-11,true,true,8,0.318,1.1e-11,true,true,flat,0.318,true,spurious,28,newton_run_failed(exception),NaN,1.041,NaN
base,1.0000,emt,power,"fault bus 28 xf=0.005 clear@0.1",28,0.005,0.1,0.135,0.135,ok,0.946,2.2e-15,fail,NaN,NaN,fail,NaN,NaN,false,true,6,0.000,2.7e+01,false,true,0,0.393,1.1e-14,true,true,7,0.393,2.5e-14,true,true,7,0.393,1.8e-14,true,true,7,0.393,1.8e-14,true,true,hc,0.393,true,spurious,28,newton_run_failed(exception),NaN,1.042,NaN
base,1.0000,emt,power,"fault bus 28 xf=0.02 clear@0.1",28,0.02,0.1,0.390,0.390,ok,0.961,2.0e-15,ok,0.822,3.6e-15,fail,NaN,NaN,false,true,8,0.000,2.0e+01,false,true,0,0.577,3.6e-15,true,true,6,0.577,1.1e-15,true,true,6,0.577,3.6e-15,true,true,5,0.577,5.9e-10,true,true,prefault_v,0.577,true,spurious,28,newton_run_failed(exception),NaN,1.046,NaN
base,1.0000,emt,power,"fault bus 29 xf=0.001 clear@0.1",29,0.001,0.1,0.036,0.036,ok,0.934,1.8e-15,spurious,0.000,3.6e+01,spurious,0.000,3.6e+01,true,true,6,0.000,3.6e+01,false,true,0,0.159,3.6e-15,true,true,8,0.159,7.1e-15,true,true,8,0.159,3.6e-14,true,true,8,0.159,2.8e-14,true,true,flat_angle,0.159,true,spurious,29,newton_run_failed(exception),NaN,1.036,NaN
base,1.0000,emt,power,"fault bus 29 xf=0.005 clear@0.1",29,0.005,0.1,0.160,0.160,ok,0.942,1.5e-13,fail,NaN,NaN,fail,NaN,NaN,false,true,6,0.000,3.2e+01,false,true,0,0.265,1.8e-15,true,true,7,0.265,7.1e-15,true,true,7,0.265,7.1e-15,true,true,7,0.265,1.4e-14,true,true,hc,0.265,true,spurious,29,newton_run_failed(exception),NaN,1.038,NaN
base,1.0000,emt,power,"fault bus 29 xf=0.02 clear@0.1",29,0.02,0.1,0.437,0.437,ok,0.960,1.8e-15,ok,0.868,1.8e-15,fail,NaN,NaN,false,true,8,0.000,2.3e+01,false,true,0,0.509,7.1e-15,true,true,6,0.509,2.7e-15,true,true,5,0.509,8.8e-11,true,true,5,0.509,6.4e-15,true,true,flat_angle,0.509,true,spurious,29,newton_run_failed(exception),NaN,1.044,NaN
base,1.0000,emt,power,"fault bus 30 xf=0.001 clear@0.1",30,0.001,0.1,0.060,0.060,ok,0.841,7.9e-14,ok,0.733,1.2e-14,ok,0.687,2.9e-11,false,true,2,0.547,6.5e-15,true,true,0,0.547,3.0e-15,true,true,6,0.547,1.8e-15,true,true,5,0.547,4.4e-12,true,true,5,0.547,1.4e-11,true,true,prefault_v,0.547,false,,0,,NaN,NaN,NaN
base,1.0000,emt,power,"fault bus 30 xf=0.005 clear@0.1",30,0.005,0.1,0.243,0.243,ok,0.873,7.1e-15,ok,0.786,1.9e-13,ok,0.753,1.8e-15,false,true,2,0.641,1.1e-15,true,true,0,0.641,2.8e-15,true,true,6,0.641,3.8e-15,true,true,5,0.641,9.0e-11,true,true,5,0.641,7.4e-10,true,true,prefault_v,0.641,false,,0,,NaN,NaN,NaN
base,1.0000,emt,power,"fault bus 30 xf=0.02 clear@0.1",30,0.02,0.1,0.571,0.571,ok,0.931,2.7e-15,ok,0.881,1.8e-15,ok,0.865,9.8e-15,false,true,2,0.807,9.7e-16,true,true,0,0.807,8.9e-16,true,true,5,0.807,3.0e-12,true,true,4,0.807,4.4e-11,true,true,4,0.807,8.2e-10,true,true,prefault_v,0.807,false,,0,,NaN,NaN,NaN
base,1.0000,emt,power,"fault bus 31 xf=0.001 clear@0.1",31,0.001,0.1,0.037,0.037,ok,0.938,2.5e-15,ok,0.747,1.8e-15,ok,0.625,2.0e-15,false,true,5,0.553,2.1e-15,true,true,0,0.553,2.1e-15,true,true,6,0.553,2.1e-15,true,true,5,0.553,5.5e-13,true,true,5,0.553,5.7e-12,true,true,prefault_v,0.553,false,,0,,NaN,NaN,NaN
base,1.0000,emt,power,"fault bus 31 xf=0.005 clear@0.1",31,0.005,0.1,0.162,0.162,ok,0.947,2.7e-15,ok,0.783,2.9e-15,ok,0.686,2.7e-15,false,true,5,0.616,1.7e-15,true,true,0,0.616,1.8e-15,true,true,6,0.616,6.2e-15,true,true,5,0.616,5.8e-11,true,true,5,0.616,2.1e-10,true,true,prefault_v,0.616,false,,0,,NaN,NaN,NaN
base,1.0000,emt,power,"fault bus 31 xf=0.02 clear@0.1",31,0.02,0.1,0.439,0.439,ok,0.965,2.7e-15,ok,0.862,3.4e-15,ok,0.795,1.8e-15,false,true,4,0.757,1.1e-12,true,true,0,0.757,8.9e-16,true,true,5,0.757,4.3e-10,true,true,5,0.757,1.9e-14,true,true,5,0.757,2.5e-13,true,true,hc,0.757,false,,0,,NaN,NaN,NaN
base,1.0000,emt,power,"fault bus 32 xf=0.001 clear@0.1",32,0.001,0.1,0.038,0.038,ok,0.928,3.9e-15,ok,0.726,3.2e-15,ok,0.595,4.5e-15,false,true,2,0.508,3.6e-15,true,true,0,0.508,2.2e-15,true,true,6,0.508,1.4e-15,true,true,5,0.508,5.0e-12,true,true,5,0.508,2.7e-11,true,true,prefault_v,0.508,false,,0,,NaN,NaN,NaN
base,1.0000,emt,power,"fault bus 32 xf=0.005 clear@0.1",32,0.005,0.1,0.165,0.165,ok,0.938,1.8e-15,ok,0.764,6.0e-13,ok,0.667,2.7e-15,false,true,2,0.578,1.8e-15,true,true,0,0.578,1.6e-15,true,true,6,0.578,3.2e-14,true,true,5,0.578,6.0e-11,true,true,5,0.578,3.2e-10,true,true,prefault_v,0.578,false,,0,,NaN,NaN,NaN
base,1.0000,emt,power,"fault bus 32 xf=0.02 clear@0.1",32,0.02,0.1,0.446,0.446,ok,0.960,1.0e-14,ok,0.847,4.3e-13,ok,0.792,1.8e-15,false,true,2,0.734,8.9e-16,true,true,0,0.734,1.8e-15,true,true,5,0.734,1.6e-10,true,true,5,0.734,7.4e-14,true,true,5,0.734,1.8e-12,true,true,flat,0.734,false,,0,,NaN,NaN,NaN
base,1.0000,emt,power,"fault bus 33 xf=0.001 clear@0.1",33,0.001,0.1,0.049,0.049,ok,0.858,1.3e-13,ok,0.519,4.5e-15,ok,0.431,2.1e-15,false,true,2,0.385,1.8e-15,true,true,0,0.385,2.0e-15,true,true,6,0.385,4.6e-15,true,true,6,0.385,1.7e-15,true,true,6,0.385,1.7e-14,true,true,prefault_v,0.385,false,,0,,NaN,NaN,NaN
base,1.0000,emt,power,"fault bus 33 xf=0.005 clear@0.1",33,0.005,0.1,0.204,0.204,ok,0.886,3.5e-15,ok,0.601,3.2e-15,ok,0.527,1.7e-12,false,true,2,0.493,1.8e-15,true,true,0,0.493,1.8e-15,true,true,5,0.493,1.6e-10,true,true,5,0.493,2.8e-11,true,true,5,0.493,1.6e-10,true,true,prefault_v,0.493,false,,0,,NaN,NaN,NaN
base,1.0000,emt,power,"fault bus 33 xf=0.02 clear@0.1",33,0.02,0.1,0.510,0.510,ok,0.934,1.6e-13,ok,0.761,2.2e-14,ok,0.716,3.9e-13,false,true,2,0.697,8.9e-16,true,true,0,0.697,1.9e-15,true,true,5,0.697,7.1e-12,true,true,5,0.697,1.2e-12,true,true,5,0.697,1.5e-12,true,true,hc,0.697,false,,0,,NaN,NaN,NaN
base,1.0000,emt,power,"fault bus 34 xf=0.001 clear@0.1",34,0.001,0.1,0.027,0.027,ok,0.899,2.1e-15,ok,0.737,3.6e-15,ok,0.386,3.5e-12,false,true,2,0.353,2.7e-15,true,true,0,0.353,1.7e-15,true,true,5,0.353,4.6e-13,true,true,5,0.353,3.6e-15,true,true,5,0.353,7.6e-15,true,true,hc,0.353,false,,0,,NaN,NaN,NaN
base,1.0000,emt,power,"fault bus 34 xf=0.005 clear@0.1",34,0.005,0.1,0.122,0.122,ok,0.911,2.2e-15,ok,0.764,1.7e-15,ok,0.456,2.0e-11,false,true,2,0.413,2.5e-15,true,true,0,0.413,2.5e-15,true,true,5,0.413,3.4e-13,true,true,5,0.413,1.8e-15,true,true,5,0.413,1.8e-15,true,true,flat_angle,0.413,false,,0,,NaN,NaN,NaN
base,1.0000,emt,power,"fault bus 34 xf=0.02 clear@0.1",34,0.02,0.1,0.359,0.359,ok,0.939,1.8e-15,ok,0.830,1.8e-15,ok,0.635,2.0e-15,false,true,2,0.567,1.7e-15,true,true,0,0.567,1.7e-15,true,true,5,0.567,2.2e-13,true,true,5,0.567,1.8e-15,true,true,5,0.567,2.2e-15,true,true,flat_angle,0.567,false,,0,,NaN,NaN,NaN
base,1.0000,emt,power,"fault bus 35 xf=0.001 clear@0.1",35,0.001,0.1,0.046,0.046,ok,0.853,1.1e-12,ok,0.710,6.9e-14,ok,0.562,2.7e-15,false,true,2,0.383,3.6e-15,true,true,0,0.383,1.8e-15,true,true,6,0.383,5.5e-15,true,true,6,0.383,3.3e-15,true,true,6,0.383,2.7e-14,true,true,prefault_v,0.383,false,,0,,NaN,NaN,NaN
base,1.0000,emt,power,"fault bus 35 xf=0.005 clear@0.1",35,0.005,0.1,0.197,0.197,ok,0.883,4.4e-15,ok,0.762,5.2e-15,ok,0.663,2.4e-15,false,true,2,0.482,1.8e-15,true,true,0,0.482,1.9e-15,true,true,6,0.482,2.7e-15,true,true,5,0.482,7.7e-11,true,true,5,0.482,3.6e-10,true,true,prefault_v,0.482,false,,0,,NaN,NaN,NaN
base,1.0000,emt,power,"fault bus 35 xf=0.02 clear@0.1",35,0.02,0.1,0.507,0.507,ok,0.934,2.7e-15,ok,0.870,6.2e-13,ok,0.803,1.9e-15,false,true,2,0.688,1.7e-15,true,true,0,0.688,1.8e-15,true,true,5,0.688,2.2e-11,true,true,5,0.688,1.8e-12,true,true,5,0.688,4.0e-11,true,true,prefault_v,0.688,false,,0,,NaN,NaN,NaN
base,1.0000,emt,power,"fault bus 36 xf=0.001 clear@0.1",36,0.001,0.1,0.039,0.039,ok,0.860,1.6e-14,ok,0.760,2.7e-15,ok,0.619,3.2e-15,false,true,2,0.534,1.1e-15,true,true,0,0.534,4.7e-15,true,true,6,0.534,1.8e-15,true,true,5,0.534,7.6e-11,true,true,5,0.534,5.9e-10,true,true,flat,0.534,false,,0,,NaN,NaN,NaN
base,1.0000,emt,power,"fault bus 36 xf=0.005 clear@0.1",36,0.005,0.1,0.170,0.170,ok,0.886,1.6e-15,ok,0.799,6.3e-13,ok,0.703,4.2e-14,false,true,2,0.599,2.0e-15,true,true,0,0.599,2.0e-15,true,true,5,0.599,1.3e-10,true,true,5,0.599,1.5e-12,true,true,5,0.599,4.0e-11,true,true,hc,0.599,false,,0,,NaN,NaN,NaN
base,1.0000,emt,power,"fault bus 36 xf=0.02 clear@0.1",36,0.02,0.1,0.460,0.460,ok,0.938,2.2e-15,ok,0.884,1.9e-13,ok,0.816,2.2e-15,false,true,2,0.745,1.8e-15,true,true,0,0.745,8.9e-16,true,true,5,0.745,1.4e-11,true,true,5,0.745,2.4e-12,true,true,5,0.745,4.4e-11,true,true,prefault_v,0.745,false,,0,,NaN,NaN,NaN
base,1.0000,emt,power,"fault bus 37 xf=0.001 clear@0.1",37,0.001,0.1,0.039,0.039,ok,0.913,1.3e-15,ok,0.853,4.2e-14,ok,0.760,5.2e-15,false,true,2,0.578,3.0e-15,true,true,0,0.578,3.0e-15,true,true,5,0.578,1.2e-09,true,true,5,0.578,2.1e-14,true,true,5,0.578,1.1e-12,true,true,prefault_v,0.578,false,,0,,NaN,NaN,NaN
base,1.0000,emt,power,"fault bus 37 xf=0.005 clear@0.1",37,0.005,0.1,0.169,0.169,ok,0.930,3.3e-15,ok,0.877,2.1e-13,ok,0.806,8.0e-14,false,true,2,0.640,1.1e-15,true,true,0,0.640,2.5e-15,true,true,5,0.640,1.4e-10,true,true,5,0.640,7.0e-13,true,true,5,0.640,6.5e-12,true,true,newton,0.640,false,,0,,NaN,NaN,NaN
base,1.0000,emt,power,"fault bus 37 xf=0.02 clear@0.1",37,0.02,0.1,0.451,0.451,ok,0.966,2.7e-15,ok,0.928,3.0e-13,ok,0.872,1.8e-15,false,true,2,0.776,1.3e-15,true,true,0,0.776,1.3e-15,true,true,5,0.776,3.2e-12,true,true,5,0.776,8.7e-15,true,true,5,0.776,3.4e-13,true,true,flat,0.776,false,,0,,NaN,NaN,NaN
base,1.0000,emt,power,"fault bus 38 xf=0.001 clear@0.1",38,0.001,0.1,0.043,0.043,ok,0.908,2.0e-15,ok,0.430,1.8e-15,ok,0.273,1.2e-11,false,true,2,0.244,1.8e-15,true,true,0,0.244,1.8e-15,true,true,6,0.244,1.2e-13,true,true,6,0.244,1.8e-15,true,true,6,0.244,1.3e-13,true,true,prefault_v,0.244,false,,0,,NaN,NaN,NaN
base,1.0000,emt,power,"fault bus 38 xf=0.005 clear@0.1",38,0.005,0.1,0.183,0.183,ok,0.923,2.7e-15,ok,0.605,9.9e-12,ok,0.383,2.7e-15,false,true,2,0.352,2.7e-15,true,true,0,0.352,2.7e-15,true,true,6,0.352,1.8e-15,true,true,6,0.352,2.7e-15,true,true,6,0.352,1.8e-15,true,true,hc,0.352,false,,0,,NaN,NaN,NaN
base,1.0000,emt,power,"fault bus 38 xf=0.02 clear@0.1",38,0.02,0.1,0.482,0.482,ok,0.955,1.8e-15,ok,0.847,6.9e-12,ok,0.660,1.8e-15,false,true,2,0.592,1.3e-15,true,true,0,0.592,1.4e-15,true,true,6,0.592,1.8e-15,true,true,5,0.592,2.1e-11,true,true,6,0.592,9.6e-16,true,true,flat,0.592,false,,0,,NaN,NaN,NaN
base,1.0000,emt,power,"fault bus 1 xf=0.001 cleared by trip 1-2",1,0.001,0.1,0.056,0.056,ok,0.957,2.7e-15,ok,0.878,2.2e-15,lowV,0.646,7.1e-15,true,true,2,0.754,1.3e-15,true,true,0,0.754,1.3e-15,true,true,10,0.754,2.2e-11,true,true,11,0.754,3.0e-13,true,true,11,0.754,1.8e-15,true,true,hc,0.754,false,,0,,NaN,NaN,NaN
base,1.0000,emt,power,"fault bus 1 xf=0.005 cleared by trip 1-2",1,0.005,0.1,0.230,0.230,ok,0.965,1.3e-15,ok,0.902,2.1e-15,lowV,0.578,1.8e-13,true,true,2,0.805,1.2e-15,true,true,0,0.805,1.2e-15,true,true,8,0.805,8.3e-13,true,true,8,0.805,4.5e-12,true,true,8,0.805,1.6e-11,true,true,hc,0.805,false,,0,,NaN,NaN,NaN
base,1.0000,emt,power,"fault bus 1 xf=0.001 cleared by trip 1-39",1,0.001,0.1,0.056,0.056,ok,0.960,1.3e-15,fail,NaN,NaN,fail,NaN,NaN,false,true,2,0.754,1.3e-15,true,true,0,0.754,1.3e-15,true,true,10,0.754,2.2e-11,true,true,11,0.754,3.0e-13,true,true,11,0.754,1.8e-15,true,true,hc,0.754,false,,0,,NaN,NaN,NaN
base,1.0000,emt,power,"fault bus 1 xf=0.005 cleared by trip 1-39",1,0.005,0.1,0.230,0.230,ok,0.967,3.6e-14,fail,NaN,NaN,lowV,0.417,1.3e-15,true,true,2,0.805,1.2e-15,true,true,0,0.805,1.2e-15,true,true,8,0.805,8.3e-13,true,true,8,0.805,4.5e-12,true,true,8,0.805,1.6e-11,true,true,hc,0.805,false,,0,,NaN,NaN,NaN
base,1.0000,emt,power,"fault bus 2 xf=0.001 cleared by trip 2-3",2,0.001,0.1,0.071,0.071,ok,0.863,1.1e-12,fail,NaN,NaN,fail,NaN,NaN,false,true,2,0.258,1.4e-14,true,true,0,0.258,2.7e-15,true,true,10,0.258,5.7e-14,true,true,10,0.258,4.8e-12,true,true,10,0.258,2.8e-14,true,true,flat_angle,0.258,false,,0,,NaN,NaN,NaN
base,1.0000,emt,power,"fault bus 2 xf=0.005 cleared by trip 2-3",2,0.005,0.1,0.281,0.281,ok,0.888,1.8e-15,ok,0.660,3.6e-15,fail,NaN,NaN,false,true,2,0.418,7.1e-15,true,true,0,0.418,2.2e-15,true,true,8,0.418,1.3e-15,true,true,8,0.418,1.1e-15,true,true,8,0.418,3.6e-15,true,true,flat,0.418,false,,0,,NaN,NaN,NaN
base,1.0000,emt,power,"fault bus 2 xf=0.001 cleared by trip 2-25",2,0.001,0.1,0.071,0.071,ok,0.876,3.6e-15,fail,NaN,NaN,fail,NaN,NaN,false,true,2,0.258,1.4e-14,true,true,0,0.258,2.7e-15,true,true,10,0.258,5.7e-14,true,true,10,0.258,4.8e-12,true,true,10,0.258,2.8e-14,true,true,flat_angle,0.258,false,,0,,NaN,NaN,NaN
base,1.0000,emt,power,"fault bus 2 xf=0.005 cleared by trip 2-25",2,0.005,0.1,0.281,0.281,ok,0.902,1.8e-15,ok,0.738,3.6e-15,ok,0.535,7.1e-15,false,true,2,0.418,7.1e-15,true,true,0,0.418,2.2e-15,true,true,8,0.418,1.3e-15,true,true,8,0.418,1.1e-15,true,true,8,0.418,3.6e-15,true,true,flat,0.418,false,,0,,NaN,NaN,NaN
base,1.0000,emt,power,"fault bus 3 xf=0.001 cleared by trip 3-4",3,0.001,0.1,0.064,0.064,ok,0.861,3.6e-15,fail,NaN,NaN,fail,NaN,NaN,false,true,6,0.000,6.4e+01,false,true,0,0.314,1.8e-15,true,true,8,0.314,1.1e-15,true,true,8,0.314,2.8e-14,true,true,8,0.314,1.8e-15,true,true,flat,0.314,true,spurious,3,newton_run_failed(exception),NaN,1.003,NaN
base,1.0000,emt,power,"fault bus 3 xf=0.005 cleared by trip 3-4",3,0.005,0.1,0.254,0.254,ok,0.887,1.8e-15,fail,NaN,NaN,fail,NaN,NaN,false,true,7,0.000,5.2e+01,false,true,0,0.457,7.1e-15,true,true,6,0.457,7.1e-15,true,true,6,0.457,7.1e-15,true,true,6,0.457,5.0e-14,true,true,flat,0.457,true,spurious,3,newton_run_failed(exception),NaN,1.004,NaN
base,1.0000,emt,power,"fault bus 3 xf=0.001 cleared by trip 3-18",3,0.001,0.1,0.064,0.064,ok,0.863,3.6e-15,fail,NaN,NaN,fail,NaN,NaN,false,true,6,0.000,6.4e+01,false,true,0,0.314,1.8e-15,true,true,8,0.314,1.1e-15,true,true,8,0.314,2.8e-14,true,true,8,0.314,1.8e-15,true,true,flat,0.314,true,spurious,3,newton_run_failed(exception),NaN,0.993,NaN
base,1.0000,emt,power,"fault bus 3 xf=0.005 cleared by trip 3-18",3,0.005,0.1,0.254,0.254,ok,0.889,1.8e-15,fail,NaN,NaN,fail,NaN,NaN,false,true,7,0.000,5.2e+01,false,true,0,0.457,7.1e-15,true,true,6,0.457,7.1e-15,true,true,6,0.457,7.1e-15,true,true,6,0.457,5.0e-14,true,true,flat,0.457,true,spurious,3,newton_run_failed(exception),NaN,0.995,NaN
base,1.0000,emt,power,"fault bus 4 xf=0.001 cleared by trip 4-5",4,0.001,0.1,0.057,0.057,ok,0.873,2.0e-14,fail,NaN,NaN,fail,NaN,NaN,false,true,6,0.000,5.7e+01,false,true,0,0.288,2.8e-14,true,true,8,0.288,2.1e-14,true,true,8,0.288,2.8e-14,true,true,8,0.288,7.1e-15,true,true,hc,0.288,true,spurious,4,newton_run_failed(exception),NaN,0.978,NaN
base,1.0000,emt,power,"fault bus 4 xf=0.005 cleared by trip 4-5",4,0.005,0.1,0.233,0.233,ok,0.894,2.7e-15,fail,NaN,NaN,fail,NaN,NaN,false,true,7,0.000,4.7e+01,false,true,0,0.423,7.1e-15,true,true,6,0.423,4.3e-14,true,true,6,0.423,1.4e-14,true,true,6,0.423,1.5e-12,true,true,prefault_v,0.423,true,spurious,4,newton_run_failed(exception),NaN,0.983,NaN
base,1.0000,emt,power,"fault bus 4 xf=0.001 cleared by trip 4-14",4,0.001,0.1,0.057,0.057,ok,0.882,1.8e-15,fail,NaN,NaN,fail,NaN,NaN,false,true,6,0.000,5.7e+01,false,true,0,0.288,2.8e-14,true,true,8,0.288,2.1e-14,true,true,8,0.288,2.8e-14,true,true,8,0.288,7.1e-15,true,true,hc,0.288,true,spurious,4,newton_run_failed(exception),NaN,0.980,NaN
base,1.0000,emt,power,"fault bus 4 xf=0.005 cleared by trip 4-14",4,0.005,0.1,0.233,0.233,ok,0.903,2.7e-15,fail,NaN,NaN,fail,NaN,NaN,false,true,7,0.000,4.7e+01,false,true,0,0.423,7.1e-15,true,true,6,0.423,4.3e-14,true,true,6,0.423,1.4e-14,true,true,6,0.423,1.5e-12,true,true,prefault_v,0.423,true,spurious,4,newton_run_failed(exception),NaN,0.986,NaN
base,1.0000,emt,power,"fault bus 5 xf=0.001 cleared by trip 5-6",5,0.001,0.1,0.056,0.056,ok,0.886,5.3e-15,fail,NaN,NaN,fail,NaN,NaN,false,true,2,0.129,1.8e-15,true,true,0,0.129,1.8e-15,true,true,11,0.129,2.7e-15,true,true,11,0.129,2.3e-15,true,true,11,0.129,1.4e-15,true,true,hc,0.129,false,,0,,NaN,NaN,NaN
base,1.0000,emt,power,"fault bus 5 xf=0.005 cleared by trip 5-6",5,0.005,0.1,0.229,0.229,ok,0.905,1.8e-15,fail,NaN,NaN,fail,NaN,NaN,false,true,2,0.290,1.8e-15,true,true,0,0.290,1.8e-15,true,true,8,0.290,3.1e-13,true,true,8,0.290,3.3e-13,true,true,8,0.290,1.8e-12,true,true,hc,0.290,false,,0,,NaN,NaN,NaN
base,1.0000,emt,power,"fault bus 5 xf=0.001 cleared by trip 5-8",5,0.001,0.1,0.056,0.056,ok,0.892,2.9e-13,fail,NaN,NaN,fail,NaN,NaN,false,true,2,0.129,1.8e-15,true,true,0,0.129,1.8e-15,true,true,11,0.129,2.7e-15,true,true,11,0.129,2.3e-15,true,true,11,0.129,1.4e-15,true,true,hc,0.129,false,,0,,NaN,NaN,NaN
base,1.0000,emt,power,"fault bus 5 xf=0.005 cleared by trip 5-8",5,0.005,0.1,0.229,0.229,ok,0.910,1.8e-15,fail,NaN,NaN,fail,NaN,NaN,false,true,2,0.290,1.8e-15,true,true,0,0.290,1.8e-15,true,true,8,0.290,3.1e-13,true,true,8,0.290,3.3e-13,true,true,8,0.290,1.8e-12,true,true,hc,0.290,false,,0,,NaN,NaN,NaN
base,1.0000,emt,power,"fault bus 6 xf=0.001 cleared by trip 6-7",6,0.001,0.1,0.056,0.056,ok,0.891,2.7e-15,fail,NaN,NaN,fail,NaN,NaN,false,true,2,0.111,1.5e-15,true,true,0,0.111,2.3e-15,true,true,10,0.111,4.1e-11,true,true,11,0.111,1.4e-15,true,true,11,0.111,2.1e-15,true,true,hc,0.111,false,,0,,NaN,NaN,NaN
base,1.0000,emt,power,"fault bus 6 xf=0.005 cleared by trip 6-7",6,0.005,0.1,0.231,0.231,ok,0.910,2.7e-15,fail,NaN,NaN,fail,NaN,NaN,false,true,2,0.274,7.1e-15,true,true,0,0.274,1.8e-15,true,true,8,0.274,2.3e-13,true,true,8,0.274,2.3e-13,true,true,8,0.274,1.8e-12,true,true,flat_angle,0.274,false,,0,,NaN,NaN,NaN
base,1.0000,emt,power,"fault bus 6 xf=0.001 cleared by trip 6-11",6,0.001,0.1,0.056,0.056,ok,0.891,1.6e-14,fail,NaN,NaN,fail,NaN,NaN,false,true,2,0.111,1.5e-15,true,true,0,0.111,2.3e-15,true,true,10,0.111,4.1e-11,true,true,11,0.111,1.4e-15,true,true,11,0.111,2.1e-15,true,true,hc,0.111,false,,0,,NaN,NaN,NaN
base,1.0000,emt,power,"fault bus 6 xf=0.005 cleared by trip 6-11",6,0.005,0.1,0.231,0.231,ok,0.910,2.7e-15,fail,NaN,NaN,fail,NaN,NaN,false,true,2,0.274,7.1e-15,true,true,0,0.274,1.8e-15,true,true,8,0.274,2.3e-13,true,true,8,0.274,2.3e-13,true,true,8,0.274,1.8e-12,true,true,flat_angle,0.274,false,,0,,NaN,NaN,NaN
base,1.0000,emt,power,"fault bus 7 xf=0.001 cleared by trip 7-8",7,0.001,0.1,0.049,0.049,ok,0.908,1.9e-15,fail,NaN,NaN,spurious,0.000,4.2e+01,true,true,6,0.000,4.9e+01,false,true,0,0.161,1.7e-15,true,true,8,0.161,1.8e-15,true,true,8,0.161,7.1e-15,true,true,8,0.161,1.4e-14,true,true,hc,0.161,true,spurious,7,newton_run_failed(exception),NaN,0.999,NaN
base,1.0000,emt,power,"fault bus 7 xf=0.005 cleared by trip 7-8",7,0.005,0.1,0.204,0.204,ok,0.923,3.6e-15,fail,NaN,NaN,fail,NaN,NaN,false,true,7,0.000,4.1e+01,false,true,0,0.298,1.4e-14,true,true,6,0.298,6.2e-12,true,true,6,0.298,3.9e-12,true,true,7,0.298,1.3e-15,true,true,flat,0.298,true,spurious,7,newton_run_failed(exception),NaN,1.006,NaN
base,1.0000,emt,power,"fault bus 8 xf=0.001 cleared by trip 8-9",8,0.001,0.1,0.051,0.051,ok,0.903,3.6e-15,fail,NaN,NaN,spurious,0.000,5.1e+01,true,true,6,0.000,5.1e+01,false,true,0,0.127,2.2e-15,true,true,8,0.127,7.1e-15,true,true,8,0.127,2.3e-15,true,true,8,0.127,2.3e-15,true,true,hc,0.127,true,spurious,8,newton_run_failed(exception),NaN,0.974,NaN
base,1.0000,emt,power,"fault bus 8 xf=0.005 cleared by trip 8-9",8,0.005,0.1,0.212,0.212,ok,0.919,2.7e-15,fail,NaN,NaN,fail,NaN,NaN,false,true,7,0.000,4.3e+01,false,true,0,0.276,7.1e-15,true,true,6,0.276,2.1e-12,true,true,6,0.276,1.1e-12,true,true,6,0.276,3.0e-11,true,true,flat_angle,0.276,true,spurious,8,newton_run_failed(exception),NaN,0.980,NaN
base,1.0000,emt,power,"fault bus 9 xf=0.001 cleared by trip 9-39",9,0.001,0.1,0.054,0.054,ok,0.955,4.4e-15,fail,NaN,NaN,fail,NaN,NaN,false,true,2,0.594,7.1e-15,true,true,0,0.594,7.1e-15,true,true,11,0.594,7.1e-15,true,true,12,0.594,7.1e-15,true,true,11,0.594,7.1e-15,true,true,flat,0.594,false,,0,,NaN,NaN,NaN
base,1.0000,emt,power,"fault bus 9 xf=0.005 cleared by trip 9-39",9,0.005,0.1,0.223,0.223,ok,0.962,3.7e-13,lowV,0.526,4.4e-15,fail,NaN,NaN,true,true,2,0.669,7.1e-15,true,true,0,0.669,7.1e-15,true,true,8,0.669,2.6e-12,true,true,8,0.669,2.2e-11,true,true,8,0.669,4.8e-11,true,true,flat,0.669,false,,0,,NaN,NaN,NaN
base,1.0000,emt,power,"fault bus 10 xf=0.001 cleared by trip 10-11",10,0.001,0.1,0.051,0.051,ok,0.894,2.8e-15,fail,NaN,NaN,fail,NaN,NaN,false,true,2,0.129,7.1e-15,true,true,0,0.129,7.1e-15,true,true,11,0.129,7.1e-15,true,true,11,0.129,7.1e-15,true,true,11,0.129,7.1e-15,true,true,hc,0.129,false,,0,,NaN,NaN,NaN
base,1.0000,emt,power,"fault bus 10 xf=0.005 cleared by trip 10-11",10,0.005,0.1,0.213,0.213,ok,0.911,2.0e-15,ok,0.835,1.8e-15,fail,NaN,NaN,false,true,2,0.277,1.3e-15,true,true,0,0.277,6.7e-16,true,true,8,0.277,3.2e-12,true,true,8,0.277,3.3e-12,true,true,8,0.277,2.5e-11,true,true,hc,0.277,false,,0,,NaN,NaN,NaN
base,1.0000,emt,power,"fault bus 10 xf=0.001 cleared by trip 10-13",10,0.001,0.1,0.051,0.051,ok,0.883,2.4e-13,fail,NaN,NaN,fail,NaN,NaN,false,true,2,0.129,7.1e-15,true,true,0,0.129,7.1e-15,true,true,11,0.129,7.1e-15,true,true,11,0.129,7.1e-15,true,true,11,0.129,7.1e-15,true,true,hc,0.129,false,,0,,NaN,NaN,NaN
base,1.0000,emt,power,"fault bus 10 xf=0.005 cleared by trip 10-13",10,0.005,0.1,0.213,0.213,ok,0.899,1.8e-15,ok,0.816,1.8e-15,fail,NaN,NaN,false,true,2,0.277,1.3e-15,true,true,0,0.277,6.7e-16,true,true,8,0.277,3.2e-12,true,true,8,0.277,3.3e-12,true,true,8,0.277,2.5e-11,true,true,hc,0.277,false,,0,,NaN,NaN,NaN
base,1.0000,emt,power,"fault bus 13 xf=0.001 cleared by trip 13-14",13,0.001,0.1,0.049,0.049,ok,0.882,9.8e-15,fail,NaN,NaN,fail,NaN,NaN,false,true,2,0.136,2.2e-15,true,true,0,0.136,2.0e-15,true,true,11,0.136,1.8e-15,true,true,11,0.136,1.3e-15,true,true,11,0.136,2.7e-15,true,true,flat_angle,0.136,false,,0,,NaN,NaN,NaN
base,1.0000,emt,power,"fault bus 13 xf=0.005 cleared by trip 13-14",13,0.005,0.1,0.208,0.208,ok,0.897,3.6e-15,fail,NaN,NaN,fail,NaN,NaN,false,true,2,0.279,7.1e-15,true,true,0,0.279,7.1e-15,true,true,8,0.279,8.2e-12,true,true,8,0.279,8.7e-12,true,true,9,0.279,7.1e-15,true,true,flat,0.279,false,,0,,NaN,NaN,NaN
base,1.0000,emt,power,"fault bus 14 xf=0.001 cleared by trip 14-15",14,0.001,0.1,0.054,0.054,ok,0.873,3.6e-15,fail,NaN,NaN,fail,NaN,NaN,false,true,2,0.233,7.1e-15,true,true,0,0.233,9.9e-16,true,true,11,0.233,7.1e-15,true,true,11,0.233,9.9e-16,true,true,11,0.233,9.9e-16,true,true,hc,0.233,false,,0,,NaN,NaN,NaN
base,1.0000,emt,power,"fault bus 14 xf=0.005 cleared by trip 14-15",14,0.005,0.1,0.222,0.222,ok,0.891,2.3e-15,ok,0.824,5.3e-15,fail,NaN,NaN,false,true,2,0.372,7.1e-15,true,true,0,0.372,7.1e-15,true,true,8,0.372,1.7e-12,true,true,8,0.372,2.6e-12,true,true,8,0.372,5.1e-12,true,true,hc,0.372,false,,0,,NaN,NaN,NaN
base,1.0000,emt,power,"fault bus 15 xf=0.001 cleared by trip 15-16",15,0.001,0.1,0.054,0.054,fail,NaN,NaN,fail,NaN,NaN,fail,NaN,NaN,false,true,6,0.000,5.4e+01,false,true,0,0.399,7.1e-15,true,true,8,0.399,7.1e-15,true,true,8,0.399,3.6e-15,true,true,8,0.399,1.8e-15,true,true,hc,0.399,true,spurious,15,newton_run_failed(exception),NaN,0.948,NaN
base,1.0000,emt,power,"fault bus 15 xf=0.005 cleared by trip 15-16",15,0.005,0.1,0.224,0.224,ok,0.906,1.8e-15,fail,NaN,NaN,fail,NaN,NaN,false,true,7,0.000,4.5e+01,false,true,0,0.511,7.1e-15,true,true,6,0.511,1.3e-13,true,true,6,0.511,4.3e-14,true,true,6,0.511,1.8e-12,true,true,flat_angle,0.511,true,spurious,15,newton_run_failed(exception),NaN,0.952,NaN
base,1.0000,emt,power,"fault bus 16 xf=0.001 cleared by trip 16-17",16,0.001,0.1,0.071,0.071,ok,0.867,3.6e-15,fail,NaN,NaN,fail,NaN,NaN,false,true,6,0.000,7.0e+01,false,true,0,0.122,1.4e-14,true,true,8,0.122,1.4e-14,true,true,8,0.122,1.4e-14,true,true,8,0.122,1.4e-14,true,true,flat_angle,0.122,true,spurious,16,newton_run_failed(exception),NaN,1.030,NaN
base,1.0000,emt,power,"fault bus 16 xf=0.005 cleared by trip 16-17",16,0.005,0.1,0.277,0.277,ok,0.877,1.4e-15,fail,NaN,NaN,fail,NaN,NaN,false,true,7,0.000,5.5e+01,false,true,0,0.318,7.1e-15,true,true,6,0.318,3.6e-14,true,true,6,0.318,2.1e-14,true,true,6,0.318,1.8e-15,true,true,flat,0.318,true,spurious,16,newton_run_failed(exception),NaN,1.035,NaN
base,1.0000,emt,power,"fault bus 16 xf=0.001 cleared by trip 16-21",16,0.001,0.1,0.071,0.071,ok,0.851,2.7e-15,fail,NaN,NaN,fail,NaN,NaN,false,true,6,0.000,7.0e+01,false,true,0,0.122,1.4e-14,true,true,8,0.122,1.4e-14,true,true,8,0.122,1.4e-14,true,true,8,0.122,1.4e-14,true,true,flat_angle,0.122,true,spurious,16,newton_run_failed(exception),NaN,1.008,NaN
base,1.0000,emt,power,"fault bus 16 xf=0.005 cleared by trip 16-21",16,0.005,0.1,0.277,0.277,ok,0.864,1.8e-15,fail,NaN,NaN,fail,NaN,NaN,false,true,7,0.000,5.5e+01,false,true,0,0.318,7.1e-15,true,true,6,0.318,3.6e-14,true,true,6,0.318,2.1e-14,true,true,6,0.318,1.8e-15,true,true,flat,0.318,true,spurious,16,newton_run_failed(exception),NaN,1.013,NaN
base,1.0000,emt,power,"fault bus 16 xf=0.001 cleared by trip 16-24",16,0.001,0.1,0.071,0.071,ok,0.886,1.8e-15,fail,NaN,NaN,fail,NaN,NaN,false,true,6,0.000,7.0e+01,false,true,0,0.122,1.4e-14,true,true,8,0.122,1.4e-14,true,true,8,0.122,1.4e-14,true,true,8,0.122,1.4e-14,true,true,flat_angle,0.122,true,spurious,16,newton_run_failed(exception),NaN,1.006,NaN
base,1.0000,emt,power,"fault bus 16 xf=0.005 cleared by trip 16-24",16,0.005,0.1,0.277,0.277,ok,0.895,4.4e-15,fail,NaN,NaN,fail,NaN,NaN,false,true,7,0.000,5.5e+01,false,true,0,0.318,7.1e-15,true,true,6,0.318,3.6e-14,true,true,6,0.318,2.1e-14,true,true,6,0.318,1.8e-15,true,true,flat,0.318,true,spurious,16,newton_run_failed(exception),NaN,1.012,NaN
base,1.0000,emt,power,"fault bus 17 xf=0.001 cleared by trip 17-18",17,0.001,0.1,0.063,0.063,ok,0.871,2.2e-15,fail,NaN,NaN,fail,NaN,NaN,false,true,2,0.207,1.1e-15,true,true,0,0.207,1.1e-15,true,true,10,0.207,2.4e-12,true,true,10,0.207,2.6e-11,true,true,10,0.207,2.0e-12,true,true,hc,0.207,false,,0,,NaN,NaN,NaN
base,1.0000,emt,power,"fault bus 17 xf=0.005 cleared by trip 17-18",17,0.005,0.1,0.252,0.252,ok,0.891,3.6e-15,ok,0.675,4.7e-13,fail,NaN,NaN,false,true,2,0.366,1.8e-15,true,true,0,0.366,1.8e-15,true,true,8,0.366,1.4e-14,true,true,8,0.366,1.4e-14,true,true,8,0.366,5.7e-14,true,true,hc,0.366,false,,0,,NaN,NaN,NaN
base,1.0000,emt,power,"fault bus 17 xf=0.001 cleared by trip 17-27",17,0.001,0.1,0.063,0.063,ok,0.863,2.7e-15,fail,NaN,NaN,fail,NaN,NaN,false,true,2,0.207,1.1e-15,true,true,0,0.207,1.1e-15,true,true,10,0.207,2.4e-12,true,true,10,0.207,2.6e-11,true,true,10,0.207,2.0e-12,true,true,hc,0.207,false,,0,,NaN,NaN,NaN
base,1.0000,emt,power,"fault bus 17 xf=0.005 cleared by trip 17-27",17,0.005,0.1,0.252,0.252,ok,0.882,1.7e-14,ok,0.730,2.7e-15,fail,NaN,NaN,false,true,2,0.366,1.8e-15,true,true,0,0.366,1.8e-15,true,true,8,0.366,1.4e-14,true,true,8,0.366,1.4e-14,true,true,8,0.366,5.7e-14,true,true,hc,0.366,false,,0,,NaN,NaN,NaN
base,1.0000,emt,power,"fault bus 21 xf=0.001 cleared by trip 21-22",21,0.001,0.1,0.050,0.050,ok,0.848,2.7e-15,fail,NaN,NaN,fail,NaN,NaN,false,true,6,0.000,5.0e+01,false,true,0,0.357,7.1e-15,true,true,8,0.357,8.9e-16,true,true,8,0.357,1.4e-14,true,true,8,0.357,1.3e-15,true,true,hc,0.357,true,spurious,21,newton_run_failed(exception),NaN,0.981,NaN
base,1.0000,emt,power,"fault bus 21 xf=0.005 cleared by trip 21-22",21,0.005,0.1,0.210,0.210,ok,0.860,9.4e-14,fail,NaN,NaN,fail,NaN,NaN,false,true,7,0.000,4.2e+01,false,true,0,0.470,1.4e-14,true,true,6,0.470,5.0e-13,true,true,6,0.470,4.7e-13,true,true,6,0.470,7.2e-12,true,true,prefault_v,0.470,true,spurious,21,newton_run_failed(exception),NaN,0.985,NaN
base,1.0000,emt,power,"fault bus 22 xf=0.001 cleared by trip 22-23",22,0.001,0.1,0.052,0.052,ok,0.863,1.4e-15,fail,NaN,NaN,fail,NaN,NaN,false,true,2,0.225,1.8e-15,true,true,0,0.225,2.1e-15,true,true,11,0.225,2.1e-15,true,true,11,0.225,1.5e-15,true,true,11,0.225,2.1e-15,true,true,flat_angle,0.225,false,,0,,NaN,NaN,NaN
base,1.0000,emt,power,"fault bus 22 xf=0.005 cleared by trip 22-23",22,0.005,0.1,0.217,0.217,ok,0.884,2.7e-15,ok,0.749,5.3e-12,fail,NaN,NaN,false,true,2,0.359,1.8e-15,true,true,0,0.359,7.1e-15,true,true,8,0.359,3.1e-12,true,true,8,0.359,3.7e-12,true,true,8,0.359,1.9e-11,true,true,hc,0.359,false,,0,,NaN,NaN,NaN
base,1.0000,emt,power,"fault bus 23 xf=0.001 cleared by trip 23-24",23,0.001,0.1,0.049,0.049,ok,0.847,1.8e-15,fail,NaN,NaN,fail,NaN,NaN,false,true,6,0.000,4.9e+01,false,true,0,0.278,1.3e-15,true,true,8,0.278,1.4e-14,true,true,8,0.278,1.3e-15,true,true,8,0.278,2.3e-15,true,true,hc,0.278,true,spurious,23,newton_run_failed(exception),NaN,1.013,NaN
base,1.0000,emt,power,"fault bus 23 xf=0.005 cleared by trip 23-24",23,0.005,0.1,0.206,0.206,ok,0.864,3.6e-15,ok,0.789,2.7e-15,fail,NaN,NaN,false,true,7,0.000,4.1e+01,false,true,0,0.400,2.8e-14,true,true,6,0.400,4.2e-13,true,true,6,0.400,6.6e-13,true,true,6,0.400,7.8e-12,true,true,prefault_v,0.400,true,spurious,23,newton_run_failed(exception),NaN,1.019,NaN
base,1.0000,emt,power,"fault bus 25 xf=0.001 cleared by trip 25-26",25,0.001,0.1,0.058,0.058,ok,0.886,6.2e-15,fail,NaN,NaN,fail,NaN,NaN,false,true,6,0.000,5.8e+01,false,true,0,0.332,7.1e-15,true,true,8,0.332,7.1e-15,true,true,8,0.332,7.1e-15,true,true,8,0.332,7.1e-15,true,true,hc,0.332,true,spurious,25,newton_run_failed(exception),NaN,1.039,NaN
base,1.0000,emt,power,"fault bus 25 xf=0.005 cleared by trip 25-26",25,0.005,0.1,0.238,0.238,ok,0.891,1.8e-15,ok,0.614,1.8e-15,fail,NaN,NaN,false,true,7,0.000,4.8e+01,false,true,0,0.457,2.1e-14,true,true,6,0.457,7.1e-15,true,true,6,0.457,1.8e-15,true,true,6,0.457,7.1e-14,true,true,hc,0.457,true,spurious,25,newton_run_failed(exception),NaN,1.039,NaN
base,1.0000,emt,power,"fault bus 26 xf=0.001 cleared by trip 26-27",26,0.001,0.1,0.046,0.046,ok,0.883,1.8e-15,fail,NaN,NaN,fail,NaN,NaN,false,true,6,0.000,4.6e+01,false,true,0,0.298,3.6e-15,true,true,10,0.298,3.6e-15,true,true,9,0.298,4.8e-11,true,true,9,0.298,2.8e-13,true,true,hc,0.298,true,spurious,26,newton_run_failed(exception),NaN,1.080,NaN
base,1.0000,emt,power,"fault bus 26 xf=0.005 cleared by trip 26-27",26,0.005,0.1,0.196,0.196,ok,0.898,1.4e-15,fail,NaN,NaN,fail,NaN,NaN,false,true,9,0.000,3.9e+01,false,true,0,0.408,7.1e-15,true,true,8,0.408,7.1e-15,true,true,8,0.408,7.1e-15,true,true,8,0.408,7.1e-15,true,true,prefault_v,0.408,true,spurious,26,newton_run_failed(exception),NaN,1.082,NaN
base,1.0000,emt,power,"fault bus 26 xf=0.001 cleared by trip 26-28",26,0.001,0.1,0.046,0.046,ok,0.890,3.6e-15,fail,NaN,NaN,fail,NaN,NaN,false,true,6,0.000,4.6e+01,false,true,0,0.298,3.6e-15,true,true,10,0.298,3.6e-15,true,true,9,0.298,4.8e-11,true,true,9,0.298,2.8e-13,true,true,hc,0.298,true,spurious,26,newton_run_failed(exception),NaN,1.041,NaN
base,1.0000,emt,power,"fault bus 26 xf=0.005 cleared by trip 26-28",26,0.005,0.1,0.196,0.196,ok,0.905,3.6e-15,ok,0.717,5.3e-15,fail,NaN,NaN,false,true,9,0.000,3.9e+01,false,true,0,0.408,7.1e-15,true,true,8,0.408,7.1e-15,true,true,8,0.408,7.1e-15,true,true,8,0.408,7.1e-15,true,true,prefault_v,0.408,true,spurious,26,newton_run_failed(exception),NaN,1.042,NaN
base,1.0000,emt,power,"fault bus 26 xf=0.001 cleared by trip 26-29",26,0.001,0.1,0.046,0.046,ok,0.889,1.3e-15,fail,NaN,NaN,fail,NaN,NaN,false,true,6,0.000,4.6e+01,false,true,0,0.298,3.6e-15,true,true,10,0.298,3.6e-15,true,true,9,0.298,4.8e-11,true,true,9,0.298,2.8e-13,true,true,hc,0.298,true,spurious,26,newton_run_failed(exception),NaN,1.041,NaN
base,1.0000,emt,power,"fault bus 26 xf=0.005 cleared by trip 26-29",26,0.005,0.1,0.196,0.196,ok,0.904,2.7e-15,fail,NaN,NaN,fail,NaN,NaN,false,true,9,0.000,3.9e+01,false,true,0,0.408,7.1e-15,true,true,8,0.408,7.1e-15,true,true,8,0.408,7.1e-15,true,true,8,0.408,7.1e-15,true,true,prefault_v,0.408,true,spurious,26,newton_run_failed(exception),NaN,1.042,NaN
base,1.0000,emt,power,"fault bus 28 xf=0.001 cleared by trip 28-29",28,0.001,0.1,0.030,0.030,fail,NaN,NaN,fail,NaN,NaN,fail,NaN,NaN,false,true,5,0.000,3.0e+01,false,true,0,0.318,3.6e-15,true,true,8,0.318,9.8e-12,true,true,8,0.318,1.3e-11,true,true,8,0.318,1.1e-11,true,true,flat,0.318,true,spurious,28,newton_run_failed(exception),NaN,1.032,NaN
base,1.0000,emt,power,"fault bus 28 xf=0.005 cleared by trip 28-29",28,0.005,0.1,0.135,0.135,ok,0.938,2.7e-15,fail,NaN,NaN,fail,NaN,NaN,false,true,6,0.000,2.7e+01,false,true,0,0.393,1.1e-14,true,true,7,0.393,2.5e-14,true,true,7,0.393,1.8e-14,true,true,7,0.393,1.8e-14,true,true,hc,0.393,true,spurious,28,newton_run_failed(exception),NaN,1.033,NaN
base,1.0000,emt,power,"fault bus 12 xf=0.001 cleared by trip 12-11",12,0.001,0.1,0.025,0.025,fail,NaN,NaN,fail,NaN,NaN,fail,NaN,NaN,false,true,6,0.000,2.5e+01,false,true,0,0.583,7.1e-15,true,true,8,0.583,3.9e-12,true,true,8,0.583,3.4e-12,true,true,8,0.583,2.5e-11,true,true,hc,0.583,true,spurious,12,newton_run_failed(exception),NaN,1.015,NaN
base,1.0000,emt,power,"fault bus 12 xf=0.005 cleared by trip 12-11",12,0.005,0.1,0.116,0.116,ok,0.948,2.7e-15,fail,NaN,NaN,fail,NaN,NaN,false,true,6,0.000,2.3e+01,false,true,0,0.625,3.6e-15,true,true,7,0.625,3.9e-14,true,true,7,0.625,3.9e-14,true,true,7,0.625,6.1e-13,true,true,hc,0.625,true,spurious,12,newton_run_failed(exception),NaN,1.017,NaN
base,1.0000,emt,power,"fault bus 12 xf=0.001 cleared by trip 12-13",12,0.001,0.1,0.025,0.025,fail,NaN,NaN,fail,NaN,NaN,fail,NaN,NaN,false,true,6,0.000,2.5e+01,false,true,0,0.583,7.1e-15,true,true,8,0.583,3.9e-12,true,true,8,0.583,3.4e-12,true,true,8,0.583,2.5e-11,true,true,hc,0.583,true,spurious,12,newton_run_failed(exception),NaN,1.017,NaN
base,1.0000,emt,power,"fault bus 12 xf=0.005 cleared by trip 12-13",12,0.005,0.1,0.116,0.116,ok,0.948,1.6e-15,fail,NaN,NaN,fail,NaN,NaN,false,true,6,0.000,2.3e+01,false,true,0,0.625,3.6e-15,true,true,7,0.625,3.9e-14,true,true,7,0.625,3.9e-14,true,true,7,0.625,6.1e-13,true,true,hc,0.625,true,spurious,12,newton_run_failed(exception),NaN,1.019,NaN
