t,V_faultbus,minV
-0.15000000000000002,1.051095046509892,1.0002414136050173
-0.1,1.051095046509892,1.0002414136050173
-0.1,0.04439618037322046,0.04439618037322046
-0.09000000000000001,0.04439324842935775,0.04439324842935775
-0.08,0.04438732911789727,0.04438732911789727
-0.07,0.044378311956943535,0.044378311956943535
-0.060000000000000005,0.04436603218118088,0.04436603218118088
-0.05,0.04435027176967816,0.04435027176967816
-0.04,0.04433076070316734,0.04433076070316734
-0.03,0.044307178422658286,0.044307178422658286
-0.020000000000000004,0.04427915545784322,0.04427915545784322
-0.010000000000000009,0.04424627519103428,0.04424627519103428
-1.3877787807814457e-17,0.04420807572049351,0.04420807572049351
0.0,0.044208075720493525,0.044208075720493525
