lf,lf_abs,mode,form,label,fault_bus,xf,tfault,Vfb_preclear,minV_preclear,direct_h0.01_state,direct_h0.01_minV,direct_h0.01_kcl,direct_h0.001_state,direct_h0.001_minV,direct_h0.001_kcl,direct_h0.0001_state,direct_h0.0001_minV,direct_h0.0001_kcl,direct_low,newton_conv,newton_it,newton_minV,newton_kcl,newton_reaches_hv,hc_conv,hc_it,hc_minV,hc_kcl,hc_reaches_hv,flat_conv,flat_it,flat_minV,flat_kcl,flat_reaches_hv,hv_exists,hv_source,hv_minV,newton_low,newton_root,lv_bus,persist,V_lvbus_end_newton,V_lvbus_end_hv,kcl_end_newton
base,1.0000,rms,power,"fault bus 1 xf=0.001 clear@0.25",1,0.001,0.25,0.056,0.056,ok,0.997,1.6e-15,ok,0.997,2.7e-15,ok,0.997,1.8e-15,false,true,4,0.997,1.3e-15,true,true,0,0.997,2.7e-15,true,true,4,0.997,1.8e-15,true,true,hc,0.997,false,,0,,NaN,NaN,NaN
base,1.0000,rms,power,"fault bus 1 xf=0.005 clear@0.25",1,0.005,0.25,0.230,0.230,ok,0.998,1.8e-15,ok,0.998,2.7e-15,ok,0.998,1.8e-15,false,true,4,0.998,1.8e-15,true,true,0,0.998,2.7e-15,true,true,4,0.998,1.8e-15,true,true,hc,0.998,false,,0,,NaN,NaN,NaN
base,1.0000,rms,power,"fault bus 1 xf=0.02 clear@0.25",1,0.02,0.25,0.554,0.554,ok,0.999,2.1e-15,ok,0.999,1.8e-15,ok,0.999,1.8e-15,false,true,3,0.999,9.4e-13,true,true,0,0.999,1.3e-15,true,true,4,0.999,5.8e-15,true,true,newton,0.999,false,,0,,NaN,NaN,NaN
base,1.0000,rms,power,"fault bus 2 xf=0.001 clear@0.25",2,0.001,0.25,0.069,0.069,ok,0.952,2.7e-15,ok,0.957,2.8e-15,ok,0.957,3.6e-15,false,true,5,0.957,4.4e-15,true,true,0,0.957,4.4e-15,true,true,4,0.957,6.2e-15,true,true,flat,0.957,false,,0,,NaN,NaN,NaN
base,1.0000,rms,power,"fault bus 2 xf=0.005 clear@0.25",2,0.005,0.25,0.273,0.273,ok,0.968,1.8e-15,ok,0.972,1.8e-15,ok,0.972,1.8e-15,false,true,4,0.972,4.2e-13,true,true,0,0.972,2.1e-15,true,true,4,0.972,2.5e-15,true,true,newton,0.972,false,,0,,NaN,NaN,NaN
base,1.0000,rms,power,"fault bus 2 xf=0.02 clear@0.25",2,0.02,0.25,0.615,0.615,ok,0.991,2.1e-15,ok,0.993,1.9e-15,ok,0.993,1.8e-15,false,true,4,0.993,3.6e-15,true,true,0,0.993,2.2e-15,true,true,4,0.993,3.6e-15,true,true,newton,0.993,false,,0,,NaN,NaN,NaN
base,1.0000,rms,power,"fault bus 3 xf=0.001 clear@0.25",3,0.001,0.25,0.061,0.061,ok,0.896,9.1e-15,ok,0.905,2.2e-14,ok,0.906,2.4e-14,false,true,5,0.906,2.5e-14,true,true,0,0.906,1.8e-15,true,true,4,0.906,5.1e-12,true,true,flat,0.906,false,,0,,NaN,NaN,NaN
base,1.0000,rms,power,"fault bus 3 xf=0.005 clear@0.25",3,0.005,0.25,0.245,0.245,ok,0.925,2.5e-15,ok,0.932,1.8e-15,ok,0.932,2.1e-15,false,true,5,0.932,2.2e-15,true,true,0,0.932,1.8e-15,true,true,4,0.932,1.9e-14,true,true,flat,0.932,false,,0,,NaN,NaN,NaN
base,1.0000,rms,power,"fault bus 3 xf=0.02 clear@0.25",3,0.02,0.25,0.569,0.569,ok,0.969,1.8e-15,ok,0.972,1.8e-15,ok,0.972,1.8e-15,false,true,4,0.972,1.8e-15,true,true,0,0.972,2.7e-15,true,true,4,0.972,2.7e-15,true,true,hc,0.972,false,,0,,NaN,NaN,NaN
base,1.0000,rms,power,"fault bus 4 xf=0.001 clear@0.25",4,0.001,0.25,0.049,0.049,ok,0.753,1.3e-13,ok,0.775,1.9e-15,ok,0.777,4.0e-15,false,true,5,0.778,3.8e-13,true,true,0,0.778,3.6e-15,true,true,5,0.778,2.1e-15,true,true,newton,0.778,false,,0,,NaN,NaN,NaN
base,1.0000,rms,power,"fault bus 4 xf=0.005 clear@0.25",4,0.005,0.25,0.208,0.208,ok,0.821,2.5e-15,ok,0.836,2.4e-15,ok,0.837,1.9e-15,false,true,5,0.837,1.8e-15,true,true,0,0.837,2.7e-15,true,true,4,0.837,2.4e-13,true,true,flat,0.837,false,,0,,NaN,NaN,NaN
base,1.0000,rms,power,"fault bus 4 xf=0.02 clear@0.25",4,0.02,0.25,0.524,0.524,ok,0.921,3.6e-15,ok,0.927,2.9e-15,ok,0.928,2.2e-15,false,true,4,0.928,2.7e-15,true,true,0,0.928,2.2e-15,true,true,4,0.928,2.7e-15,true,true,hc,0.928,false,,0,,NaN,NaN,NaN
base,1.0000,rms,power,"fault bus 5 xf=0.001 clear@0.25",5,0.001,0.25,0.043,0.043,ok,0.633,3.1e-15,ok,0.667,8.8e-15,ok,0.670,8.7e-15,false,true,5,0.671,9.9e-15,true,true,0,0.671,2.6e-15,true,true,5,0.671,3.6e-15,true,true,newton,0.671,false,,0,,NaN,NaN,NaN
base,1.0000,rms,power,"fault bus 5 xf=0.005 clear@0.25",5,0.005,0.25,0.190,0.190,ok,0.733,4.9e-15,ok,0.756,1.1e-14,ok,0.759,1.2e-14,false,true,5,0.759,1.2e-14,true,true,0,0.759,1.7e-15,true,true,4,0.759,5.8e-12,true,true,flat,0.759,false,,0,,NaN,NaN,NaN
base,1.0000,rms,power,"fault bus 5 xf=0.02 clear@0.25",5,0.02,0.25,0.507,0.507,ok,0.884,1.8e-15,ok,0.893,3.0e-15,ok,0.894,3.3e-15,false,true,4,0.894,2.7e-15,true,true,0,0.894,1.8e-15,true,true,4,0.894,3.7e-15,true,true,flat,0.894,false,,0,,NaN,NaN,NaN
base,1.0000,rms,power,"fault bus 6 xf=0.001 clear@0.25",6,0.001,0.25,0.042,0.042,ok,0.595,3.3e-15,ok,0.633,6.8e-15,ok,0.636,7.9e-15,false,true,5,0.637,7.8e-15,true,true,0,0.637,2.1e-15,true,true,5,0.637,2.1e-15,true,true,newton,0.637,false,,0,,NaN,NaN,NaN
base,1.0000,rms,power,"fault bus 6 xf=0.005 clear@0.25",6,0.005,0.25,0.186,0.186,ok,0.705,2.2e-15,ok,0.731,4.9e-15,ok,0.734,5.3e-15,false,true,5,0.734,5.6e-15,true,true,0,0.734,1.8e-15,true,true,4,0.734,1.5e-11,true,true,flat,0.734,false,,0,,NaN,NaN,NaN
base,1.0000,rms,power,"fault bus 6 xf=0.02 clear@0.25",6,0.02,0.25,0.505,0.505,ok,0.873,2.7e-15,ok,0.883,4.2e-15,ok,0.884,5.1e-15,false,true,4,0.884,5.6e-15,true,true,0,0.884,2.0e-15,true,true,4,0.884,1.8e-15,true,true,hc,0.884,false,,0,,NaN,NaN,NaN
base,1.0000,rms,power,"fault bus 7 xf=0.001 clear@0.25",7,0.001,0.25,0.040,0.040,ok,0.720,8.7e-15,ok,0.745,2.4e-14,ok,0.747,2.6e-14,false,true,5,0.747,2.6e-14,true,true,0,0.747,2.5e-15,true,true,5,0.747,1.8e-15,true,true,newton,0.747,false,,0,,NaN,NaN,NaN
base,1.0000,rms,power,"fault bus 7 xf=0.005 clear@0.25",7,0.005,0.25,0.177,0.177,ok,0.786,2.2e-15,ok,0.804,2.4e-15,ok,0.806,1.8e-15,false,true,5,0.806,2.7e-15,true,true,0,0.806,1.9e-15,true,true,4,0.806,2.2e-13,true,true,flat,0.806,false,,0,,NaN,NaN,NaN
base,1.0000,rms,power,"fault bus 7 xf=0.02 clear@0.25",7,0.02,0.25,0.476,0.476,ok,0.899,8.8e-14,ok,0.906,1.4e-13,ok,0.907,1.8e-15,false,true,4,0.907,1.5e-13,true,true,0,0.907,2.0e-15,true,true,4,0.907,3.6e-15,true,true,newton,0.907,false,,0,,NaN,NaN,NaN
base,1.0000,rms,power,"fault bus 8 xf=0.001 clear@0.25",8,0.001,0.25,0.043,0.043,ok,0.717,2.8e-13,ok,0.742,1.8e-15,ok,0.744,3.6e-15,false,true,5,0.744,9.4e-13,true,true,0,0.744,1.8e-15,true,true,5,0.744,1.9e-15,true,true,newton,0.744,false,,0,,NaN,NaN,NaN
base,1.0000,rms,power,"fault bus 8 xf=0.005 clear@0.25",8,0.005,0.25,0.185,0.185,ok,0.786,2.5e-15,ok,0.804,2.7e-15,ok,0.806,2.4e-15,false,true,5,0.806,2.4e-15,true,true,0,0.806,9.4e-16,true,true,4,0.806,4.9e-13,true,true,flat,0.806,false,,0,,NaN,NaN,NaN
base,1.0000,rms,power,"fault bus 8 xf=0.02 clear@0.25",8,0.02,0.25,0.489,0.489,ok,0.901,1.8e-15,ok,0.909,2.2e-15,ok,0.909,1.8e-15,false,true,4,0.909,9.4e-13,true,true,0,0.909,1.7e-15,true,true,4,0.909,3.4e-15,true,true,newton,0.909,false,,0,,NaN,NaN,NaN
base,1.0000,rms,power,"fault bus 9 xf=0.001 clear@0.25",9,0.001,0.25,0.053,0.053,ok,0.927,4.1e-15,ok,0.933,1.8e-15,ok,0.934,1.8e-15,false,true,4,0.934,1.8e-15,true,true,0,0.934,2.9e-15,true,true,4,0.934,1.8e-15,true,true,hc,0.934,false,,0,,NaN,NaN,NaN
base,1.0000,rms,power,"fault bus 9 xf=0.005 clear@0.25",9,0.005,0.25,0.220,0.220,ok,0.947,1.0e-15,ok,0.951,2.5e-15,ok,0.951,2.1e-15,false,true,4,0.951,1.8e-15,true,true,0,0.951,2.7e-15,true,true,4,0.951,1.8e-15,true,true,hc,0.951,false,,0,,NaN,NaN,NaN
base,1.0000,rms,power,"fault bus 9 xf=0.02 clear@0.25",9,0.02,0.25,0.540,0.540,ok,0.977,1.8e-15,ok,0.979,2.5e-15,ok,0.980,2.7e-15,false,true,4,0.980,4.4e-15,true,true,0,0.980,2.7e-15,true,true,4,0.980,3.6e-15,true,true,flat,0.980,false,,0,,NaN,NaN,NaN
base,1.0000,rms,power,"fault bus 10 xf=0.001 clear@0.25",10,0.001,0.25,0.037,0.037,ok,0.624,1.9e-15,ok,0.659,6.9e-15,ok,0.662,7.1e-15,false,true,5,0.662,6.4e-15,true,true,0,0.662,2.7e-15,true,true,5,0.662,2.7e-15,true,true,newton,0.662,false,,0,,NaN,NaN,NaN
base,1.0000,rms,power,"fault bus 10 xf=0.005 clear@0.25",10,0.005,0.25,0.170,0.170,ok,0.718,2.8e-15,ok,0.744,3.6e-15,ok,0.746,2.7e-15,false,true,5,0.746,1.8e-15,true,true,0,0.746,2.1e-15,true,true,4,0.746,1.2e-13,true,true,flat,0.746,false,,0,,NaN,NaN,NaN
base,1.0000,rms,power,"fault bus 10 xf=0.02 clear@0.25",10,0.02,0.25,0.480,0.480,ok,0.873,3.0e-15,ok,0.884,2.2e-15,ok,0.885,1.8e-15,false,true,4,0.885,3.6e-15,true,true,0,0.885,1.8e-15,true,true,4,0.885,1.6e-15,true,true,hc,0.885,false,,0,,NaN,NaN,NaN
base,1.0000,rms,power,"fault bus 11 xf=0.001 clear@0.25",11,0.001,0.25,0.039,0.039,ok,0.673,4.1e-15,ok,0.702,1.1e-14,ok,0.705,1.3e-14,false,true,5,0.706,1.3e-14,true,true,0,0.706,1.6e-15,true,true,5,0.706,3.2e-15,true,true,newton,0.706,false,,0,,NaN,NaN,NaN
base,1.0000,rms,power,"fault bus 11 xf=0.005 clear@0.25",11,0.005,0.25,0.174,0.174,ok,0.754,2.4e-15,ok,0.776,2.0e-15,ok,0.778,1.8e-15,false,true,5,0.778,4.4e-15,true,true,0,0.778,2.7e-15,true,true,4,0.778,1.8e-13,true,true,flat,0.778,false,,0,,NaN,NaN,NaN
base,1.0000,rms,power,"fault bus 11 xf=0.02 clear@0.25",11,0.02,0.25,0.483,0.483,ok,0.888,3.0e-15,ok,0.898,2.7e-15,ok,0.899,1.9e-15,false,true,4,0.899,2.4e-15,true,true,0,0.899,2.4e-15,true,true,4,0.899,1.5e-15,true,true,flat,0.899,false,,0,,NaN,NaN,NaN
base,1.0000,rms,power,"fault bus 12 xf=0.001 clear@0.25",12,0.001,0.25,0.024,0.024,ok,0.895,3.6e-15,ok,0.904,3.8e-15,ok,0.905,2.7e-15,false,true,5,0.905,1.8e-15,true,true,0,0.905,2.7e-15,true,true,4,0.905,2.6e-15,true,true,hc,0.905,false,,0,,NaN,NaN,NaN
base,1.0000,rms,power,"fault bus 12 xf=0.005 clear@0.25",12,0.005,0.25,0.108,0.108,ok,0.910,1.8e-15,ok,0.917,2.0e-15,ok,0.918,1.8e-15,false,true,4,0.918,7.9e-12,true,true,0,0.918,4.4e-15,true,true,4,0.918,2.7e-15,true,true,newton,0.918,false,,0,,NaN,NaN,NaN
base,1.0000,rms,power,"fault bus 12 xf=0.02 clear@0.25",12,0.02,0.25,0.333,0.333,ok,0.944,2.2e-15,ok,0.949,1.8e-15,ok,0.949,2.6e-15,false,true,4,0.949,1.1e-11,true,true,0,0.949,2.7e-15,true,true,4,0.949,2.7e-15,true,true,newton,0.949,false,,0,,NaN,NaN,NaN
base,1.0000,rms,power,"fault bus 13 xf=0.001 clear@0.25",13,0.001,0.25,0.039,0.039,ok,0.687,4.6e-15,ok,0.715,9.3e-15,ok,0.718,9.8e-15,false,true,5,0.718,1.0e-14,true,true,0,0.718,3.7e-15,true,true,4,0.718,8.4e-12,true,true,flat,0.718,false,,0,,NaN,NaN,NaN
base,1.0000,rms,power,"fault bus 13 xf=0.005 clear@0.25",13,0.005,0.25,0.174,0.174,ok,0.764,3.4e-15,ok,0.785,2.7e-15,ok,0.787,1.3e-15,false,true,5,0.787,3.6e-15,true,true,0,0.787,1.8e-15,true,true,4,0.787,2.7e-14,true,true,flat,0.787,false,,0,,NaN,NaN,NaN
base,1.0000,rms,power,"fault bus 13 xf=0.02 clear@0.25",13,0.02,0.25,0.481,0.481,ok,0.892,2.3e-15,ok,0.901,1.8e-15,ok,0.902,2.7e-15,false,true,4,0.902,2.7e-15,true,true,0,0.902,2.2e-15,true,true,4,0.902,3.2e-15,true,true,hc,0.902,false,,0,,NaN,NaN,NaN
base,1.0000,rms,power,"fault bus 14 xf=0.001 clear@0.25",14,0.001,0.25,0.046,0.046,ok,0.758,1.6e-14,ok,0.780,3.5e-14,ok,0.782,3.9e-14,false,true,5,0.782,3.8e-14,true,true,0,0.782,2.7e-15,true,true,4,0.782,1.1e-11,true,true,flat,0.782,false,,0,,NaN,NaN,NaN
base,1.0000,rms,power,"fault bus 14 xf=0.005 clear@0.25",14,0.005,0.25,0.197,0.197,ok,0.822,1.8e-15,ok,0.837,3.4e-15,ok,0.839,2.3e-15,false,true,5,0.839,2.4e-15,true,true,0,0.839,3.7e-15,true,true,4,0.839,1.6e-14,true,true,flat,0.839,false,,0,,NaN,NaN,NaN
base,1.0000,rms,power,"fault bus 14 xf=0.02 clear@0.25",14,0.02,0.25,0.513,0.513,ok,0.922,1.9e-15,ok,0.928,1.8e-15,ok,0.929,1.8e-15,false,true,4,0.929,2.7e-15,true,true,0,0.929,1.4e-15,true,true,4,0.929,1.8e-15,true,true,hc,0.929,false,,0,,NaN,NaN,NaN
base,1.0000,rms,power,"fault bus 15 xf=0.001 clear@0.25",15,0.001,0.25,0.050,0.050,ok,0.904,2.7e-15,ok,0.913,2.7e-15,ok,0.914,3.1e-15,false,true,5,0.914,2.8e-15,true,true,0,0.914,2.2e-15,true,true,5,0.914,1.8e-15,true,true,flat,0.914,false,,0,,NaN,NaN,NaN
base,1.0000,rms,power,"fault bus 15 xf=0.005 clear@0.25",15,0.005,0.25,0.210,0.210,ok,0.929,1.8e-15,ok,0.935,2.2e-15,ok,0.936,1.3e-15,false,true,5,0.936,3.6e-15,true,true,0,0.936,2.7e-15,true,true,4,0.936,2.1e-12,true,true,flat,0.936,false,,0,,NaN,NaN,NaN
base,1.0000,rms,power,"fault bus 15 xf=0.02 clear@0.25",15,0.02,0.25,0.524,0.524,ok,0.968,1.7e-15,ok,0.971,1.8e-15,ok,0.971,2.4e-15,false,true,4,0.971,1.3e-15,true,true,0,0.971,1.3e-15,true,true,4,0.971,1.8e-15,true,true,hc,0.971,false,,0,,NaN,NaN,NaN
base,1.0000,rms,power,"fault bus 16 xf=0.001 clear@0.25",16,0.001,0.25,0.062,0.062,ok,0.865,2.2e-15,ok,0.880,2.1e-15,ok,0.882,2.4e-15,false,true,5,0.882,6.6e-12,true,true,0,0.882,2.7e-15,true,true,5,0.882,8.0e-15,true,true,newton,0.882,false,,0,,NaN,NaN,NaN
base,1.0000,rms,power,"fault bus 16 xf=0.005 clear@0.25",16,0.005,0.25,0.251,0.251,ok,0.913,3.6e-15,ok,0.920,7.0e-15,ok,0.921,7.8e-15,false,true,5,0.921,7.7e-15,true,true,0,0.921,2.6e-15,true,true,5,0.921,2.3e-15,true,true,newton,0.921,false,,0,,NaN,NaN,NaN
base,1.0000,rms,power,"fault bus 16 xf=0.02 clear@0.25",16,0.02,0.25,0.591,0.591,ok,0.959,2.7e-15,ok,0.962,1.8e-15,ok,0.963,1.4e-15,false,true,4,0.963,2.0e-15,true,true,0,0.963,1.8e-15,true,true,4,0.963,1.6e-15,true,true,flat,0.963,false,,0,,NaN,NaN,NaN
base,1.0000,rms,power,"fault bus 17 xf=0.001 clear@0.25",17,0.001,0.25,0.059,0.059,ok,0.922,1.8e-14,ok,0.930,3.7e-14,ok,0.930,3.9e-14,false,true,5,0.930,3.9e-14,true,true,0,0.930,1.8e-15,true,true,5,0.930,3.9e-15,true,true,newton,0.930,false,,0,,NaN,NaN,NaN
base,1.0000,rms,power,"fault bus 17 xf=0.005 clear@0.25",17,0.005,0.25,0.239,0.239,ok,0.945,2.7e-15,ok,0.950,2.7e-15,ok,0.951,2.7e-15,false,true,5,0.951,1.8e-15,true,true,0,0.951,2.6e-15,true,true,4,0.951,1.1e-11,true,true,flat,0.951,false,,0,,NaN,NaN,NaN
base,1.0000,rms,power,"fault bus 17 xf=0.02 clear@0.25",17,0.02,0.25,0.570,0.570,ok,0.973,1.8e-15,ok,0.975,1.6e-15,ok,0.976,2.7e-15,false,true,4,0.976,1.8e-15,true,true,0,0.976,1.8e-15,true,true,4,0.976,1.8e-15,true,true,flat,0.976,false,,0,,NaN,NaN,NaN
base,1.0000,rms,power,"fault bus 18 xf=0.001 clear@0.25",18,0.001,0.25,0.053,0.053,ok,0.929,2.2e-15,ok,0.936,2.7e-15,ok,0.936,1.8e-15,false,true,5,0.936,1.2e-15,true,true,0,0.936,2.1e-15,true,true,4,0.936,1.2e-11,true,true,flat,0.936,false,,0,,NaN,NaN,NaN
base,1.0000,rms,power,"fault bus 18 xf=0.005 clear@0.25",18,0.005,0.25,0.220,0.220,ok,0.947,1.8e-15,ok,0.952,2.7e-15,ok,0.953,2.7e-15,false,true,5,0.953,1.2e-15,true,true,0,0.953,2.7e-15,true,true,4,0.953,1.2e-13,true,true,flat,0.953,false,,0,,NaN,NaN,NaN
base,1.0000,rms,power,"fault bus 18 xf=0.02 clear@0.25",18,0.02,0.25,0.539,0.539,ok,0.978,1.8e-15,ok,0.980,2.7e-15,ok,0.980,1.8e-15,false,true,4,0.981,1.8e-15,true,true,0,0.981,2.7e-15,true,true,4,0.981,2.7e-15,true,true,flat,0.981,false,,0,,NaN,NaN,NaN
base,1.0000,rms,power,"fault bus 19 xf=0.001 clear@0.25",19,0.001,0.25,0.042,0.042,ok,0.800,1.2e-13,ok,0.818,1.9e-15,ok,0.820,2.4e-15,false,true,5,0.820,7.9e-13,true,true,0,0.820,1.8e-15,true,true,5,0.820,1.0e-14,true,true,newton,0.820,false,,0,,NaN,NaN,NaN
base,1.0000,rms,power,"fault bus 19 xf=0.005 clear@0.25",19,0.005,0.25,0.184,0.184,ok,0.844,3.3e-15,ok,0.857,8.2e-15,ok,0.858,1.0e-14,false,true,5,0.859,9.8e-15,true,true,0,0.859,1.8e-15,true,true,5,0.859,1.8e-15,true,true,newton,0.859,false,,0,,NaN,NaN,NaN
base,1.0000,rms,power,"fault bus 19 xf=0.02 clear@0.25",19,0.02,0.25,0.495,0.495,ok,0.921,2.2e-15,ok,0.927,1.8e-15,ok,0.928,2.6e-15,false,true,4,0.928,1.1e-12,true,true,0,0.928,1.8e-15,true,true,4,0.928,3.0e-14,true,true,newton,0.928,false,,0,,NaN,NaN,NaN
base,1.0000,rms,power,"fault bus 20 xf=0.001 clear@0.25",20,0.001,0.25,0.031,0.031,ok,0.807,1.8e-15,ok,0.825,1.8e-15,ok,0.827,1.8e-15,false,true,6,0.827,3.1e-15,true,true,0,0.827,4.4e-15,true,true,5,0.827,1.8e-15,true,true,newton,0.827,false,,0,,NaN,NaN,NaN
base,1.0000,rms,power,"fault bus 20 xf=0.005 clear@0.25",20,0.005,0.25,0.139,0.139,ok,0.840,5.3e-15,ok,0.854,1.7e-14,ok,0.856,1.9e-14,false,true,5,0.856,1.9e-14,true,true,0,0.856,1.9e-15,true,true,5,0.856,1.8e-15,true,true,newton,0.856,false,,0,,NaN,NaN,NaN
base,1.0000,rms,power,"fault bus 20 xf=0.02 clear@0.25",20,0.02,0.25,0.395,0.395,ok,0.911,2.6e-15,ok,0.918,2.7e-15,ok,0.919,1.6e-15,false,true,5,0.919,2.8e-15,true,true,0,0.919,1.6e-15,true,true,4,0.919,5.1e-14,true,true,flat,0.919,false,,0,,NaN,NaN,NaN
base,1.0000,rms,power,"fault bus 21 xf=0.001 clear@0.25",21,0.001,0.25,0.044,0.044,ok,0.885,1.8e-15,ok,0.898,2.7e-15,ok,0.900,2.2e-15,false,true,5,0.900,1.8e-15,true,true,0,0.900,1.3e-15,true,true,5,0.900,2.3e-15,true,true,hc,0.900,false,,0,,NaN,NaN,NaN
base,1.0000,rms,power,"fault bus 21 xf=0.005 clear@0.25",21,0.005,0.25,0.190,0.190,ok,0.918,2.2e-15,ok,0.928,2.7e-15,ok,0.929,3.6e-15,false,true,5,0.929,2.3e-15,true,true,0,0.929,2.0e-15,true,true,4,0.929,7.9e-13,true,true,flat,0.929,false,,0,,NaN,NaN,NaN
base,1.0000,rms,power,"fault bus 21 xf=0.02 clear@0.25",21,0.02,0.25,0.496,0.496,ok,0.969,2.0e-15,ok,0.971,2.7e-15,ok,0.971,2.2e-15,false,true,4,0.971,1.8e-15,true,true,0,0.971,3.6e-15,true,true,4,0.971,2.7e-15,true,true,hc,0.971,false,,0,,NaN,NaN,NaN
base,1.0000,rms,power,"fault bus 22 xf=0.001 clear@0.25",22,0.001,0.25,0.042,0.042,ok,0.827,2.2e-15,ok,0.847,1.5e-15,ok,0.849,3.6e-15,false,true,5,0.849,2.7e-15,true,true,0,0.849,2.7e-15,true,true,5,0.849,2.4e-15,true,true,hc,0.849,false,,0,,NaN,NaN,NaN
base,1.0000,rms,power,"fault bus 22 xf=0.005 clear@0.25",22,0.005,0.25,0.186,0.186,ok,0.879,1.5e-15,ok,0.893,1.9e-15,ok,0.895,1.8e-15,false,true,5,0.895,2.9e-15,true,true,0,0.895,2.7e-15,true,true,4,0.895,2.7e-13,true,true,flat,0.895,false,,0,,NaN,NaN,NaN
base,1.0000,rms,power,"fault bus 22 xf=0.02 clear@0.25",22,0.02,0.25,0.500,0.500,ok,0.961,2.0e-15,ok,0.967,2.7e-15,ok,0.967,1.8e-15,false,true,4,0.967,2.7e-15,true,true,0,0.967,3.1e-15,true,true,4,0.967,2.1e-15,true,true,hc,0.967,false,,0,,NaN,NaN,NaN
base,1.0000,rms,power,"fault bus 23 xf=0.001 clear@0.25",23,0.001,0.25,0.040,0.040,ok,0.814,3.6e-15,ok,0.835,2.4e-15,ok,0.837,1.8e-15,false,true,5,0.837,2.2e-15,true,true,0,0.837,3.1e-15,true,true,5,0.837,1.8e-15,true,true,hc,0.837,false,,0,,NaN,NaN,NaN
base,1.0000,rms,power,"fault bus 23 xf=0.005 clear@0.25",23,0.005,0.25,0.176,0.176,ok,0.867,1.9e-15,ok,0.882,2.7e-15,ok,0.884,1.8e-15,false,true,5,0.884,3.6e-15,true,true,0,0.884,2.7e-15,true,true,4,0.884,8.9e-13,true,true,flat,0.884,false,,0,,NaN,NaN,NaN
base,1.0000,rms,power,"fault bus 23 xf=0.02 clear@0.25",23,0.02,0.25,0.481,0.481,ok,0.958,1.9e-15,ok,0.964,2.7e-15,ok,0.965,2.7e-15,false,true,4,0.965,2.7e-15,true,true,0,0.965,2.7e-15,true,true,4,0.965,3.9e-15,true,true,hc,0.965,false,,0,,NaN,NaN,NaN
base,1.0000,rms,power,"fault bus 24 xf=0.001 clear@0.25",24,0.001,0.25,0.049,0.049,ok,0.899,2.3e-14,ok,0.911,6.9e-14,ok,0.912,7.7e-14,false,true,5,0.912,7.7e-14,true,true,0,0.912,2.7e-15,true,true,5,0.912,2.4e-15,true,true,newton,0.912,false,,0,,NaN,NaN,NaN
base,1.0000,rms,power,"fault bus 24 xf=0.005 clear@0.25",24,0.005,0.25,0.208,0.208,ok,0.930,2.7e-15,ok,0.939,2.2e-15,ok,0.939,1.9e-15,false,true,5,0.939,2.0e-15,true,true,0,0.939,2.4e-15,true,true,4,0.939,1.4e-11,true,true,flat,0.939,false,,0,,NaN,NaN,NaN
base,1.0000,rms,power,"fault bus 24 xf=0.02 clear@0.25",24,0.02,0.25,0.529,0.529,ok,0.965,2.9e-15,ok,0.967,1.8e-15,ok,0.968,2.5e-15,false,true,4,0.968,2.7e-15,true,true,0,0.968,2.6e-15,true,true,4,0.968,2.7e-15,true,true,hc,0.968,false,,0,,NaN,NaN,NaN
base,1.0000,rms,power,"fault bus 25 xf=0.001 clear@0.25",25,0.001,0.25,0.056,0.056,ok,0.922,1.8e-15,ok,0.931,1.8e-15,ok,0.932,2.2e-15,false,true,5,0.932,2.7e-15,true,true,0,0.932,2.7e-15,true,true,4,0.932,2.2e-15,true,true,flat,0.932,false,,0,,NaN,NaN,NaN
base,1.0000,rms,power,"fault bus 25 xf=0.005 clear@0.25",25,0.005,0.25,0.231,0.231,ok,0.944,2.1e-15,ok,0.950,2.1e-15,ok,0.951,2.7e-15,false,true,4,0.951,6.8e-12,true,true,0,0.951,1.8e-15,true,true,4,0.951,1.4e-15,true,true,newton,0.951,false,,0,,NaN,NaN,NaN
base,1.0000,rms,power,"fault bus 25 xf=0.02 clear@0.25",25,0.02,0.25,0.561,0.561,ok,0.982,2.0e-15,ok,0.984,2.7e-15,ok,0.984,2.2e-15,false,true,4,0.984,2.1e-15,true,true,0,0.984,1.8e-15,true,true,4,0.984,1.8e-15,true,true,newton,0.984,false,,0,,NaN,NaN,NaN
base,1.0000,rms,power,"fault bus 26 xf=0.001 clear@0.25",26,0.001,0.25,0.044,0.044,ok,0.977,2.7e-15,ok,0.980,2.7e-15,ok,0.981,2.1e-15,false,true,5,0.981,1.8e-15,true,true,0,0.981,1.8e-15,true,true,4,0.981,5.7e-14,true,true,flat,0.981,false,,0,,NaN,NaN,NaN
base,1.0000,rms,power,"fault bus 26 xf=0.005 clear@0.25",26,0.005,0.25,0.190,0.190,ok,0.984,2.2e-15,ok,0.986,1.3e-15,ok,0.986,2.7e-15,false,true,5,0.986,2.7e-15,true,true,0,0.986,1.8e-15,true,true,4,0.986,1.8e-15,true,true,hc,0.986,false,,0,,NaN,NaN,NaN
base,1.0000,rms,power,"fault bus 26 xf=0.02 clear@0.25",26,0.02,0.25,0.495,0.495,ok,0.992,1.8e-15,ok,0.992,2.7e-15,ok,0.992,2.7e-15,false,true,4,0.992,3.6e-15,true,true,0,0.992,1.8e-15,true,true,4,0.992,2.7e-15,true,true,hc,0.992,false,,0,,NaN,NaN,NaN
base,1.0000,rms,power,"fault bus 27 xf=0.001 clear@0.25",27,0.001,0.25,0.044,0.044,ok,0.970,2.0e-15,ok,0.973,1.8e-15,ok,0.974,2.6e-15,false,true,5,0.974,2.7e-15,true,true,0,0.974,1.7e-15,true,true,4,0.974,4.1e-15,true,true,hc,0.974,false,,0,,NaN,NaN,NaN
base,1.0000,rms,power,"fault bus 27 xf=0.005 clear@0.25",27,0.005,0.25,0.188,0.188,ok,0.977,2.2e-15,ok,0.979,1.8e-15,ok,0.979,1.8e-15,false,true,5,0.979,1.3e-15,true,true,0,0.979,1.8e-15,true,true,4,0.979,1.8e-15,true,true,newton,0.979,false,,0,,NaN,NaN,NaN
base,1.0000,rms,power,"fault bus 27 xf=0.02 clear@0.25",27,0.02,0.25,0.488,0.488,ok,0.986,2.7e-15,ok,0.987,4.4e-15,ok,0.987,3.1e-15,false,true,4,0.987,2.7e-15,true,true,0,0.987,1.8e-15,true,true,4,0.987,1.8e-15,true,true,hc,0.987,false,,0,,NaN,NaN,NaN
base,1.0000,rms,power,"fault bus 28 xf=0.001 clear@0.25",28,0.001,0.25,0.028,0.028,ok,0.968,7.2e-15,ok,0.975,1.9e-14,ok,0.976,2.1e-14,false,true,5,0.976,2.2e-14,true,true,0,0.976,1.8e-15,true,true,4,0.976,5.9e-14,true,true,flat,0.976,false,,0,,NaN,NaN,NaN
base,1.0000,rms,power,"fault bus 28 xf=0.005 clear@0.25",28,0.005,0.25,0.127,0.127,ok,0.979,2.0e-15,ok,0.985,3.1e-15,ok,0.986,2.1e-15,false,true,5,0.986,1.8e-15,true,true,0,0.986,2.2e-15,true,true,4,0.986,2.7e-15,true,true,flat,0.986,false,,0,,NaN,NaN,NaN
base,1.0000,rms,power,"fault bus 28 xf=0.02 clear@0.25",28,0.02,0.25,0.375,0.375,ok,0.996,4.4e-15,ok,0.996,3.6e-15,ok,0.996,4.4e-15,false,true,5,0.996,1.7e-15,true,true,0,0.996,1.3e-15,true,true,4,0.996,2.1e-15,true,true,hc,0.996,false,,0,,NaN,NaN,NaN
base,1.0000,rms,power,"fault bus 29 xf=0.001 clear@0.25",29,0.001,0.25,0.033,0.033,ok,0.927,2.7e-15,ok,0.939,5.8e-15,ok,0.940,6.0e-15,false,true,5,0.940,5.4e-15,true,true,0,0.940,1.4e-15,true,true,4,0.940,1.9e-11,true,true,flat,0.940,false,,0,,NaN,NaN,NaN
base,1.0000,rms,power,"fault bus 29 xf=0.005 clear@0.25",29,0.005,0.25,0.146,0.146,ok,0.945,2.7e-15,ok,0.955,1.8e-15,ok,0.956,3.1e-15,false,true,5,0.956,1.6e-15,true,true,0,0.956,1.8e-15,true,true,4,0.956,5.8e-13,true,true,flat,0.956,false,,0,,NaN,NaN,NaN
base,1.0000,rms,power,"fault bus 29 xf=0.02 clear@0.25",29,0.02,0.25,0.414,0.414,ok,0.990,1.8e-15,ok,0.995,1.9e-15,ok,0.996,1.8e-15,false,true,5,0.996,2.5e-15,true,true,0,0.996,1.9e-15,true,true,4,0.996,1.3e-15,true,true,hc,0.996,false,,0,,NaN,NaN,NaN
base,1.0000,rms,power,"fault bus 30 xf=0.001 clear@0.25",30,0.001,0.25,0.057,0.057,ok,0.981,4.2e-15,ok,0.986,3.0e-15,ok,0.986,1.8e-15,false,true,4,0.986,2.2e-15,true,true,0,0.986,1.8e-15,true,true,4,0.986,2.7e-15,true,true,hc,0.986,false,,0,,NaN,NaN,NaN
base,1.0000,rms,power,"fault bus 30 xf=0.005 clear@0.25",30,0.005,0.25,0.235,0.235,ok,0.995,1.8e-15,ok,0.997,2.5e-15,ok,0.997,2.0e-15,false,true,4,0.997,1.8e-15,true,true,0,0.997,2.7e-15,true,true,4,0.997,1.8e-15,true,true,newton,0.997,false,,0,,NaN,NaN,NaN
base,1.0000,rms,power,"fault bus 30 xf=0.02 clear@0.25",30,0.02,0.25,0.563,0.563,ok,1.000,5.3e-15,ok,1.000,1.8e-15,ok,1.000,2.7e-15,false,true,4,1.000,1.8e-15,true,true,0,1.000,1.8e-15,true,true,4,1.000,1.8e-15,true,true,hc,1.000,false,,0,,NaN,NaN,NaN
base,1.0000,rms,power,"fault bus 31 xf=0.001 clear@0.25",31,0.001,0.25,0.023,0.023,ok,0.573,2.1e-15,ok,0.612,2.0e-13,ok,0.616,2.4e-13,false,true,4,0.617,2.6e-13,true,true,0,0.617,2.6e-15,true,true,4,0.617,4.7e-12,true,true,flat,0.617,false,,0,,NaN,NaN,NaN
base,1.0000,rms,power,"fault bus 31 xf=0.005 clear@0.25",31,0.005,0.25,0.115,0.115,ok,0.667,3.9e-14,ok,0.697,8.7e-15,ok,0.700,1.8e-14,false,true,4,0.700,1.9e-14,true,true,0,0.700,2.7e-15,true,true,4,0.700,1.5e-13,true,true,flat,0.700,false,,0,,NaN,NaN,NaN
base,1.0000,rms,power,"fault bus 31 xf=0.02 clear@0.25",31,0.02,0.25,0.375,0.375,ok,0.837,3.6e-15,ok,0.850,2.1e-15,ok,0.851,1.8e-15,false,true,4,0.852,1.9e-15,true,true,0,0.852,2.7e-15,true,true,4,0.852,2.7e-15,true,true,newton,0.852,false,,0,,NaN,NaN,NaN
base,1.0000,rms,power,"fault bus 32 xf=0.001 clear@0.25",32,0.001,0.25,0.024,0.024,ok,0.590,1.2e-14,ok,0.628,2.4e-15,ok,0.632,3.0e-15,false,true,4,0.633,3.0e-15,true,true,0,0.633,2.1e-15,true,true,4,0.633,7.1e-15,true,true,flat,0.633,false,,0,,NaN,NaN,NaN
base,1.0000,rms,power,"fault bus 32 xf=0.005 clear@0.25",32,0.005,0.25,0.118,0.118,ok,0.682,7.7e-15,ok,0.710,1.8e-15,ok,0.713,2.4e-15,false,true,4,0.714,2.5e-15,true,true,0,0.714,2.1e-15,true,true,4,0.714,2.1e-15,true,true,hc,0.714,false,,0,,NaN,NaN,NaN
base,1.0000,rms,power,"fault bus 32 xf=0.02 clear@0.25",32,0.02,0.25,0.382,0.382,ok,0.845,3.0e-15,ok,0.858,2.1e-15,ok,0.859,1.9e-15,false,true,4,0.859,1.8e-15,true,true,0,0.859,2.1e-15,true,true,4,0.859,2.1e-15,true,true,flat,0.859,false,,0,,NaN,NaN,NaN
base,1.0000,rms,power,"fault bus 33 xf=0.001 clear@0.25",33,0.001,0.25,0.040,0.040,ok,0.805,3.3e-15,ok,0.824,2.8e-15,ok,0.826,2.9e-15,false,true,5,0.826,1.8e-15,true,true,0,0.826,1.8e-15,true,true,4,0.826,3.3e-11,true,true,flat,0.826,false,,0,,NaN,NaN,NaN
base,1.0000,rms,power,"fault bus 33 xf=0.005 clear@0.25",33,0.005,0.25,0.177,0.177,ok,0.859,2.0e-15,ok,0.871,2.0e-15,ok,0.873,2.7e-15,false,true,5,0.873,2.7e-15,true,true,0,0.873,2.9e-15,true,true,4,0.873,3.3e-13,true,true,flat,0.873,false,,0,,NaN,NaN,NaN
base,1.0000,rms,power,"fault bus 33 xf=0.02 clear@0.25",33,0.02,0.25,0.478,0.478,ok,0.938,1.8e-15,ok,0.943,2.0e-15,ok,0.943,2.7e-15,false,true,4,0.943,2.0e-15,true,true,0,0.943,1.8e-15,true,true,4,0.943,2.7e-15,true,true,hc,0.943,false,,0,,NaN,NaN,NaN
base,1.0000,rms,power,"fault bus 34 xf=0.001 clear@0.25",34,0.001,0.25,0.022,0.022,ok,0.781,1.8e-15,ok,0.801,2.9e-15,ok,0.803,3.2e-15,false,true,5,0.804,3.6e-15,true,true,0,0.804,2.2e-15,true,true,4,0.804,4.7e-12,true,true,flat,0.804,false,,0,,NaN,NaN,NaN
base,1.0000,rms,power,"fault bus 34 xf=0.005 clear@0.25",34,0.005,0.25,0.101,0.101,ok,0.813,2.7e-15,ok,0.830,3.1e-15,ok,0.832,2.7e-15,false,true,5,0.832,2.0e-15,true,true,0,0.832,3.6e-15,true,true,4,0.832,2.8e-13,true,true,flat,0.832,false,,0,,NaN,NaN,NaN
base,1.0000,rms,power,"fault bus 34 xf=0.02 clear@0.25",34,0.02,0.25,0.319,0.319,ok,0.887,3.3e-14,ok,0.897,8.8e-14,ok,0.898,9.6e-14,false,true,4,0.898,9.7e-14,true,true,0,0.898,1.8e-15,true,true,4,0.898,1.3e-15,true,true,newton,0.898,false,,0,,NaN,NaN,NaN
base,1.0000,rms,power,"fault bus 35 xf=0.001 clear@0.25",35,0.001,0.25,0.038,0.038,ok,0.841,2.2e-15,ok,0.860,1.8e-15,ok,0.862,1.8e-15,false,true,4,0.862,6.1e-13,true,true,0,0.862,1.8e-15,true,true,4,0.862,2.7e-15,true,true,newton,0.862,false,,0,,NaN,NaN,NaN
base,1.0000,rms,power,"fault bus 35 xf=0.005 clear@0.25",35,0.005,0.25,0.170,0.170,ok,0.892,1.2e-14,ok,0.906,2.0e-15,ok,0.907,1.8e-15,false,true,4,0.907,3.6e-15,true,true,0,0.907,3.0e-15,true,true,4,0.907,3.1e-15,true,true,newton,0.907,false,,0,,NaN,NaN,NaN
base,1.0000,rms,power,"fault bus 35 xf=0.02 clear@0.25",35,0.02,0.25,0.473,0.473,ok,0.971,2.2e-15,ok,0.976,1.8e-15,ok,0.977,2.7e-15,false,true,4,0.977,1.9e-15,true,true,0,0.977,3.7e-15,true,true,4,0.977,3.3e-15,true,true,flat,0.977,false,,0,,NaN,NaN,NaN
base,1.0000,rms,power,"fault bus 36 xf=0.001 clear@0.25",36,0.001,0.25,0.029,0.029,ok,0.749,1.3e-13,ok,0.776,6.5e-15,ok,0.779,7.8e-15,false,true,4,0.779,6.3e-15,true,true,0,0.779,1.8e-15,true,true,4,0.779,2.7e-15,true,true,newton,0.779,false,,0,,NaN,NaN,NaN
base,1.0000,rms,power,"fault bus 36 xf=0.005 clear@0.25",36,0.005,0.25,0.137,0.137,ok,0.820,1.2e-14,ok,0.840,2.7e-15,ok,0.842,1.8e-15,false,true,4,0.842,2.7e-15,true,true,0,0.842,3.6e-15,true,true,4,0.842,1.8e-15,true,true,hc,0.842,false,,0,,NaN,NaN,NaN
base,1.0000,rms,power,"fault bus 36 xf=0.02 clear@0.25",36,0.02,0.25,0.416,0.416,ok,0.940,2.8e-15,ok,0.948,2.7e-15,ok,0.949,2.5e-15,false,true,4,0.949,1.8e-15,true,true,0,0.949,2.3e-15,true,true,4,0.949,1.8e-15,true,true,flat,0.949,false,,0,,NaN,NaN,NaN
base,1.0000,rms,power,"fault bus 37 xf=0.001 clear@0.25",37,0.001,0.25,0.036,0.036,ok,0.912,1.8e-15,ok,0.922,2.2e-15,ok,0.923,1.8e-15,false,true,4,0.923,3.6e-15,true,true,0,0.923,1.8e-15,true,true,4,0.923,2.2e-15,true,true,hc,0.923,false,,0,,NaN,NaN,NaN
base,1.0000,rms,power,"fault bus 37 xf=0.005 clear@0.25",37,0.005,0.25,0.158,0.158,ok,0.936,2.7e-15,ok,0.943,1.3e-15,ok,0.943,1.8e-15,false,true,4,0.943,1.8e-15,true,true,0,0.943,2.2e-15,true,true,4,0.943,2.0e-15,true,true,hc,0.943,false,,0,,NaN,NaN,NaN
base,1.0000,rms,power,"fault bus 37 xf=0.02 clear@0.25",37,0.02,0.25,0.437,0.437,ok,0.976,1.8e-15,ok,0.979,1.7e-15,ok,0.979,2.2e-15,false,true,4,0.979,1.8e-15,true,true,0,0.979,1.4e-15,true,true,4,0.979,1.4e-15,true,true,hc,0.979,false,,0,,NaN,NaN,NaN
base,1.0000,rms,power,"fault bus 38 xf=0.001 clear@0.25",38,0.001,0.25,0.038,0.038,ok,0.907,3.6e-15,ok,0.921,1.8e-15,ok,0.923,2.7e-15,false,true,5,0.923,2.7e-15,true,true,0,0.923,1.7e-15,true,true,4,0.923,1.4e-12,true,true,flat,0.923,false,,0,,NaN,NaN,NaN
base,1.0000,rms,power,"fault bus 38 xf=0.005 clear@0.25",38,0.005,0.25,0.167,0.167,ok,0.935,2.7e-15,ok,0.946,2.7e-15,ok,0.947,2.6e-15,false,true,5,0.947,2.2e-15,true,true,0,0.947,2.1e-15,true,true,4,0.947,8.9e-15,true,true,flat,0.947,false,,0,,NaN,NaN,NaN
base,1.0000,rms,power,"fault bus 38 xf=0.02 clear@0.25",38,0.02,0.25,0.457,0.457,ok,0.990,1.8e-15,ok,0.995,1.5e-15,ok,0.996,1.8e-15,false,true,4,0.996,1.8e-15,true,true,0,0.996,1.8e-15,true,true,4,0.996,2.7e-15,true,true,newton,0.996,false,,0,,NaN,NaN,NaN
base,1.0000,rms,power,"fault bus 1 xf=0.001 cleared by trip 1-2",1,0.001,0.25,0.056,0.056,ok,0.999,1.8e-15,ok,0.999,2.2e-15,ok,0.999,1.8e-15,false,true,4,0.999,1.8e-15,true,true,0,0.999,1.8e-15,true,true,4,0.999,2.7e-15,true,true,hc,0.999,false,,0,,NaN,NaN,NaN
base,1.0000,rms,power,"fault bus 1 xf=0.005 cleared by trip 1-2",1,0.005,0.25,0.230,0.230,ok,0.999,1.8e-15,ok,0.999,1.8e-15,ok,0.999,1.8e-15,false,true,4,0.999,1.8e-15,true,true,0,0.999,4.4e-15,true,true,4,0.999,3.6e-15,true,true,hc,0.999,false,,0,,NaN,NaN,NaN
base,1.0000,rms,power,"fault bus 1 xf=0.001 cleared by trip 1-39",1,0.001,0.25,0.056,0.056,ok,1.001,3.6e-15,ok,1.001,3.6e-15,ok,1.002,1.8e-15,false,true,4,1.002,2.5e-15,true,true,0,1.002,1.8e-15,true,true,4,1.002,2.7e-15,true,true,hc,1.002,false,,0,,NaN,NaN,NaN
base,1.0000,rms,power,"fault bus 1 xf=0.005 cleared by trip 1-39",1,0.005,0.25,0.230,0.230,ok,1.002,2.7e-15,ok,1.002,2.7e-15,ok,1.002,2.7e-15,false,true,4,1.002,1.3e-15,true,true,0,1.002,1.9e-15,true,true,4,1.002,3.6e-15,true,true,hc,1.002,false,,0,,NaN,NaN,NaN
base,1.0000,rms,power,"fault bus 2 xf=0.001 cleared by trip 2-3",2,0.001,0.25,0.069,0.069,ok,0.918,2.7e-15,ok,0.921,3.1e-15,ok,0.922,4.0e-15,false,true,5,0.922,4.4e-15,true,true,0,0.922,2.7e-15,true,true,4,0.922,1.8e-15,true,true,newton,0.922,false,,0,,NaN,NaN,NaN
base,1.0000,rms,power,"fault bus 2 xf=0.005 cleared by trip 2-3",2,0.005,0.25,0.273,0.273,ok,0.929,1.9e-15,ok,0.932,3.3e-15,ok,0.932,2.2e-15,false,true,4,0.932,6.9e-12,true,true,0,0.932,1.8e-15,true,true,4,0.932,1.8e-15,true,true,newton,0.932,false,,0,,NaN,NaN,NaN
base,1.0000,rms,power,"fault bus 2 xf=0.001 cleared by trip 2-25",2,0.001,0.25,0.069,0.069,ok,0.951,2.1e-15,ok,0.956,2.7e-15,ok,0.956,2.7e-15,false,true,5,0.956,1.8e-15,true,true,0,0.956,2.9e-15,true,true,4,0.956,2.4e-15,true,true,hc,0.956,false,,0,,NaN,NaN,NaN
base,1.0000,rms,power,"fault bus 2 xf=0.005 cleared by trip 2-25",2,0.005,0.25,0.273,0.273,ok,0.968,2.4e-15,ok,0.971,2.4e-15,ok,0.971,1.2e-15,false,true,4,0.971,1.5e-11,true,true,0,0.971,2.1e-15,true,true,4,0.971,2.0e-15,true,true,newton,0.971,false,,0,,NaN,NaN,NaN
base,1.0000,rms,power,"fault bus 3 xf=0.001 cleared by trip 3-4",3,0.001,0.25,0.061,0.061,ok,0.894,6.8e-14,ok,0.903,1.5e-13,ok,0.904,1.6e-13,false,true,5,0.904,1.6e-13,true,true,0,0.904,1.6e-15,true,true,4,0.904,4.6e-12,true,true,flat,0.904,false,,0,,NaN,NaN,NaN
base,1.0000,rms,power,"fault bus 3 xf=0.005 cleared by trip 3-4",3,0.005,0.25,0.245,0.245,ok,0.924,2.5e-15,ok,0.931,1.8e-15,ok,0.932,1.8e-15,false,true,5,0.932,1.8e-15,true,true,0,0.932,3.3e-15,true,true,4,0.932,1.8e-14,true,true,hc,0.932,false,,0,,NaN,NaN,NaN
base,1.0000,rms,power,"fault bus 3 xf=0.001 cleared by trip 3-18",3,0.001,0.25,0.061,0.061,ok,0.892,8.6e-14,ok,0.901,1.9e-13,ok,0.902,2.1e-13,false,true,5,0.902,2.1e-13,true,true,0,0.902,1.8e-15,true,true,4,0.902,5.8e-12,true,true,flat,0.902,false,,0,,NaN,NaN,NaN
base,1.0000,rms,power,"fault bus 3 xf=0.005 cleared by trip 3-18",3,0.005,0.25,0.245,0.245,ok,0.922,2.7e-15,ok,0.928,3.0e-15,ok,0.929,1.8e-15,false,true,5,0.929,2.7e-15,true,true,0,0.929,1.8e-15,true,true,4,0.929,2.6e-14,true,true,flat,0.929,false,,0,,NaN,NaN,NaN
base,1.0000,rms,power,"fault bus 4 xf=0.001 cleared by trip 4-5",4,0.001,0.25,0.049,0.049,ok,0.758,2.2e-13,ok,0.780,2.2e-15,ok,0.783,2.9e-15,false,true,5,0.783,7.2e-13,true,true,0,0.783,1.3e-15,true,true,5,0.783,1.9e-15,true,true,newton,0.783,false,,0,,NaN,NaN,NaN
base,1.0000,rms,power,"fault bus 4 xf=0.005 cleared by trip 4-5",4,0.005,0.25,0.208,0.208,ok,0.827,4.4e-15,ok,0.843,2.2e-15,ok,0.845,2.9e-15,false,true,5,0.845,3.3e-15,true,true,0,0.845,2.9e-15,true,true,4,0.845,2.0e-13,true,true,flat,0.845,false,,0,,NaN,NaN,NaN
base,1.0000,rms,power,"fault bus 4 xf=0.001 cleared by trip 4-14",4,0.001,0.25,0.049,0.049,ok,0.749,3.6e-15,ok,0.771,2.0e-15,ok,0.773,4.3e-15,false,true,5,0.773,1.8e-12,true,true,0,0.773,2.2e-15,true,true,5,0.773,2.2e-15,true,true,newton,0.773,false,,0,,NaN,NaN,NaN
base,1.0000,rms,power,"fault bus 4 xf=0.005 cleared by trip 4-14",4,0.005,0.25,0.208,0.208,ok,0.817,2.8e-15,ok,0.832,2.7e-15,ok,0.833,2.7e-15,false,true,5,0.833,1.8e-15,true,true,0,0.833,2.1e-15,true,true,4,0.833,2.2e-13,true,true,flat,0.833,false,,0,,NaN,NaN,NaN
base,1.0000,rms,power,"fault bus 5 xf=0.001 cleared by trip 5-6",5,0.001,0.25,0.043,0.043,ok,0.648,3.6e-15,ok,0.681,7.8e-15,ok,0.684,9.0e-15,false,true,5,0.685,8.7e-15,true,true,0,0.685,1.8e-15,true,true,5,0.685,2.7e-15,true,true,hc,0.685,false,,0,,NaN,NaN,NaN
base,1.0000,rms,power,"fault bus 5 xf=0.005 cleared by trip 5-6",5,0.005,0.25,0.190,0.190,ok,0.747,5.6e-15,ok,0.770,1.0e-14,ok,0.772,1.1e-14,false,true,5,0.773,1.1e-14,true,true,0,0.773,2.5e-15,true,true,4,0.773,5.8e-12,true,true,flat,0.773,false,,0,,NaN,NaN,NaN
base,1.0000,rms,power,"fault bus 5 xf=0.001 cleared by trip 5-8",5,0.001,0.25,0.043,0.043,ok,0.637,4.7e-15,ok,0.670,1.5e-14,ok,0.674,1.7e-14,false,true,5,0.674,1.7e-14,true,true,0,0.674,3.2e-15,true,true,5,0.674,2.6e-15,true,true,newton,0.674,false,,0,,NaN,NaN,NaN
base,1.0000,rms,power,"fault bus 5 xf=0.005 cleared by trip 5-8",5,0.005,0.25,0.190,0.190,ok,0.736,1.3e-14,ok,0.759,2.7e-14,ok,0.761,2.8e-14,false,true,5,0.762,2.9e-14,true,true,0,0.762,1.8e-15,true,true,4,0.762,4.9e-12,true,true,flat,0.762,false,,0,,NaN,NaN,NaN
base,1.0000,rms,power,"fault bus 6 xf=0.001 cleared by trip 6-7",6,0.001,0.25,0.042,0.042,ok,0.603,2.9e-15,ok,0.640,1.2e-14,ok,0.644,1.3e-14,false,true,5,0.644,1.2e-14,true,true,0,0.644,2.2e-15,true,true,5,0.644,2.7e-15,true,true,newton,0.644,false,,0,,NaN,NaN,NaN
base,1.0000,rms,power,"fault bus 6 xf=0.005 cleared by trip 6-7",6,0.005,0.25,0.186,0.186,ok,0.712,8.2e-15,ok,0.738,1.7e-14,ok,0.740,1.9e-14,false,true,5,0.741,1.8e-14,true,true,0,0.741,1.8e-15,true,true,4,0.741,1.1e-11,true,true,flat,0.741,false,,0,,NaN,NaN,NaN
base,1.0000,rms,power,"fault bus 6 xf=0.001 cleared by trip 6-11",6,0.001,0.25,0.042,0.042,ok,0.565,3.0e-15,ok,0.605,7.1e-15,ok,0.609,8.7e-15,false,true,5,0.609,1.0e-14,true,true,0,0.609,2.3e-15,true,true,5,0.609,2.7e-15,true,true,newton,0.609,false,,0,,NaN,NaN,NaN
base,1.0000,rms,power,"fault bus 6 xf=0.005 cleared by trip 6-11",6,0.005,0.25,0.186,0.186,ok,0.681,5.3e-15,ok,0.709,1.2e-14,ok,0.712,1.3e-14,false,true,5,0.712,1.4e-14,true,true,0,0.712,2.7e-15,true,true,4,0.712,1.8e-11,true,true,flat,0.712,false,,0,,NaN,NaN,NaN
base,1.0000,rms,power,"fault bus 7 xf=0.001 cleared by trip 7-8",7,0.001,0.25,0.040,0.040,ok,0.724,6.7e-15,ok,0.749,1.6e-14,ok,0.751,1.8e-14,false,true,5,0.751,1.9e-14,true,true,0,0.751,2.7e-15,true,true,5,0.751,2.7e-15,true,true,newton,0.751,false,,0,,NaN,NaN,NaN
base,1.0000,rms,power,"fault bus 7 xf=0.005 cleared by trip 7-8",7,0.005,0.25,0.177,0.177,ok,0.790,4.2e-15,ok,0.808,1.8e-15,ok,0.810,2.8e-15,false,true,5,0.810,2.7e-15,true,true,0,0.810,2.7e-15,true,true,4,0.810,2.5e-13,true,true,flat,0.810,false,,0,,NaN,NaN,NaN
base,1.0000,rms,power,"fault bus 8 xf=0.001 cleared by trip 8-9",8,0.001,0.25,0.043,0.043,ok,0.744,1.8e-15,ok,0.765,1.8e-15,ok,0.767,2.3e-15,false,true,5,0.768,4.2e-12,true,true,0,0.768,1.9e-15,true,true,5,0.768,3.6e-15,true,true,newton,0.768,false,,0,,NaN,NaN,NaN
base,1.0000,rms,power,"fault bus 8 xf=0.005 cleared by trip 8-9",8,0.005,0.25,0.185,0.185,ok,0.805,9.9e-14,ok,0.820,2.0e-15,ok,0.822,2.3e-15,false,true,5,0.822,2.2e-13,true,true,0,0.822,2.7e-15,true,true,5,0.822,2.7e-15,true,true,newton,0.822,false,,0,,NaN,NaN,NaN
base,1.0000,rms,power,"fault bus 9 xf=0.001 cleared by trip 9-39",9,0.001,0.25,0.053,0.053,ok,0.938,2.7e-15,ok,0.942,2.3e-15,ok,0.943,1.8e-15,false,true,4,0.943,2.6e-15,true,true,0,0.943,1.4e-15,true,true,4,0.943,1.4e-15,true,true,hc,0.943,false,,0,,NaN,NaN,NaN
base,1.0000,rms,power,"fault bus 9 xf=0.005 cleared by trip 9-39",9,0.005,0.25,0.220,0.220,ok,0.954,2.3e-15,ok,0.957,3.4e-15,ok,0.958,2.7e-15,false,true,4,0.958,2.7e-15,true,true,0,0.958,1.2e-15,true,true,4,0.958,1.8e-15,true,true,hc,0.958,false,,0,,NaN,NaN,NaN
base,1.0000,rms,power,"fault bus 10 xf=0.001 cleared by trip 10-11",10,0.001,0.25,0.037,0.037,ok,0.639,8.0e-15,ok,0.673,1.9e-14,ok,0.677,2.0e-14,false,true,5,0.677,2.0e-14,true,true,0,0.677,2.7e-15,true,true,5,0.677,2.7e-15,true,true,newton,0.677,false,,0,,NaN,NaN,NaN
base,1.0000,rms,power,"fault bus 10 xf=0.005 cleared by trip 10-11",10,0.005,0.25,0.170,0.170,ok,0.732,1.5e-15,ok,0.757,2.1e-15,ok,0.759,2.3e-15,false,true,5,0.760,8.9e-16,true,true,0,0.760,1.8e-15,true,true,4,0.760,6.9e-14,true,true,flat,0.760,false,,0,,NaN,NaN,NaN
base,1.0000,rms,power,"fault bus 10 xf=0.001 cleared by trip 10-13",10,0.001,0.25,0.037,0.037,ok,0.635,3.1e-15,ok,0.669,4.8e-15,ok,0.673,5.9e-15,false,true,5,0.673,5.6e-15,true,true,0,0.673,2.8e-15,true,true,5,0.673,3.6e-15,true,true,newton,0.673,false,,0,,NaN,NaN,NaN
base,1.0000,rms,power,"fault bus 10 xf=0.005 cleared by trip 10-13",10,0.005,0.25,0.170,0.170,ok,0.729,3.0e-15,ok,0.754,3.0e-15,ok,0.757,1.8e-15,false,true,5,0.757,2.8e-15,true,true,0,0.757,1.8e-15,true,true,4,0.757,1.7e-13,true,true,flat,0.757,false,,0,,NaN,NaN,NaN
base,1.0000,rms,power,"fault bus 13 xf=0.001 cleared by trip 13-14",13,0.001,0.25,0.039,0.039,ok,0.700,3.3e-15,ok,0.729,8.0e-15,ok,0.732,8.3e-15,false,true,5,0.732,8.3e-15,true,true,0,0.732,2.5e-15,true,true,5,0.732,1.3e-15,true,true,newton,0.732,false,,0,,NaN,NaN,NaN
base,1.0000,rms,power,"fault bus 13 xf=0.005 cleared by trip 13-14",13,0.005,0.25,0.174,0.174,ok,0.777,2.7e-15,ok,0.799,3.6e-15,ok,0.801,1.8e-15,false,true,5,0.801,1.8e-15,true,true,0,0.801,3.1e-15,true,true,4,0.801,2.5e-13,true,true,flat,0.801,false,,0,,NaN,NaN,NaN
base,1.0000,rms,power,"fault bus 14 xf=0.001 cleared by trip 14-15",14,0.001,0.25,0.046,0.046,ok,0.744,3.9e-14,ok,0.768,9.7e-14,ok,0.770,1.1e-13,false,true,5,0.770,1.1e-13,true,true,0,0.770,1.8e-15,true,true,5,0.770,2.8e-15,true,true,newton,0.770,false,,0,,NaN,NaN,NaN
base,1.0000,rms,power,"fault bus 14 xf=0.005 cleared by trip 14-15",14,0.005,0.25,0.197,0.197,ok,0.813,2.0e-15,ok,0.829,3.4e-15,ok,0.831,2.2e-15,false,true,5,0.831,2.2e-15,true,true,0,0.831,3.1e-15,true,true,4,0.831,5.9e-14,true,true,flat,0.831,false,,0,,NaN,NaN,NaN
base,1.0000,rms,power,"fault bus 15 xf=0.001 cleared by trip 15-16",15,0.001,0.25,0.050,0.050,ok,0.855,3.1e-15,ok,0.864,4.4e-15,ok,0.865,1.8e-15,false,true,6,0.865,2.3e-15,true,true,0,0.865,3.6e-15,true,true,5,0.865,3.6e-15,true,true,hc,0.865,false,,0,,NaN,NaN,NaN
base,1.0000,rms,power,"fault bus 15 xf=0.005 cleared by trip 15-16",15,0.005,0.25,0.210,0.210,ok,0.880,2.3e-15,ok,0.887,3.1e-15,ok,0.888,4.0e-15,false,true,5,0.888,4.2e-15,true,true,0,0.888,2.4e-15,true,true,4,0.888,2.7e-12,true,true,flat,0.888,false,,0,,NaN,NaN,NaN
base,1.0000,rms,power,"fault bus 16 xf=0.001 cleared by trip 16-17",16,0.001,0.25,0.062,0.062,ok,0.891,2.7e-15,ok,0.904,2.7e-15,ok,0.906,2.7e-15,false,true,6,0.906,2.1e-15,true,true,0,0.906,2.1e-15,true,true,5,0.906,5.6e-13,true,true,flat,0.906,false,,0,,NaN,NaN,NaN
base,1.0000,rms,power,"fault bus 16 xf=0.005 cleared by trip 16-17",16,0.005,0.25,0.251,0.251,ok,0.930,6.8e-14,ok,0.937,1.8e-15,ok,0.938,2.5e-15,false,true,5,0.938,1.5e-13,true,true,0,0.938,1.8e-15,true,true,5,0.938,1.8e-15,true,true,newton,0.938,false,,0,,NaN,NaN,NaN
base,1.0000,rms,power,"fault bus 16 xf=0.001 cleared by trip 16-21",16,0.001,0.25,0.062,0.062,ok,0.869,3.2e-15,ok,0.880,1.8e-15,ok,0.881,2.9e-15,false,true,5,0.881,1.0e-11,true,true,0,0.881,2.7e-15,true,true,5,0.881,6.7e-15,true,true,newton,0.881,false,,0,,NaN,NaN,NaN
base,1.0000,rms,power,"fault bus 16 xf=0.005 cleared by trip 16-21",16,0.005,0.25,0.251,0.251,ok,0.902,4.1e-15,ok,0.910,7.1e-15,ok,0.911,8.3e-15,false,true,5,0.911,8.0e-15,true,true,0,0.911,2.0e-15,true,true,5,0.911,1.8e-15,true,true,newton,0.911,false,,0,,NaN,NaN,NaN
base,1.0000,rms,power,"fault bus 16 xf=0.001 cleared by trip 16-24",16,0.001,0.25,0.062,0.062,ok,0.870,1.8e-15,ok,0.884,2.7e-15,ok,0.886,2.6e-15,false,true,6,0.886,2.4e-15,true,true,0,0.886,1.8e-15,true,true,5,0.886,8.2e-13,true,true,flat,0.886,false,,0,,NaN,NaN,NaN
base,1.0000,rms,power,"fault bus 16 xf=0.005 cleared by trip 16-24",16,0.005,0.25,0.251,0.251,ok,0.909,2.2e-15,ok,0.916,2.7e-15,ok,0.917,2.7e-15,false,true,5,0.917,2.1e-12,true,true,0,0.917,4.4e-15,true,true,5,0.917,2.7e-15,true,true,newton,0.917,false,,0,,NaN,NaN,NaN
base,1.0000,rms,power,"fault bus 17 xf=0.001 cleared by trip 17-18",17,0.001,0.25,0.059,0.059,ok,0.916,1.7e-14,ok,0.923,3.5e-14,ok,0.924,3.7e-14,false,true,5,0.924,3.8e-14,true,true,0,0.924,3.6e-15,true,true,5,0.924,2.7e-15,true,true,newton,0.924,false,,0,,NaN,NaN,NaN
base,1.0000,rms,power,"fault bus 17 xf=0.005 cleared by trip 17-18",17,0.005,0.25,0.239,0.239,ok,0.939,2.2e-15,ok,0.944,2.2e-15,ok,0.945,3.0e-15,false,true,5,0.945,1.8e-15,true,true,0,0.945,2.5e-15,true,true,4,0.945,2.0e-11,true,true,flat,0.945,false,,0,,NaN,NaN,NaN
base,1.0000,rms,power,"fault bus 17 xf=0.001 cleared by trip 17-27",17,0.001,0.25,0.059,0.059,ok,0.923,3.5e-14,ok,0.930,5.6e-14,ok,0.931,5.8e-14,false,true,5,0.931,5.9e-14,true,true,0,0.931,1.8e-15,true,true,5,0.931,2.7e-15,true,true,newton,0.931,false,,0,,NaN,NaN,NaN
base,1.0000,rms,power,"fault bus 17 xf=0.005 cleared by trip 17-27",17,0.005,0.25,0.239,0.239,ok,0.945,2.9e-15,ok,0.951,1.8e-15,ok,0.951,3.0e-15,false,true,5,0.951,2.7e-15,true,true,0,0.951,2.7e-15,true,true,4,0.951,1.9e-11,true,true,flat,0.951,false,,0,,NaN,NaN,NaN
base,1.0000,rms,power,"fault bus 21 xf=0.001 cleared by trip 21-22",21,0.001,0.25,0.044,0.044,ok,0.888,7.2e-14,ok,0.899,1.8e-13,ok,0.900,2.0e-13,false,true,5,0.900,2.0e-13,true,true,0,0.900,2.8e-15,true,true,4,0.900,6.6e-12,true,true,flat,0.900,false,,0,,NaN,NaN,NaN
base,1.0000,rms,power,"fault bus 21 xf=0.005 cleared by trip 21-22",21,0.005,0.25,0.190,0.190,ok,0.913,2.7e-15,ok,0.921,1.9e-15,ok,0.921,2.7e-15,false,true,5,0.922,2.7e-15,true,true,0,0.922,2.7e-15,true,true,4,0.922,1.1e-13,true,true,flat,0.922,false,,0,,NaN,NaN,NaN
base,1.0000,rms,power,"fault bus 22 xf=0.001 cleared by trip 22-23",22,0.001,0.25,0.042,0.042,ok,0.815,2.5e-15,ok,0.833,3.7e-15,ok,0.835,2.7e-15,false,true,5,0.835,2.2e-15,true,true,0,0.835,2.0e-15,true,true,5,0.835,1.5e-15,true,true,hc,0.835,false,,0,,NaN,NaN,NaN
base,1.0000,rms,power,"fault bus 22 xf=0.005 cleared by trip 22-23",22,0.005,0.25,0.186,0.186,ok,0.865,3.6e-15,ok,0.878,2.8e-15,ok,0.880,1.8e-15,false,true,5,0.880,3.6e-15,true,true,0,0.880,6.7e-15,true,true,4,0.880,1.8e-12,true,true,flat,0.880,false,,0,,NaN,NaN,NaN
base,1.0000,rms,power,"fault bus 23 xf=0.001 cleared by trip 23-24",23,0.001,0.25,0.040,0.040,ok,0.824,2.3e-15,ok,0.844,2.4e-15,ok,0.846,2.7e-15,false,true,5,0.846,2.7e-15,true,true,0,0.846,1.8e-15,true,true,5,0.846,1.8e-15,true,true,hc,0.846,false,,0,,NaN,NaN,NaN
base,1.0000,rms,power,"fault bus 23 xf=0.005 cleared by trip 23-24",23,0.005,0.25,0.176,0.176,ok,0.875,4.0e-15,ok,0.888,2.7e-15,ok,0.890,1.8e-15,false,true,5,0.890,1.8e-15,true,true,0,0.890,1.8e-15,true,true,4,0.890,7.9e-12,true,true,flat,0.890,false,,0,,NaN,NaN,NaN
base,1.0000,rms,power,"fault bus 25 xf=0.001 cleared by trip 25-26",25,0.001,0.25,0.056,0.056,ok,0.921,2.1e-15,ok,0.930,3.6e-15,ok,0.931,2.8e-15,false,true,5,0.931,1.8e-15,true,true,0,0.931,1.3e-15,true,true,4,0.931,2.5e-15,true,true,flat,0.931,false,,0,,NaN,NaN,NaN
base,1.0000,rms,power,"fault bus 25 xf=0.005 cleared by trip 25-26",25,0.005,0.25,0.231,0.231,ok,0.945,2.0e-15,ok,0.951,2.7e-15,ok,0.951,1.6e-15,false,true,5,0.952,1.8e-15,true,true,0,0.952,2.2e-15,true,true,4,0.952,1.8e-15,true,true,hc,0.952,false,,0,,NaN,NaN,NaN
base,1.0000,rms,power,"fault bus 26 xf=0.001 cleared by trip 26-27",26,0.001,0.25,0.044,0.044,ok,0.966,1.8e-15,ok,0.969,2.7e-15,ok,0.969,2.4e-15,false,true,5,0.969,2.5e-15,true,true,0,0.969,2.7e-15,true,true,4,0.969,5.9e-13,true,true,flat,0.969,false,,0,,NaN,NaN,NaN
base,1.0000,rms,power,"fault bus 26 xf=0.005 cleared by trip 26-27",26,0.005,0.25,0.190,0.190,ok,0.972,2.2e-15,ok,0.974,1.9e-15,ok,0.974,1.3e-15,false,true,5,0.974,2.0e-15,true,true,0,0.974,2.7e-15,true,true,4,0.974,5.3e-15,true,true,hc,0.974,false,,0,,NaN,NaN,NaN
base,1.0000,rms,power,"fault bus 26 xf=0.001 cleared by trip 26-28",26,0.001,0.25,0.044,0.044,ok,0.978,2.6e-15,ok,0.981,5.3e-15,ok,0.981,5.9e-15,false,true,5,0.981,5.9e-15,true,true,0,0.981,2.7e-15,true,true,4,0.981,1.3e-12,true,true,flat,0.981,false,,0,,NaN,NaN,NaN
base,1.0000,rms,power,"fault bus 26 xf=0.005 cleared by trip 26-28",26,0.005,0.25,0.190,0.190,ok,0.983,2.7e-15,ok,0.985,2.7e-15,ok,0.985,1.8e-15,false,true,5,0.985,2.7e-15,true,true,0,0.985,1.8e-15,true,true,4,0.985,1.1e-14,true,true,flat,0.985,false,,0,,NaN,NaN,NaN
base,1.0000,rms,power,"fault bus 26 xf=0.001 cleared by trip 26-29",26,0.001,0.25,0.044,0.044,ok,0.978,2.7e-15,ok,0.980,1.8e-15,ok,0.981,2.7e-15,false,true,5,0.981,1.6e-15,true,true,0,0.981,1.8e-15,true,true,4,0.981,3.8e-13,true,true,flat,0.981,false,,0,,NaN,NaN,NaN
base,1.0000,rms,power,"fault bus 26 xf=0.005 cleared by trip 26-29",26,0.005,0.25,0.190,0.190,ok,0.983,1.8e-15,ok,0.984,2.0e-15,ok,0.984,2.7e-15,false,true,5,0.984,2.7e-15,true,true,0,0.984,2.7e-15,true,true,4,0.984,3.9e-15,true,true,hc,0.984,false,,0,,NaN,NaN,NaN
base,1.0000,rms,power,"fault bus 28 xf=0.001 cleared by trip 28-29",28,0.001,0.25,0.028,0.028,ok,0.974,1.5e-14,ok,0.981,3.4e-14,ok,0.982,3.7e-14,false,true,6,0.982,3.7e-14,true,true,0,0.982,2.7e-15,true,true,4,0.982,3.5e-13,true,true,flat,0.982,false,,0,,NaN,NaN,NaN
base,1.0000,rms,power,"fault bus 28 xf=0.005 cleared by trip 28-29",28,0.005,0.25,0.127,0.127,ok,0.984,1.3e-13,ok,0.989,1.7e-13,ok,0.989,1.8e-13,false,true,5,0.989,1.8e-13,true,true,0,0.989,1.8e-15,true,true,4,0.989,1.7e-13,true,true,flat,0.989,false,,0,,NaN,NaN,NaN
base,1.0000,rms,power,"fault bus 12 xf=0.001 cleared by trip 12-11",12,0.001,0.25,0.024,0.024,ok,0.895,1.8e-15,ok,0.904,2.8e-15,ok,0.904,2.7e-15,false,true,5,0.905,9.0e-16,true,true,0,0.905,2.8e-15,true,true,4,0.905,3.6e-15,true,true,newton,0.905,false,,0,,NaN,NaN,NaN
base,1.0000,rms,power,"fault bus 12 xf=0.005 cleared by trip 12-11",12,0.005,0.25,0.108,0.108,ok,0.909,1.8e-15,ok,0.917,1.9e-15,ok,0.917,2.7e-15,false,true,5,0.918,1.8e-15,true,true,0,0.918,1.8e-15,true,true,4,0.918,2.7e-15,true,true,hc,0.918,false,,0,,NaN,NaN,NaN
base,1.0000,rms,power,"fault bus 12 xf=0.001 cleared by trip 12-13",12,0.001,0.25,0.024,0.024,ok,0.895,3.5e-15,ok,0.904,3.9e-15,ok,0.905,2.6e-15,false,true,5,0.905,3.6e-15,true,true,0,0.905,2.1e-15,true,true,4,0.905,2.7e-15,true,true,flat,0.905,false,,0,,NaN,NaN,NaN
base,1.0000,rms,power,"fault bus 12 xf=0.005 cleared by trip 12-13",12,0.005,0.25,0.108,0.108,ok,0.909,2.7e-15,ok,0.917,2.7e-15,ok,0.918,2.6e-15,false,true,5,0.918,2.0e-15,true,true,0,0.918,2.2e-15,true,true,4,0.918,2.4e-15,true,true,flat,0.918,false,,0,,NaN,NaN,NaN
