k,G_2,G_inf,dx_2,V_faultbus,minV,maxV,condJ
1.0,63.07265445721671,60.4294279610273,69.18788002748002,0.06206450903140159,0.06206450903140159,0.8958244607068319,17941.24019663719
2.0,10.83245111518981,8.208553046239729,13.59047652609702,0.22296718987455316,0.19979984886577046,0.8771029809531395,17943.791312326826
3.0,2.303447553454776,1.9971984209141485,24.075376557057744,0.050319379079780895,0.021065681498900046,0.8778421359247317,105968.09705019124
4.0,3.3329904645501456,2.3351747575827604,13.697966751865176,0.02369714570143516,0.02369714570143516,0.8850087157332969,85026.86494859002
5.0,0.8609350985839983,0.6167565152073513,12.943698700649687,0.012475220338668326,0.012475220338668326,0.8846472541565462,143853.92104210562
6.0,1.4013168194543195,1.3859362463444813,5.424154240675493,0.01599123269233317,0.01599123269233317,0.8817110063060604,45601.99276660769
7.0,0.3365587812491222,0.3329388586710289,3.3421468730698094,0.015931685730132778,0.015931685730132778,0.8841604064220224,50207.68916890556
8.0,0.10904424846786773,0.10844210322492412,2.52414397600532,0.014305150369870638,0.014305150369870638,0.8850548117715626,51313.38607558712
9.0,0.06597959378358258,0.06571221027776825,6.867100913587693,0.01363307448906396,0.01363307448906396,0.8858596651287409,114426.16592201544
10.0,0.48638113586334564,0.48434235183812385,3.660428262705853,0.01566199067310353,0.01566199067310353,0.8837095151294172,52580.104091531066
11.0,0.13937996039171885,0.13861489826085904,2.500681840191205,0.014579884201781298,0.014579884201781298,0.8848581245641701,51331.49314061768
12.0,0.06441560239350132,0.06415175575510051,13.211830827139972,0.013836308917691824,0.013836308917691824,0.8856375745437745,245059.34264839118
13.0,1.7923321613211267,1.7859129795672992,6.732149756342225,0.009928475260841362,0.009928475260841362,0.8897722402646557,47996.80285370635
14.0,0.4649928877088854,0.4633812886121166,3.62318718290799,0.011917979320902517,0.011917979320902517,0.8876641940887054,49111.1038822915
15.0,0.13473205499477023,0.1342572367751731,2.50034812535321,0.012990441793765382,0.012990441793765382,0.8865309412797857,49841.00182906854
16.0,0.06421836882957548,0.06398468905445098,26.325727656493765,0.013730784961028754,0.013730784961028754,0.8857487353101668,471961.11898195685
17.0,7.16097822465134,7.1289297023603435,13.317993581650544,0.021530674545941295,0.021530674545941295,0.8775103158691349,89263.63627754615
18.0,1.8138785948596636,1.8075329542375953,6.655196825533351,0.01740078542461679,0.01740078542461679,0.8816063294209547,56742.270200766274
19.0,0.46163222310057805,0.45946052757654865,3.604734692027943,0.01568929684593567,0.01568929684593567,0.8837761575476811,52297.98435886597
20.0,0.13443732755125962,0.13371962540736335,2.4925315457729544,0.014540347173079806,0.014540347173079806,0.8848865252251179,51333.79723726973
21.0,0.0640435357780696,0.06378179961561387,21.18610781243295,0.013810471375986354,0.013810471375986354,0.8856659311993851,391043.3163740607
22.0,4.60735787476753,4.591054747025226,10.673785805266117,0.007548844295506496,0.007548844295506496,0.8922960842298733,46934.80028477346
23.0,1.1687220811785168,1.164693945356487,5.4874488171307805,0.01069811451743179,0.01069811451743179,0.8889534743580383,48399.56062805781
24.0,0.3089458348479646,0.30787129486042475,3.0799664313789092,0.012321713676003015,0.012321713676003015,0.8872372559089238,49374.64350237146
25.0,0.09737867174323238,0.09703268044112251,2.6325531149463584,0.0132336520305145,0.0132336520305145,0.8862739880274868,50021.12577391995
26.0,0.0712209755269466,0.0709575350964724,4.1402218885426585,0.01401315417245685,0.01401315417245685,0.8854503296470632,74803.9939025831
27.0,0.17621819106996356,0.1755590798983785,2.596770082575559,0.012787780851600062,0.012787780851600062,0.8867462075089956,49692.27471189889
28.0,0.06925504321063633,0.0690052993796233,4.750009788554529,0.013556192148676567,0.013556192148676567,0.8859333001397376,73809.67230093593
29.0,0.23226943705683237,0.23135513950859352,2.780363664627243,0.014962687230174227,0.014962687230174227,0.8844468708108478,51729.817913338986
30.0,0.07989453208846653,0.07953554617643796,3.0948075227494045,0.014140213226998983,0.014140213226998983,0.8853178813083354,53307.393236680946
31.0,0.09850432539755223,0.09812850641603615,2.6164028420666154,0.013223244011845426,0.013223244011845426,0.886285628891412,50012.10087707008
32.0,0.07035137626937069,0.07009132097809256,4.362611075830905,0.013997722316231283,0.013997722316231283,0.8854666805921149,79286.81594148054
33.0,0.1956422302352711,0.19491248416269585,2.66191006364951,0.012706513415206327,0.012706513415206327,0.8868321397966658,49634.67175956141
34.0,0.07276722151212692,0.07250562194524002,3.8520619585667446,0.013494176819613747,0.013494176819613747,0.8859988327883496,55624.30714350841
35.0,0.15265297797533334,0.15206609258165024,2.521139158818642,0.01463474313823793,0.01463474313823793,0.8847934286521821,51397.02444247964
36.0,0.0655397962668566,0.06526713120399696,7.7375632672657835,0.013888656629042024,0.013888656629042024,0.8855828631195212,143853.8967687844
37.0,0.6150154422986617,0.6127754576396975,4.090879472879784,0.011598496581847327,0.011598496581847327,0.8880040220519263,48911.62813767157
38.0,0.1717540228688626,0.17115127581732137,2.58192001054776,0.012808530032691466,0.012808530032691466,0.8867232636040753,49708.912169486364
39.0,0.06846183020541012,0.06821482671949614,5.104068683405352,0.01357294488944106,0.01357294488944106,0.8859155356823631,80754.06969181259
40.0,0.2682578729031501,0.2671916458814823,2.9127181093589427,0.015084329268941264,0.015084329268941264,0.8843183202054602,51865.50945032286
41.0,0.08777282988812049,0.08736508378541297,2.787628803825107,0.014222906984105532,0.014222906984105532,0.885231017936942,51322.47643960054
42.0,0.07994416756678364,0.07963532395129064,3.119987078815723,0.013396582488256929,0.013396582488256929,0.8861023799762832,50142.95366776766
43.0,0.10009094728368234,0.09971372523518388,2.5938733922400266,0.014320228576265435,0.014320228576265435,0.8851258433958568,51195.89313487371
44.0,0.06926161861039892,0.06898950951157257,4.674279260195017,0.013552478187035453,0.013552478187035453,0.8859378294422103,72292.88715138027
45.0,0.224914838053246,0.2240311561480675,2.753547666699159,0.014936324837886115,0.014936324837886115,0.8844748041362069,51700.83188607184
46.0,0.0783436990030426,0.07799410905285767,3.1920093245489425,0.014121695540025205,0.014121695540025205,0.885337345710903,55032.56257757632
47.0,0.10478200491250005,0.10438336463828987,2.5603271959018237,0.013176014748753101,0.013176014748753101,0.8863355618030545,49976.72592696868
48.0,0.06736136704343995,0.06711329752864037,5.7655644802922925,0.013933873562671251,0.013933873562671251,0.8855341583248306,106663.84719446245
49.0,0.34158946239207694,0.34033130476275164,3.200964264317241,0.012227570363171666,0.012227570363171666,0.8873386871819547,49308.028393455534
50.0,0.10518598855239134,0.10481291838806758,2.559226089970439,0.013174549428319148,0.013174549428319148,0.8863365678058365,49976.273219738236
079304553773465,0.9026914186468677,26667.20986207612
