k,g_inf
1.0,1.7763568394002505e-15
2.0,16.257293905684307
3.0,0.07566732236535695
4.0,0.0021361018808334076
5.0,1.7096575336827957e-6
6.0,16.168920439778617
7.0,0.07071930294146922
8.0,0.001672704906688166
9.0,8.735773266432822e-7
10.0,15.83405660521715
11.0,0.057503368305320324
12.0,0.0008660484021038722
13.0,1.5228674345169058e-7
14.0,15.267666615701017
15.0,0.05264960908810978
16.0,0.0004755656884782161
17.0,3.5703855871815904e-8
18.0,14.528494607867017
19.0,0.04706804968654854
20.0,0.0002794407999513332
21.0,9.997543432005429e-9
22.0,13.640512160370143
23.0,0.04072735385665882
24.0,0.00016659153217611633
25.0,2.9897587600080655e-9
26.0,12.61096248604435
27.0,0.03386175026461924
28.0,9.696160886883687e-5
29.0,8.798217709937717e-10
30.0,11.451356124374755
31.0,0.02691930826782518
32.0,5.381878774479709e-5
33.0,2.421079448033936e-10
34.0,10.188692354140024
35.0,0.020408557760829726
36.0,2.8106384756920733e-5
37.0,6.041597777617369e-11
38.0,8.867524703018955
39.0,0.014751599634250656
40.0,1.3721686378864728e-5
41.0,7.54442920762909
42.0,0.010186531193389747
43.0,6.255003872440712e-6
44.0,6.277687822083962
45.0,0.006746711013671636
46.0,2.66976201232505e-6
47.0,5.116476306504881
48.0,0.004308361895094315
49.0,1.0728876099763696e-6
50.0,4.093594025201968
51.0,0.0026681222674507232
52.0,4.0890376645785764e-7
53.0,3.2235262824095656
54.0,0.0016116399384822344
55.0,1.489910343432932e-7
56.0,2.505006678912828
57.0,0.0009545372410451058
58.0,5.232212146877302e-8
59.0,1.925862732931252
60.0,0.0005569126893960608
61.0,1.7845254496329233e-8
62.0,1.4680465225192973
63.0,0.0003213328407860594
64.0,5.952365544903415e-9
65.0,1.111632426372461
66.0,0.00018396131916675884
67.0,1.953688266720377e-9
68.0,0.8374316067240164
69.0,0.00010478646098732725
70.0,6.343988112611498e-10
71.0,0.6283905079959908
72.0,5.952854690693954e-5
73.0,2.0478002626944658e-10
74.0,0.4701244835351761
75.0,3.3799247097565654e-5
76.0,6.599742974344736e-11
77.0,0.35092650990330876
78.0,1.9218004616128326e-5
79.0,2.1324775278941388e-11
80.0,0.26150611096031184
81.0,1.0964053804851659e-5
82.0,6.9376171474289094e-12
83.0,0.1946227890152077
84.0,6.288725266756501e-6
85.0,0.144707302735761
86.0,3.634200596014381e-6
87.0,0.10751681401946928
88.0,2.1209074589911836e-6
89.0,0.07984167967473704
90.0,1.2531818320837829e-6
91.0,0.05926642736679244
92.0,7.517987197225295e-7
93.0,0.043980211210629755
94.0,4.592876345910213e-7
95.0,0.032629314292118655
96.0,2.8662136752899414e-7
97.0,0.02420387902816068
98.0,1.8327237016890763e-7
99.0,0.017951739093839923
100.0,1.4739058351587175e-7
101.0,0.013313312958224889
102.0,1.4110606594286423e-7
103.0,0.009872653959690694
104.0,1.371359723556509e-7
105.0,0.007320780675390812
106.0,1.3115628716420247e-7
107.0,0.006146387079012883
108.0,1.2403515192715986e-7
109.0,0.005990788678689268
110.0,1.1637815244824878e-7
111.0,0.005842579202965964
112.0,1.0859428911658142e-7
113.0,0.005701285508808301
114.0,1.0094989910669483e-7
115.0,0.005566465851981478
116.0,9.361024932985629e-8
117.0,0.005437709351230807
118.0,8.667051742961007e-8
119.0,0.005314634764877091
120.0,8.017828134754268e-8
121.0,0.005196888879575506
122.0,7.414954694695552e-8
123.0,0.005084144708986563
124.0,6.857997592035758e-8
125.0,0.004976099630676828
126.0,6.345267156149248e-8
127.0,0.0048724735424955645
128.0,5.87434678678278e-8
129.0,0.004773007087953154
130.0,5.442447870152023e-8
131.0,0.004677459978915624
132.0,5.046642659323197e-8
133.0,0.004585609429910764
134.0,4.684015220135507e-8
135.0,0.0044972487092205665
136.0,4.3517517145374995e-8
137.0,0.004412185806144164
138.0,4.047194712697433e-8
139.0,0.004330242210268509
140.0,3.767869927173706e-8
141.0,0.004251251796543398
142.0,3.511496826646976e-8
143.0,0.004175059808912238
144.0,3.2759880586041845e-8
145.0,0.004101521934852387
146.0,3.059443276498541e-8
147.0,0.0040305034631951675
148.0,2.8601380375192775e-8
149.0,0.003961878517864628
150.0,2.6765114569116122e-8
151.0,0.0038955293605876934
152.0,2.507151952713116e-8
153.0,0.003831345756120638
154.0,2.3507855662074917e-8
155.0,0.003769224394051876
156.0,2.206261884296623e-8
157.0,0.003709068361762699
158.0,2.0725422711365127e-8
159.0,0.003650786663624714
160.0,1.948689298814088e-8
161.0,0.003594293781984656
162.0,1.8338556007080342e-8
163.0,0.0035395092759235997
164.0,1.7272761887454635e-8
165.0,0.0034863574141764248
166.0,1.628257439989511e-8
167.0,0.003434766838964154
168.0,1.5361729222007625e-8
169.0,0.0033846702578183563
170.0,1.4504542455995306e-8
171.0,0.0033360041607743834
172.0,1.3705853785239697e-8
173.0,0.003288708560577294
174.0,1.2960984729915026e-8
175.0,0.003242726753781247
176.0,1.2265676030409622e-8
177.0,0.0031980051008385774
178.0,1.1616057005170433e-8
179.0,0.0031544928234637434
180.0,1.1008598477246778e-8
181.0,0.003112141817729633
182.0,1.0440083020313295e-8
183.0,0.0030709064815057294
184.0,9.907573872425246e-9
185.0,0.0030307435549831035
186.0,9.408386958398296e-9
187.0,0.0029916119731547633
188.0,8.940066020812765e-9
189.0,0.0029534727292273646
190.0,8.500363524177601e-9
191.0,0.002916288748039203
192.0,8.087216230023841e-9
193.0,0.0028800247686459265
194.0,7.698738535566463e-9
195.0,0.0028446472353146762
196.0,7.333187834746013e-9
197.0,0.002810124196237128
198.0,6.988971623655971e-9
199.0,0.0027764252093357353
200.0,6.664619967011731e-9
201.0,0.002743521254593463
202.0,6.3587801690800916e-9
203.0,0.0027113846523901808
204.0,6.070204339181373e-9
205.0,0.002679988987372796
206.0,5.7977387335483854e-9
207.0,0.0026493090374295307
208.0,5.540327308040105e-9
209.0,0.002619320707375767
210.0,5.296982408253825e-9
211.0,0.002590000966992363
212.0,5.066795871755403e-9
213.0,0.002561327793088826
214.0,4.848929702205851e-9
215.0,0.0025332801152908035
216.0,4.642600970328203e-9
217.0,0.0025058377652771024
218.0,4.447088475245664e-9
219.0,0.0024789814292139056
220.0,4.2617238626974085e-9
221.0,0.0024526926031547443
222.0,4.085878746451499e-9
223.0,0.0024269535511939125
224.0,3.91897714280276e-9
225.0,0.002401747266177163
226.0,3.760483480164112e-9
227.0,0.0023770574327910644
228.0,3.6098937172823753e-9
229.0,0.002352868392864294
230.0,3.4667411163979978e-9
231.0,0.0023291651127289818
232.0,3.330591358263746e-9
233.0,0.002305933152501152
234.0,3.201037657163397e-9
