lambda,v_fault
0.0,1.043875576939227
0.01,1.0438755769387693
0.02,1.0438755769381798
0.04,1.0438755769364423
0.06,1.043875576933558
0.08,1.0438755769287715
0.1,1.0438755769208283
0.12000000000000001,1.0438755769076455
0.14,1.043875576885768
0.16,1.0438755768494599
0.18,1.0438755767892032
0.19999999999999998,1.0438755766892025
0.21999999999999997,1.0438755765232424
0.23999999999999996,1.0438755762478173
0.25999999999999995,1.0438755757907254
0.27999999999999997,1.0438755750321416
0.3,1.0438755737732062
0.32,1.043875571683893
0.34,1.0438755682164964
0.36000000000000004,1.0438755624620504
0.38000000000000006,1.0438755529120474
0.4000000000000001,1.0438755370629873
0.4200000000000001,1.0438755107600957
0.4400000000000001,1.0438754671081634
0.46000000000000013,1.043875394663994
0.48000000000000015,1.0438752744366155
0.5000000000000001,1.0438750749088768
0.5200000000000001,1.0438747437753784
0.5400000000000001,1.0438741942309009
0.5600000000000002,1.0438732822149865
0.5723114441334494,1.0438724425262864
0.5923114441334494,1.0438703751149823
0.6046228882668986,1.0438684716621582
0.6169343324003478,1.0438658717023388
0.629245776533797,1.0438623203754063
0.6415572206672462,1.043857469568463
0.6538686648006954,1.0438508437979002
0.6661801089341446,1.043841793611563
0.6784915530675938,1.0438294319483181
0.690802997201043,1.0438125472261863
0.7031144413344922,1.0437894846573492
0.7154258854679414,1.0437579841893825
0.7277373296013906,1.0437149592494526
0.7400487737348398,1.0436561947198253
0.752360217868289,1.0435759347571694
0.7646716620017382,1.0434663204593937
0.7769831061351874,1.0433166230180837
0.7892945502686366,1.0431121986048832
0.8016059944020858,1.0428330651881403
0.813917438535535,1.0424519666951102
0.8262288826689842,1.0419317439180267
0.8385403268024334,1.0412217714665148
0.8508517709358826,1.0402531430745467
0.8631632150693318,1.038932191758206
0.875474659202781,1.0371318175415842
0.8877861033362302,1.0346799710317272
0.9000975474696794,1.0313445266625698
0.9124089916031286,1.0268137209748838
0.9247204357365778,1.0206714201403393
0.9326019309064697,1.0156453992388335
0.9430701425637276,1.0072925112164945
0.9497716439245568,1.000727935430066
0.9586725863414922,0.9902233869529751
0.9643707590258781,0.9822495515267778
0.9719390790506907,0.9698955386424365
0.9767841384176655,0.9607915438562725
0.9832193522764806,0.947066612319949
0.9873390238922315,0.9372021775793805
0.9928107768404312,0.9226668703961103
0.9963136635826053,0.9124358949429598
1.0,0.9008325414459656
