x_fault,motor_d,prefault_residual,newton_converged,newton_iters,first_step_norm,newton_v_fault,newton_n_run2,newton_n_stall,newton_cond_J,retcode_dt_0.0005,retcode_dt_5.0e-5,retcode_dt_5.0e-6,homotopy_converged,homotopy_iters,lambda_failed,homotopy_v_fault,homotopy_n_run2,homotopy_n_stall,homotopy_cond_J,root_gap
0.015,0.0,1.0173974947971227e-10,true,4,48.56407092734288,0.4799406717579811,16,1,10298.064057794978,Success,Success,Success,true,122,NaN,0.4799406717580012,16,1,10298.064057794141,1.3216094885137863e-12
0.015,0.1,1.0173974947971227e-10,true,5,48.77361399047387,0.4707696758177238,16,1,10300.799875350029,Success,Success,Success,true,141,NaN,0.47076967581772383,16,1,10300.799875347782,3.552713678800501e-15
0.015,0.2,1.0173974947971227e-10,true,5,48.999964476092195,0.4606518170670635,17,1,10305.204471545874,Success,Success,Success,true,155,NaN,0.4606518170670638,17,1,10305.204471543557,2.4868995751603507e-14
0.015,0.3,1.0173974947971227e-10,true,5,49.23837690685878,0.44903117237429346,19,1,10310.725858704218,Success,Success,Success,true,174,NaN,0.44903117237426876,19,1,10310.72585870493,1.680433570072637e-12
0.015,0.4,1.0173974947971227e-10,true,6,49.485103929903474,0.43460691808603796,22,1,10316.817154620843,Success,Success,Success,true,195,NaN,0.4346069180860381,22,1,10316.81715462344,1.0658141036401503e-14
0.015,0.45,1.0173974947971227e-10,true,6,49.61063455400669,0.42523335994347317,22,1,10319.802997270515,Success,Success,Success,true,208,NaN,0.4252333599434714,22,1,10319.802997269799,1.3500311979441904e-13
0.015,0.46,1.0173974947971227e-10,true,6,49.635872416192846,0.4230363238564573,22,1,10320.372573162986,Success,Success,Success,true,208,NaN,0.4230363238564433,22,1,10320.372573163468,1.0302869668521453e-12
0.015,0.47,1.0173974947971227e-10,true,6,49.661148711032205,0.420681132343397,22,1,10320.930577684863,Success,Success,Success,true,217,NaN,0.42068113234328436,22,1,10320.930577684507,8.355982572538778e-12
0.015,0.48,1.0173974947971227e-10,true,6,49.6864611996365,0.4181297530968926,22,1,10321.480903427027,Success,Success,Success,true,224,NaN,0.4181297530958663,22,1,10321.480903423093,7.644374022675038e-11
0.015,0.49,1.0173974947971227e-10,true,7,49.711807695675816,0.4153261605408398,22,1,10322.044427002242,Success,Success,Success,true,224,NaN,0.4153261605408398,22,1,10322.044427001296,3.552713678800501e-15
0.015,0.5,1.0173974947971227e-10,true,7,49.73718606418363,0.4121819027579084,23,1,10322.735761011249,Success,Success,Success,true,233,NaN,0.41218190275791,23,1,10322.73576101077,1.2079226507921703e-13
0.015,0.51,1.0173974947971227e-10,true,7,49.76259422038937,0.4085422767747919,23,1,10325.848829884964,Success,Success,Success,true,232,NaN,0.4085422767748165,23,1,10325.848829883982,1.8616219676914625e-12
0.015,0.52,1.0173974947971227e-10,true,7,49.78803012857946,0.40408497504981267,23,1,12890.784376392452,Success,Success,Success,true,235,NaN,0.4040849750522435,23,1,12890.784374439829,1.843538655066368e-10
0.015,0.53,1.0173974947971227e-10,true,8,49.81349180098499,0.39783999040105,25,1,21491.833419459814,Success,Success,Success,true,254,NaN,0.39783999040131973,25,1,21491.83341891078,2.0591528482327703e-11
0.015,0.54,1.0173974947971227e-10,false,50,49.8389772966963,NaN,-1,-1,NaN,Success,MaxIter,Success,false,813,0.9997153355510305,NaN,-1,-1,NaN,NaN
0.015,0.55,1.0173974947971227e-10,true,23,49.864484720602974,0.25487932231238697,7,22,10320.084421155312,Success,Success,Success,false,898,0.9990069934195888,NaN,-1,-1,NaN,NaN
0.015,0.56,1.0173974947971227e-10,true,10,49.890012222358735,0.3127364425994997,21,7,11800.897501725893,Success,Success,Success,true,462,NaN,0.3017120999659779,20,8,20633.343173840243,0.8314474533600116
0.015,0.57,1.0173974947971227e-10,true,19,49.91555799537129,0.30690633602754486,21,7,22107.437304681873,Success,Success,Success,true,358,NaN,0.2505036841699494,7,22,10320.81119928974,4.85219783663183
0.015,0.58,1.0173974947971227e-10,true,24,49.941120275815464,0.24835274463205223,7,22,10321.171991071371,Success,Success,Success,false,768,0.9968135707066668,NaN,-1,-1,NaN,NaN
0.015,0.59,1.0173974947971227e-10,true,24,49.966697341670134,0.14956632615743054,2,28,14591.36435970122,Success,Success,Success,false,756,0.9960990569130002,NaN,-1,-1,NaN,NaN
0.015,0.6,1.0173974947971227e-10,true,34,49.99228751177755,0.11755328500299075,2,28,NaN,Success,Diverged,MaxIter,false,723,0.9953925422418108,NaN,-1,-1,NaN,NaN
0.015,0.61,1.0173974947971227e-10,true,34,50.01788914492458,0.24202320336087885,7,22,10322.243523251209,Success,MaxIter,Success,true,480,NaN,0.2034504217158825,6,23,10318.687964889657,12.369488479713485
0.015,0.62,1.0173974947971227e-10,false,50,50.04350063894611,NaN,-1,-1,NaN,MaxIter,MaxIter,MaxIter,false,772,0.9940011495570701,NaN,-1,-1,NaN,NaN
0.015,0.63,1.0173974947971227e-10,true,34,50.069120429848496,0.16107734643938648,2,28,14592.180379631933,Diverged,Success,Success,false,719,0.9933151420604802,NaN,-1,-1,NaN,NaN
0.015,0.64,1.0173974947971227e-10,true,27,50.094746990955066,0.2358204945449015,7,22,10323.29877306384,Success,Success,MaxIter,false,715,0.9926348858930043,NaN,-1,-1,NaN,NaN
0.015,0.65,1.0173974947971227e-10,false,50,50.12037883206959,NaN,-1,-1,NaN,Success,Success,Success,false,369,0.998174314377663,NaN,-1,-1,NaN,NaN
0.015,0.66,1.0173974947971227e-10,true,18,50.14601449866109,0.23050352228808216,6,23,10323.82884427994,Success,Success,Success,false,717,0.9912896834399268,NaN,-1,-1,NaN,NaN
0.015,0.67,1.0173974947971227e-10,true,32,50.17165257106675,0.16560201191870136,3,27,14524.276109783303,MaxIter,Success,Success,false,754,0.9906238168211495,NaN,-1,-1,NaN,NaN
0.015,0.68,1.0173974947971227e-10,true,19,50.19729166371333,0.22679599428210936,6,23,10324.534017405305,Success,Success,Success,false,764,0.9899618569832194,NaN,-1,-1,NaN,NaN
0.015,0.69,1.0173974947971227e-10,false,50,50.22293042435712,NaN,-1,-1,NaN,Diverged,Diverged,Diverged,false,775,0.9893033869095036,NaN,-1,-1,NaN,NaN
0.015,0.7,1.0173974947971227e-10,true,13,50.248567533341266,0.19349262792845764,3,27,14526.132155875554,Success,Success,Success,false,720,0.9886480041764557,NaN,-1,-1,NaN,NaN
0.02,0.0,1.0173974947971227e-10,true,4,42.131167094273515,0.5555404775985092,14,0,7730.536858827967,Success,Success,Success,true,120,NaN,0.555540477598621,14,0,7730.536858827684,5.38946665074036e-12
0.02,0.1,1.0173974947971227e-10,true,4,42.218890426885764,0.5509974102332256,14,0,7742.3501479033575,Success,Success,Success,true,133,NaN,0.5509974102331546,14,0,7742.350147905809,3.5491609651217004e-12
0.02,0.2,1.0173974947971227e-10,true,5,42.32395969371608,0.5455140195934669,14,0,7772.542611371889,Success,Success,Success,true,145,NaN,0.5455140195941308,14,0,7772.542611369608,3.367262024767115e-11
0.02,0.3,1.0173974947971227e-10,true,5,42.442180261650414,0.5386737226124921,14,0,7828.157815396787,Success,Success,Success,true,157,NaN,0.5386737226124922,14,0,7828.157815398003,3.552713678800501e-15
0.02,0.4,1.0173974947971227e-10,true,5,42.57021912393935,0.5296636457328936,14,0,7918.7937498963765,Success,Success,Success,true,168,NaN,0.5296636457326135,14,0,7918.79374989777,1.482902689531329e-11
0.02,0.45,1.0173974947971227e-10,true,6,42.63706895744196,0.5238204113595577,15,0,7982.748633012625,Success,Success,Success,true,175,NaN,0.5238204113595586,15,0,7982.748633011299,5.3290705182007514e-14
0.02,0.46,1.0173974947971227e-10,true,8,42.65062785415381,0.5046906388736764,15,1,7772.733382378075,Success,Success,Success,true,177,NaN,0.5046906388736764,15,1,7772.733382379454,3.552713678800501e-15
0.02,0.47,1.0173974947971227e-10,true,7,42.66424476980674,0.503277792709469,15,1,7774.027442551689,Success,Success,Success,true,177,NaN,0.503277792709469,15,1,7774.02744255217,3.552713678800501e-15
0.02,0.48,1.0173974947971227e-10,true,7,42.67791767446525,0.5018370287889607,15,1,7775.323921456728,Success,Success,Success,true,180,NaN,0.5018370287889606,15,1,7775.323921456968,2.6645352591003757e-15
0.02,0.49,1.0173974947971227e-10,true,7,42.69164458367403,0.5003661164383358,16,1,7776.622323203047,Success,Success,Success,true,183,NaN,0.500366116439129,16,1,7776.622323205078,4.100897399439418e-11
0.02,0.5,1.0173974947971227e-10,true,7,42.70542355743219,0.4988625392207823,16,1,7777.9203449265115,Success,Success,Success,true,187,NaN,0.49886253922078233,16,1,7777.920344925368,3.552713678800501e-15
0.02,0.51,1.0173974947971227e-10,true,7,42.71925269919205,0.4973234170992584,16,1,7779.216301723026,Success,Success,Success,true,187,NaN,0.49732341709925837,16,1,7779.216301723989,3.552713678800501e-15
0.02,0.52,1.0173974947971227e-10,true,7,42.733130154882325,0.49574545245472357,16,1,7780.508384829791,Success,Success,Success,true,187,NaN,0.4957454524547236,16,1,7780.5083848302575,7.105427357601002e-15
0.02,0.53,1.0173974947971227e-10,true,7,42.747054111953666,0.49412484084079544,16,1,7781.794578901431,Success,Success,Success,true,191,NaN,0.49412484084079533,16,1,7781.7945789020705,3.552713678800501e-15
0.02,0.54,1.0173974947971227e-10,true,7,42.76102279844813,0.4924571558374141,16,1,7783.072622936791,Success,Success,Success,true,194,NaN,0.4924571558374141,16,1,7783.072622933681,2.6645352591003757e-15
0.02,0.55,1.0173974947971227e-10,true,7,42.77503448209032,0.49073719810576666,17,1,7784.339959612332,Success,Success,Success,true,196,NaN,0.4907371981057667,17,1,7784.33995961385,3.552713678800501e-15
0.02,0.56,1.0173974947971227e-10,true,7,42.789087469399405,0.4889587939983556,17,1,7785.59367057922,Success,Success,Success,true,200,NaN,0.4889587939983558,17,1,7785.593670578602,1.0658141036401503e-14
0.02,0.57,1.0173974947971227e-10,true,7,42.803180104823696,0.48711452145922124,17,1,7786.830393756242,Success,Success,Success,true,200,NaN,0.48711452145922135,17,1,7786.8303937559085,7.105427357601002e-15
0.02,0.58,1.0173974947971227e-10,true,7,42.817310769893986,0.4851953283267951,18,1,7788.046218300958,Success,Success,Success,true,205,NaN,0.4851953283267953,18,1,7788.046218300938,1.4210854715202004e-14
0.02,0.59,1.0173974947971227e-10,true,7,42.83147788239837,0.48319000263854617,18,1,7789.2365531514515,Success,Success,Success,true,210,NaN,0.4831900026385462,18,1,7789.236553152219,3.552713678800501e-15
0.02,0.6,1.0173974947971227e-10,true,7,42.845679895575906,0.4810843970246299,19,1,7790.395996816194,Success,Success,Success,true,209,NaN,0.4810843970246298,19,1,7790.395996815066,4.440892098500626e-15
0.02,0.61,1.0173974947971227e-10,true,7,42.85991529732899,0.4788601158017041,19,1,7791.518184018416,Success,Success,Success,true,214,NaN,0.47886011580170396,19,1,7791.518184018683,7.105427357601002e-15
0.02,0.62,1.0173974947971227e-10,true,7,42.874182609454884,0.47649257747359836,19,1,7792.595876892984,Success,Success,Success,true,221,NaN,0.4764925774735976,19,1,7792.595876892006,4.618527782440651e-14
0.02,0.63,1.0173974947971227e-10,true,7,42.88848038689479,0.4739476661323333,19,1,7793.622102076225,Success,Success,Success,true,223,NaN,0.473947666132329,19,1,7793.622102076315,2.5934809855243657e-13
0.02,0.64,1.0173974947971227e-10,true,7,42.902807217001154,0.47117563960818676,21,1,7794.599163363576,Success,Success,Success,true,225,NaN,0.47117563960815867,21,1,7794.59916336416,1.737276988933445e-12
0.02,0.65,1.0173974947971227e-10,true,7,42.917161718820985,0.46809929227835156,21,1,7795.5857239527795,Success,Success,Success,true,227,NaN,0.46809929227807096,21,1,7795.58572395079,1.7465140444983263e-11
0.02,0.66,1.0173974947971227e-10,true,8,42.93154254239742,0.46458614855212316,22,1,7798.479248773051,Success,Success,Success,true,241,NaN,0.46458614855214647,22,1,7798.47924877454,1.4566126083082054e-12
0.02,0.67,1.0173974947971227e-10,true,8,42.94594836808635,0.46036762121029295,22,1,9725.339655278323,Success,Success,Success,true,245,NaN,0.46036762121031094,22,1,9725.339655267353,1.1297629498585593e-12
0.02,0.68,1.0173974947971227e-10,true,8,42.9603779058896,0.4546854134368812,22,1,15389.211644712597,Success,Success,Success,true,259,NaN,0.45468541343678764,22,1,15389.211644849476,5.915268275202834e-12
0.02,0.69,1.0173974947971227e-10,false,50,42.97482989480342,NaN,-1,-1,NaN,MaxIter,MaxIter,MaxIter,false,782,0.9998686174340585,NaN,-1,-1,NaN,NaN
0.02,0.7,1.0173974947971227e-10,false,50,42.98930310218213,NaN,-1,-1,NaN,Success,MaxIter,MaxIter,false,674,0.9992062357568668,NaN,-1,-1,NaN,NaN
0.025,0.0,1.0173974947971227e-10,true,4,37.19590310444871,0.6133575878819654,13,0,6191.830455010021,Success,Success,Success,true,120,NaN,0.6133575878819655,13,0,6191.830455008999,3.552713678800501e-15
0.025,0.1,1.0173974947971227e-10,true,4,37.21132839254278,0.6114132044516082,13,0,6200.336345929724,Success,Success,Success,true,133,NaN,0.6114132044516032,13,0,6200.3363459307875,1.9895196601282805e-13
0.025,0.2,1.0173974947971227e-10,true,5,37.244506983742795,0.6091310421957883,13,0,6219.049250829193,Success,Success,Success,true,140,NaN,0.6091310421959006,13,0,6219.049250827597,4.533262654149439e-12
0.025,0.3,1.0173974947971227e-10,true,5,37.2915942690393,0.6064269766298487,13,0,6250.299868990044,Success,Success,Success,true,148,NaN,0.6064269766299523,13,0,6250.299868988765,4.238387418808998e-12
0.025,0.4,1.0173974947971227e-10,true,5,37.34951706661246,0.6031778139692179,13,0,6296.389132785935,Success,Success,Success,true,155,NaN,0.60317781396924,13,0,6296.389132786941,9.201528428093297e-13
0.025,0.45,1.0173974947971227e-10,true,5,37.3817518132519,0.6012928778711238,13,0,6325.805862966005,Success,Success,Success,true,160,NaN,0.6012928778711242,13,0,6325.805862965515,1.4210854715202004e-14
0.025,0.46,1.0173974947971227e-10,true,5,37.388425651880006,0.6008911807253496,13,0,6332.251389687358,Success,Success,Success,true,160,NaN,0.6008911807253802,13,0,6332.2513896864875,1.2825296380469808e-12
0.025,0.47,1.0173974947971227e-10,true,5,37.39517047869263,0.6004805433048772,13,0,6338.893620589966,Success,Success,Success,true,160,NaN,0.600480543304915,13,0,6338.893620589756,1.588063014423824e-12
0.025,0.48,1.0173974947971227e-10,true,5,37.4019843897001,0.6000606282573927,13,0,6345.736987071697,Success,Success,Success,true,161,NaN,0.600060628257389,13,0,6345.736987073431,1.5987211554602254e-13
0.025,0.49,1.0173974947971227e-10,true,5,37.40886552183271,0.5996310776480003,13,0,6352.786174486527,Success,Success,Success,true,163,NaN,0.5996310776479951,13,0,6352.786174486904,2.2026824808563106e-13
0.025,0.5,1.0173974947971227e-10,true,5,37.41581205202774,0.5991915111969589,13,0,6360.046143728323,Success,Success,Success,true,163,NaN,0.5991915111969491,13,0,6360.046143725788,4.121147867408581e-13
0.025,0.51,1.0173974947971227e-10,true,5,37.4228221963392,0.5987415243203523,13,0,6367.52215505444,Success,Success,Success,true,163,NaN,0.5987415243203347,13,0,6367.522155055962,7.460698725481052e-13
0.025,0.52,1.0173974947971227e-10,true,5,37.429894209068635,0.5982806859462034,13,0,6375.2197944518675,Success,Success,Success,true,163,NaN,0.5982806859462946,13,0,6375.219794451153,3.8546943414985435e-12
0.025,0.53,1.0173974947971227e-10,true,5,37.43702638191627,0.5978085360739084,13,0,6383.145002944615,Success,Success,Success,true,163,NaN,0.5978085360741883,13,0,6383.145002943461,1.1873169114551274e-11
0.025,0.54,1.0173974947971227e-10,true,5,37.44421704315314,0.5973245830393058,13,0,6391.304109260285,Success,Success,Success,true,167,NaN,0.5973245830392068,13,0,6391.304109258462,4.220623850414995e-12
0.025,0.55,1.0173974947971227e-10,true,5,37.45146455681227,0.5968283004409992,13,0,6399.703866378375,Success,Success,Success,true,168,NaN,0.5968283004408292,13,0,6399.703866379541,7.254641332110623e-12
0.025,0.56,1.0173974947971227e-10,true,5,37.45876732189937,0.5963191236754343,13,0,6408.351492546504,Success,Success,Success,true,168,NaN,0.5963191236751417,13,0,6408.351492546796,1.2512657576735364e-11
0.025,0.57,1.0173974947971227e-10,true,5,37.46612377162212,0.5957964460183757,13,0,6417.254717503258,Success,Success,Success,true,170,NaN,0.5957964460178847,13,0,6417.254717507601,2.1032064978498966e-11
0.025,0.58,1.0173974947971227e-10,true,5,37.47353237263753,0.5952596141783546,13,0,6426.421834704224,Success,Success,Success,true,170,NaN,0.5952596141777778,13,0,6426.4218347054,2.476241434123949e-11
0.025,0.59,1.0173974947971227e-10,true,5,37.480991624317326,0.5947079232328251,13,0,6435.861760589882,Success,Success,Success,true,170,NaN,0.594707923231747,13,0,6435.861760594093,4.637712436306174e-11
0.025,0.6,1.0173974947971227e-10,true,6,37.48850005803068,0.5941406108369957,13,0,6445.584102144,Success,Success,Success,true,170,NaN,0.5941406108374625,13,0,6445.584102144244,2.0087043139938032e-11
0.025,0.61,1.0173974947971227e-10,true,6,37.496056236443394,0.5935568505877293,13,0,6455.599234095348,Success,Success,Success,true,173,NaN,0.5935568505877294,13,0,6455.599234096476,1.0658141036401503e-14
0.025,0.62,1.0173974947971227e-10,true,6,37.50365875283395,0.5929557443543428,13,0,6465.918387701518,Success,Success,Success,true,173,NaN,0.5929557443544802,13,0,6465.918387702121,5.929479129918036e-12
0.025,0.63,1.0173974947971227e-10,true,6,37.5113062304253,0.5923363134166498,13,0,6476.553753164832,Success,Success,Success,true,173,NaN,0.5923363134168353,13,0,6476.553753164537,8.032685627767933e-12
0.025,0.64,1.0173974947971227e-10,true,6,37.5189973217327,0.591697488144542,13,0,6487.518598429392,Success,Success,Success,true,173,NaN,0.5916974881447948,13,0,6487.51859842845,1.0970779840135947e-11
0.025,0.65,1.0173974947971227e-10,true,6,37.52673070792616,0.5910380959284254,13,0,6498.827407697996,Success,Success,Success,true,176,NaN,0.5910380959284874,13,0,6498.827407698582,2.6965096822095802e-12
0.025,0.66,1.0173974947971227e-10,true,6,37.53450509820827,0.5903568469832783,13,0,6510.496043842109,Success,Success,Success,true,175,NaN,0.5903568469833893,13,0,6510.496043838709,4.835243316847482e-12
0.025,0.67,1.0173974947971227e-10,true,6,37.5423192292063,0.5896523175515255,13,0,6522.541939941824,Success,Success,Success,true,178,NaN,0.5896523175515258,13,0,6522.54193994271,1.7763568394002505e-14
0.025,0.68,1.0173974947971227e-10,true,6,37.550171864378385,0.5889229298995875,13,0,6534.984326687169,Success,Success,Success,true,178,NaN,0.5889229298995882,13,0,6534.984326687782,2.842170943040401e-14
0.025,0.69,1.0173974947971227e-10,true,6,37.55806179343346,0.5881669283295757,13,0,6547.844504246224,Success,Success,Success,true,180,NaN,0.588166928329582,13,0,6547.844504245501,2.7000623958883807e-13
0.025,0.7,1.0173974947971227e-10,true,6,37.5659878317648,0.5873823501943258,13,0,6561.146169687217,Success,Success,Success,true,180,NaN,0.5873823501967358,13,0,6561.1461696728975,1.0596679089758254e-10
0.03,0.0,1.0173974947971227e-10,true,4,33.291662512810085,0.6589621412132022,9,0,5167.514299192728,Success,Success,Success,true,118,NaN,0.6589621412132319,9,0,5167.514299192706,1.4033219031261979e-12
0.03,0.1,1.0173974947971227e-10,true,4,33.262473004967624,0.6585453070740885,9,0,5174.182050372994,Success,Success,Success,true,126,NaN,0.658545307074562,9,0,5174.182050371522,1.567812546454661e-11
0.03,0.2,1.0173974947971227e-10,true,4,33.25118642334056,0.6579995453782984,9,0,5186.971129777259,Success,Success,Success,true,136,NaN,0.6579995453781693,9,0,5186.971129777321,4.32720526077901e-12
0.03,0.3,1.0173974947971227e-10,true,5,33.25421392909077,0.6573054853239441,9,0,5206.709553917755,Success,Success,Success,true,143,NaN,0.6573054853242737,9,0,5206.709553916272,1.1162626378791174e-11
0.03,0.4,1.0173974947971227e-10,true,5,33.2686724425658,0.6564384120759609,9,0,5234.176914671799,Success,Success,Success,true,148,NaN,0.6564384120759612,9,0,5234.17691467166,1.0658141036401503e-14
0.03,0.45,1.0173974947971227e-10,true,5,33.27944347273878,0.6559302944323694,9,0,5250.99054309183,Success,Success,Success,true,151,NaN,0.6559302944323694,9,0,5250.990543091316,3.552713678800501e-15
0.03,0.46,1.0173974947971227e-10,true,5,33.28184790024249,0.6558221106319573,9,0,5254.608360849234,Success,Success,Success,true,153,NaN,0.6558221106319585,9,0,5254.608360848305,4.263256414560601e-14
0.03,0.47,1.0173974947971227e-10,true,5,33.28433132683517,0.6557116421520224,9,0,5258.312543848588,Success,Success,Success,true,153,NaN,0.6557116421520461,9,0,5258.312543847267,8.135714324453147e-13
0.03,0.48,1.0173974947971227e-10,true,5,33.2868919417207,0.655598844393525,9,0,5262.103690904416,Success,Success,Success,true,153,NaN,0.6555988443935878,9,0,5262.103690905829,2.1742607714259066e-12
0.03,0.49,1.0173974947971227e-10,true,5,33.28952797173493,0.6554836713393205,9,0,5265.982417272171,Success,Success,Success,true,154,NaN,0.655483671339984,9,0,5265.982417271749,2.3515411839980516e-11
0.03,0.5,1.0173974947971227e-10,true,5,33.292237680515825,0.6553660754923031,9,0,5269.949356238751,Success,Success,Success,true,155,NaN,0.6553660754923039,9,0,5269.949356239419,2.842170943040401e-14
0.03,0.51,1.0173974947971227e-10,true,5,33.295019367693655,0.655246007810077,9,0,5274.005160710666,Success,Success,Success,true,155,NaN,0.6552460078100779,9,0,5274.005160710833,3.197442310920451e-14
0.03,0.52,1.0173974947971227e-10,true,5,33.29787136809986,0.6551234176359165,9,0,5278.1505047896635,Success,Success,Success,true,155,NaN,0.6551234176359175,9,0,5278.150504789622,3.552713678800501e-14
0.03,0.53,1.0173974947971227e-10,true,5,33.30079205099536,0.6549982526257535,9,0,5282.386085365101,Success,Success,Success,true,155,NaN,0.6549982526257783,9,0,5282.38608536465,8.633094239485217e-13
0.03,0.54,1.0173974947971227e-10,true,5,33.30377981931705,0.6548704586709152,9,0,5286.712623675678,Success,Success,Success,true,156,NaN,0.6548704586710742,9,0,5286.712623676127,5.53157519789238e-12
0.03,0.55,1.0173974947971227e-10,true,5,33.30683310894181,0.6547399798163033,9,0,5291.130866947958,Success,Success,Success,true,156,NaN,0.6547399798164875,9,0,5291.130866946176,6.419753617592505e-12
0.03,0.56,1.0173974947971227e-10,true,5,33.30995038796875,0.6546067581736852,9,0,5295.641590015701,Success,Success,Success,true,156,NaN,0.6546067581738989,9,0,5295.641590015416,7.457146011802251e-12
0.03,0.57,1.0173974947971227e-10,true,5,33.31313015601721,0.65447073382974,9,0,5300.245597016114,Success,Success,Success,true,158,NaN,0.6544707338297401,9,0,5300.2455970159735,3.552713678800501e-15
0.03,0.58,1.0173974947971227e-10,true,5,33.31637094354246,0.6543318447484644,9,0,5304.943723104308,Success,Success,Success,true,158,NaN,0.6543318447484644,9,0,5304.943723105976,2.6645352591003757e-15
0.03,0.59,1.0173974947971227e-10,true,5,33.31967131116665,0.6541900266675161,9,0,5309.736836259404,Success,Success,Success,true,158,NaN,0.6541900266675337,9,0,5309.73683625969,6.146194664324867e-13
0.03,0.6,1.0173974947971227e-10,true,5,33.32302984902624,0.6540452129880279,9,0,5314.625839126859,Success,Success,Success,true,158,NaN,0.6540452129880483,9,0,5314.625839127499,7.176481631177012e-13
0.03,0.61,1.0173974947971227e-10,true,5,33.326445176133866,0.6538973346573885,9,0,5319.611670970002,Success,Success,Success,true,158,NaN,0.6538973346577971,9,0,5319.611670968517,1.4356515976032824e-11
0.03,0.62,1.0173974947971227e-10,true,5,33.32991593975579,0.6537463200444346,9,0,5324.695309681001,Success,Success,Success,true,158,NaN,0.6537463200449097,9,0,5324.695309681515,1.6722623286113958e-11
0.03,0.63,1.0173974947971227e-10,true,5,33.33344081480359,0.6535920948064471,9,0,5329.877773927086,Success,Success,Success,true,158,NaN,0.6535920948070002,9,0,5329.877773926865,1.949729266925715e-11
0.03,0.64,1.0173974947971227e-10,true,5,33.33701850324028,0.6534345817472946,9,0,5335.160125379655,Success,Success,Success,true,163,NaN,0.6534345817472925,9,0,5335.160125379985,7.105427357601002e-14
0.03,0.65,1.0173974947971227e-10,true,5,33.3406477334996,0.653273700665987,9,0,5340.5434710753825,Success,Success,Success,true,163,NaN,0.6532737006659838,9,0,5340.543471072731,1.1368683772161603e-13
0.03,0.66,1.0173974947971227e-10,true,5,33.34432725991972,0.6531093681948489,9,0,5346.028965914798,Success,Success,Success,true,163,NaN,0.6531093681948983,9,0,5346.028965916472,1.751487843648647e-12
0.03,0.67,1.0173974947971227e-10,true,5,33.34805586218928,0.6529414976264285,9,0,5351.6178153372575,Success,Success,Success,true,163,NaN,0.6529414976264848,9,0,5351.617815339256,1.993072373807081e-12
0.03,0.68,1.0173974947971227e-10,true,5,33.351832344806596,0.6527699987281772,9,0,5357.31127810911,Success,Success,Success,true,163,NaN,0.6527699987282407,9,0,5357.311278107197,2.2595258997171186e-12
0.03,0.69,1.0173974947971227e-10,true,5,33.355655536551374,0.6525947775438308,9,0,5363.110669342549,Success,Success,Success,true,163,NaN,0.6525947775439019,9,0,5363.110669343062,2.525979425627156e-12
0.03,0.7,1.0173974947971227e-10,true,5,33.35952428996807,0.6524157361803161,9,0,5369.017363687058,Success,Success,Success,true,163,NaN,0.6524157361803947,9,0,5369.017363687898,2.7995383788947947e-12
0.04,0.0,1.0173974947971227e-10,true,4,27.510087638337726,0.7262868416118641,5,0,3890.469777739981,Success,Success,Success,true,115,NaN,0.7262868416119165,5,0,3890.4697777396605,1.3322676295501878e-12
0.04,0.1,1.0173974947971227e-10,true,4,27.43457421498288,0.7274251202378138,5,0,3895.464312424663,Success,Success,Success,true,123,NaN,0.7274251202378142,5,0,3895.464312424927,1.0658141036401503e-14
0.04,0.2,1.0173974947971227e-10,true,4,27.37667001354567,0.7285400227172041,5,0,3902.9808337015957,Success,Success,Success,true,128,NaN,0.7285400227174842,5,0,3902.9808337009927,7.069900220812997e-12
0.04,0.3,1.0173974947971227e-10,true,4,27.333166747847375,0.729630792806961,5,0,3913.101250841225,Success,Success,Success,true,133,NaN,0.7296307928069946,5,0,3913.1012508413987,1.2505552149377763e-12
0.04,0.4,1.0173974947971227e-10,true,5,27.301468435202715,0.7306965919453645,5,0,3926.000145126394,Success,Success,Success,true,138,NaN,0.7306965919453783,5,0,3926.000145126317,3.517186542012496e-13
0.04,0.45,1.0173974947971227e-10,true,5,27.28937066452859,0.7312198385688925,5,0,3933.525888572979,Success,Success,Success,true,138,NaN,0.7312198385695307,5,0,3933.5258885726926,1.6328272067767102e-11
0.04,0.46,1.0173974947971227e-10,true,5,27.287221010106478,0.7313236997006427,5,0,3935.1177866105686,Success,Success,Success,true,140,NaN,0.7313236997006427,5,0,3935.1177866105722,3.1086244689504383e-15
0.04,0.47,1.0173974947971227e-10,true,5,27.285157285077876,0.7314272956508445,5,0,3936.7385958669356,Success,Success,Success,true,140,NaN,0.7314272956508446,5,0,3936.738595866858,3.552713678800501e-15
0.04,0.48,1.0173974947971227e-10,true,5,27.283177827781497,0.7315306253425936,5,0,3938.3882965482576,Success,Success,Success,true,140,NaN,0.7315306253425937,5,0,3938.388296549306,2.6645352591003757e-15
0.04,0.49,1.0173974947971227e-10,true,5,27.281281009497505,0.7316336876851858,5,0,3940.066860802241,Success,Success,Success,true,143,NaN,0.7316336876851858,5,0,3940.0668608021315,1.7763568394002505e-15
0.04,0.5,1.0173974947971227e-10,true,5,27.279465233734307,0.7317364815738474,5,0,3941.7742531418835,Success,Success,Success,true,143,NaN,0.7317364815738474,5,0,3941.7742531409913,3.552713678800501e-15
0.04,0.51,1.0173974947971227e-10,true,5,27.277728935531545,0.7318390058894614,5,0,3943.510430855182,Success,Success,Success,true,143,NaN,0.7318390058894613,5,0,3943.5104308542645,2.6645352591003757e-15
0.04,0.52,1.0173974947971227e-10,true,5,27.27607058078065,0.7319412594982878,5,0,3945.275344414734,Success,Success,Success,true,143,NaN,0.731941259498306,5,0,3945.275344413464,4.725109192804666e-13
0.04,0.53,1.0173974947971227e-10,true,5,27.274488665560185,0.7320432412516769,5,0,3947.0689378824814,Success,Success,Success,true,143,NaN,0.732043241251697,5,0,3947.06893788248,5.151434834260726e-13
0.04,0.54,1.0173974947971227e-10,true,5,27.272981715488154,0.7321449499857795,5,0,3948.8911493096143,Success,Success,Success,true,143,NaN,0.7321449499858013,5,0,3948.891149308289,5.613287612504791e-13
0.04,0.55,1.0173974947971227e-10,true,5,27.271548285088823,0.7322463845212482,5,0,3950.7419111200165,Success,Success,Success,true,143,NaN,0.7322463845212721,5,0,3950.7419111192753,6.146194664324867e-13
0.04,0.56,1.0173974947971227e-10,true,5,27.270186957174598,0.7323475436629355,5,0,3952.621150489119,Success,Success,Success,true,143,NaN,0.7323475436630783,5,0,3952.6211504894354,3.680611371237319e-12
0.04,0.57,1.0173974947971227e-10,true,5,27.268896342242513,0.7324484261995828,5,0,3954.528789708348,Success,Success,Success,true,145,NaN,0.7324484261995828,5,0,3954.5287897084677,1.7763568394002505e-15
0.04,0.58,1.0173974947971227e-10,true,5,27.267675077884544,0.7325490309035051,5,0,3956.464746536702,Success,Success,Success,true,145,NaN,0.7325490309035059,5,0,3956.4647465360704,1.7763568394002505e-14
0.04,0.59,1.0173974947971227e-10,true,5,27.266521828212202,0.7326493565302685,5,0,3958.428934543702,Success,Success,Success,true,145,NaN,0.7326493565303719,5,0,3958.428934543644,2.6716406864579767e-12
0.04,0.6,1.0173974947971227e-10,true,5,27.265435283294003,0.732749401818361,5,0,3960.4212634320947,Success,Success,Success,true,145,NaN,0.7327494018184734,5,0,3960.4212634327287,2.9096725029376103e-12
0.04,0.61,1.0173974947971227e-10,true,5,27.264414158606357,0.7328491654888557,5,0,3962.4416393503852,Success,Success,Success,true,145,NaN,0.7328491654889777,5,0,3962.4416393502274,3.1583624604536453e-12
0.04,0.62,1.0173974947971227e-10,true,5,27.263457194497008,0.7329486462450684,5,0,3964.489965190333,Success,Success,Success,true,145,NaN,0.732948646245201,5,0,3964.489965190708,3.4425795547576854e-12
0.04,0.63,1.0173974947971227e-10,true,5,27.262563155661272,0.7330478427722062,5,0,3966.5661408687456,Success,Success,Success,true,145,NaN,0.7330478427723501,5,0,3966.566140868534,3.737454790098127e-12
0.04,0.64,1.0173974947971227e-10,true,5,27.261730830629766,0.7331467537370104,4,0,3968.670063601831,Success,Success,Success,true,145,NaN,0.7331467537375375,4,0,3968.6700636009664,1.369215851809713e-11
0.04,0.65,1.0173974947971227e-10,true,5,27.260959031268442,0.7332453777873903,4,0,3970.8016281557525,Success,Success,Success,true,145,NaN,0.7332453777879615,4,0,3970.801628155144,1.4857448604743695e-11
0.04,0.66,1.0173974947971227e-10,true,5,27.260246592289903,0.7333437135520495,4,0,3972.960727092764,Success,Success,Success,true,145,NaN,0.7333437135526687,4,0,3972.9607270935703,1.6122214674396673e-11
0.04,0.67,1.0173974947971227e-10,true,5,27.259592370776264,0.7334417596401052,4,0,3975.1472510012463,Success,Success,Success,true,148,NaN,0.7334417596401054,4,0,3975.1472510010176,3.552713678800501e-15
0.04,0.68,1.0173974947971227e-10,true,5,27.258995245712274,0.7335395146406972,4,0,3977.3610887080767,Success,Success,Success,true,148,NaN,0.7335395146406973,4,0,3977.361088707915,1.7763568394002505e-15
0.04,0.69,1.0173974947971227e-10,true,5,27.258454117529812,0.7336369771225907,4,0,3979.6021274894747,Success,Success,Success,true,148,NaN,0.7336369771225907,4,0,3979.602127489748,2.6645352591003757e-15
0.04,0.7,1.0173974947971227e-10,true,5,27.257967907662408,0.7337341456337682,4,0,3981.8702532578454,Success,Success,Success,true,148,NaN,0.7337341456337682,4,0,3981.870253258254,3.552713678800501e-15
0.05,0.0,1.0173974947971227e-10,true,4,23.43625285132498,0.7735970294984568,3,0,3128.062385707377,Success,Success,Success,true,113,NaN,0.7735970294984709,3,0,3128.0623857072683,2.8421709430404007e-13
0.05,0.1,1.0173974947971227e-10,true,4,23.341809391085828,0.7754182560048258,3,0,3132.4832077031283,Success,Success,Success,true,118,NaN,0.7754182560048368,3,0,3132.4832077036913,2.220446049250313e-13
0.05,0.2,1.0173974947971227e-10,true,4,23.264255456487597,0.7772255160118028,2,0,3138.1177076773565,Success,Success,Success,true,124,NaN,0.7772255160118138,2,0,3138.1177076771555,2.220446049250313e-13
0.05,0.3,1.0173974947971227e-10,true,4,23.200675873640254,0.7790187460042558,2,0,3144.949052944354,Success,Success,Success,true,128,NaN,0.7790187460046427,2,0,3144.9490529450527,7.814193736521702e-12
0.05,0.4,1.0173974947971227e-10,true,4,23.148700842474305,0.7807979293897803,2,0,3153.0592613942813,Success,Success,Success,true,133,NaN,0.7807979293897365,2,0,3153.059261394596,8.828493491819245e-13
0.05,0.45,1.0173974947971227e-10,true,4,23.12644563218256,0.7816822624549513,2,0,3157.6265566381403,Success,Success,Success,true,133,NaN,0.7816822624549633,2,0,3157.6265566387424,1.028510610012745e-12
0.05,0.46,1.0173974947971227e-10,true,4,23.122265370374986,0.7818587093450162,2,0,3158.5825929971293,Success,Success,Success,true,133,NaN,0.7818587093454389,2,0,3158.5825929959788,8.613554314251815e-12
0.05,0.47,1.0173974947971227e-10,true,4,23.118171643863153,0.7820350165171184,2,0,3159.553033121042,Success,Success,Success,true,133,NaN,0.7820350165175494,2,0,3159.5530331198706,8.79296635503124e-12
0.05,0.48,1.0173974947971227e-10,true,4,23.114162917744316,0.7822111840623329,2,0,3160.5379615628954,Success,Success,Success,true,136,NaN,0.7822111840620798,2,0,3160.5379615632573,5.142553050063725e-12
0.05,0.49,1.0173974947971227e-10,true,4,23.110237686649942,0.7823872120766207,2,0,3161.537459580664,Success,Success,Success,true,136,NaN,0.7823872120763128,2,0,3161.537459581497,6.256328788367682e-12
0.05,0.5,1.0173974947971227e-10,true,4,23.10639447411403,0.7825631006608282,2,0,3162.551604998257,Success,Success,Success,true,136,NaN,0.7825631006604553,2,0,3162.5516049992843,7.58504370423907e-12
0.05,0.51,1.0173974947971227e-10,true,4,23.102631831956653,0.7827388499206888,2,0,3163.5804720976334,Success,Success,Success,true,136,NaN,0.7827388499202906,2,0,3163.5804720975116,8.098410830825742e-12
0.05,0.52,1.0173974947971227e-10,true,4,23.098948339681986,0.7829144599668239,2,0,3164.624131497827,Success,Success,Success,true,136,NaN,0.7829144599663388,2,0,3164.624131497292,9.874767670225992e-12
0.05,0.53,1.0173974947971227e-10,true,4,23.095342603890156,0.7830899309147472,2,0,3165.682650078745,Success,Success,Success,true,136,NaN,0.7830899309141593,2,0,3165.682650078788,1.1977974168075889e-11
0.05,0.54,1.0173974947971227e-10,true,4,23.091813257703482,0.7832652628848695,2,0,3166.7560908980736,Success,Success,Success,true,136,NaN,0.7832652628841605,2,0,3166.756090898328,1.4457768315878639e-11
0.05,0.55,1.0173974947971227e-10,true,5,23.08835896020586,0.7834404560015802,2,0,3167.8445131313733,Success,Success,Success,true,136,NaN,0.7834404560016531,2,0,3167.8445131304998,1.4956924587750109e-12
0.05,0.56,1.0173974947971227e-10,true,5,23.08497839589513,0.7836155103967803,2,0,3168.9479720164572,Success,Success,Success,true,136,NaN,0.7836155103968588,2,0,3168.9479720161476,1.609379296496627e-12
0.05,0.57,1.0173974947971227e-10,true,5,23.081670274148518,0.7837904262048347,2,0,3170.066518824896,Success,Success,Success,true,138,NaN,0.78379042620493,2,0,3170.066518825399,1.950439809661475e-12
0.05,0.58,1.0173974947971227e-10,true,5,23.07843332870021,0.7839652035658164,2,0,3171.2002008306104,Success,Success,Success,true,138,NaN,0.7839652035659185,2,0,3171.200200830823,2.092548356813495e-12
0.05,0.59,1.0173974947971227e-10,true,5,23.07526631713128,0.7841398426247432,2,0,3172.349061298305,Success,Success,Success,true,138,NaN,0.7841398426253375,2,0,3172.349061297735,1.219824241616152e-11
0.05,0.6,1.0173974947971227e-10,true,5,23.072168020371425,0.7843143435315936,2,0,3173.513139478678,Success,Success,Success,true,138,NaN,0.7843143435322287,2,0,3173.5131394788004,1.304911734223424e-11
0.05,0.61,1.0173974947971227e-10,true,5,23.069137242212097,0.7844887064413241,2,0,3174.6924706255295,Success,Success,Success,true,138,NaN,0.7844887064420025,2,0,3174.6924706249843,1.3949730259810167e-11
0.05,0.62,1.0173974947971227e-10,true,5,23.06617280883074,0.7846629315138905,2,0,3175.8870860019206,Success,Success,Success,true,138,NaN,0.7846629315146147,2,0,3175.8870860019024,1.49036338825681e-11
0.05,0.63,1.0173974947971227e-10,true,5,23.063273568326544,0.7848370189142705,2,0,3177.0970129189764,Success,Success,Success,true,138,NaN,0.7848370189150433,2,0,3177.0970129179477,1.5912604567347444e-11
0.05,0.64,1.0173974947971227e-10,true,5,23.06043839026619,0.7850109688124906,2,0,3178.3222747666705,Success,Success,Success,true,138,NaN,0.7850109688133144,2,0,3178.3222747647046,1.6976642314148194e-11
0.05,0.65,1.0173974947971227e-10,true,5,23.05766616524022,0.7851847813836553,2,0,3179.5628910604646,Success,Success,Success,true,138,NaN,0.7851847813845333,2,0,3179.5628910595256,1.8104628907167353e-11
0.05,0.66,1.0173974947971227e-10,true,5,23.05495580442986,0.7853584568079809,2,0,3180.8188774962305,Success,Success,Success,true,139,NaN,0.7853584568079809,2,0,3180.818877496414,2.220446049250313e-15
0.05,0.67,1.0173974947971227e-10,true,5,23.052306239183242,0.7855319952708327,2,0,3182.090246008938,Success,Success,Success,true,139,NaN,0.7855319952708327,2,0,3182.090246009304,2.6645352591003757e-15
0.05,0.68,1.0173974947971227e-10,true,5,23.049716420601623,0.785705396962767,2,0,3183.3770048379215,Success,Success,Success,true,141,NaN,0.7857053969627671,2,0,3183.377004837912,3.552713678800501e-15
0.05,0.69,1.0173974947971227e-10,true,5,23.047185319134705,0.7858786620795775,2,0,3184.6791586022796,Success,Success,Success,true,141,NaN,0.7858786620795776,2,0,3184.6791586024833,3.552713678800501e-15
0.05,0.7,1.0173974947971227e-10,true,5,23.044711924185545,0.7860517908223484,2,0,3185.99670837796,Success,Success,Success,true,141,NaN,0.7860517908223486,2,0,3185.9967083784354,2.6645352591003757e-15
