lf,lf_abs,family,label,lines,gens,loads,load_step,fault_bus,xf,fault_mode,pre_resid,direct_h0.0005,direct_h5.0e-5,direct_h5.0e-6,direct_all_ok,direct_all_fail,newton_ok,newton_it,newton_resid,newton_minV,post_newton,hom_ok,hom_lambda_end,hom_it,hom_resid,hom_minV,post_hom,root_dist,class,saved,target,seconds
0.97,2.2431,topo,"bus 17: trip 2 lines, keep 16-17","[25, 26]","Int64[]","Int64[]",0.0,0,NaN,none,9.66e-11,ok,ok,MaxIter@3.50e-05,false,false,true,1,5.33e-15,0.741,"h=5e-06/0.0001 MaxIter@3.5e-05; h=0.0005/0.05 ok; h=5e-05/0.01 ok",true,1.0,101,3.55e-15,0.741,"h=5e-06/0.0001 MaxIter@3.5e-05; h=0.0005/0.05 ok; h=5e-05/0.01 ok",3.55e-15,reinit_then_fails,false,false,19.4
0.97,2.2431,fault,"fault bus 1 xf=0.001 apply","Int64[]","Int64[]","Int64[]",0.0,1,0.001,apply,9.66e-11,ok,ok,ok,true,false,false,0,NaN,NaN,"",false,NaN,0,NaN,NaN,"",NaN,A_direct_ok,false,false,1.2
0.97,2.2431,fault,"fault bus 1 xf=0.001 clear@0.1","Int64[]","Int64[]","Int64[]",0.0,1,0.001,clear,1.15e-14,ok,ok,ok,true,false,false,0,NaN,NaN,"",false,NaN,0,NaN,NaN,"",NaN,A_direct_ok,false,false,5.4
0.97,2.2431,fault,"fault bus 1 xf=0.005 apply","Int64[]","Int64[]","Int64[]",0.0,1,0.005,apply,9.66e-11,ok,ok,ok,true,false,false,0,NaN,NaN,"",false,NaN,0,NaN,NaN,"",NaN,A_direct_ok,false,false,1.2
0.97,2.2431,fault,"fault bus 1 xf=0.005 clear@0.1","Int64[]","Int64[]","Int64[]",0.0,1,0.005,clear,8.88e-15,ok,ok,ok,true,false,false,0,NaN,NaN,"",false,NaN,0,NaN,NaN,"",NaN,A_direct_ok,false,false,5.3
0.97,2.2431,fault,"fault bus 1 xf=0.02 apply","Int64[]","Int64[]","Int64[]",0.0,1,0.02,apply,9.66e-11,ok,ok,ok,true,false,false,0,NaN,NaN,"",false,NaN,0,NaN,NaN,"",NaN,A_direct_ok,false,false,1.4
0.97,2.2431,fault,"fault bus 1 xf=0.02 clear@0.1","Int64[]","Int64[]","Int64[]",0.0,1,0.02,clear,6.40e-15,ok,ok,ok,true,false,false,0,NaN,NaN,"",false,NaN,0,NaN,NaN,"",NaN,A_direct_ok,false,false,4.9
0.97,2.2431,faultline,"fault bus 1 xf=0.001 cleared by trip 1-2","[1]","Int64[]","Int64[]",0.0,1,0.001,clear,1.15e-14,ok,ok,ok,true,false,false,0,NaN,NaN,"",false,NaN,0,NaN,NaN,"",NaN,A_direct_ok,false,false,5.3
0.97,2.2431,faultline,"fault bus 1 xf=0.005 cleared by trip 1-2","[1]","Int64[]","Int64[]",0.0,1,0.005,clear,8.88e-15,ok,ok,ok,true,false,false,0,NaN,NaN,"",false,NaN,0,NaN,NaN,"",NaN,A_direct_ok,false,false,5.1
0.97,2.2431,faultline,"fault bus 1 xf=0.001 cleared by trip 1-39","[2]","Int64[]","Int64[]",0.0,1,0.001,clear,1.15e-14,ok,ok,MaxIter@1.50e-05,false,false,true,2,5.33e-15,0.605,"h=5e-06/0.0001 MaxIter@1.5e-05; h=0.0005/0.05 ok; h=5e-05/0.01 ok",true,1.0,167,5.33e-15,0.605,"h=5e-06/0.0001 MaxIter@1.5e-05; h=0.0005/0.05 ok; h=5e-05/0.01 ok",3.55e-15,reinit_then_fails,false,false,17.6
0.97,2.2431,faultline,"fault bus 1 xf=0.005 cleared by trip 1-39","[2]","Int64[]","Int64[]",0.0,1,0.005,clear,8.88e-15,ok,ok,ok,true,false,false,0,NaN,NaN,"",false,NaN,0,NaN,NaN,"",NaN,A_direct_ok,false,false,5.4
