lambda,V_faultbus,stage_iters
0.0,0.09478467150262818,1.0
0.01,0.12655704506770218,4.0
0.02,0.1658334532866263,4.0
0.03,0.21345785908663453,4.0
0.04,0.26968134166178126,4.0
0.05,0.33395100882643225,4.0
0.06,0.4047563775573522,4.0
0.07,0.4796611837748992,4.0
0.08,0.5555836949447718,4.0
0.09,0.6292803682522874,3.0
0.1,0.6978824271179962,3.0
0.11,0.7593056817703847,3.0
0.12,0.8124225386309869,3.0
0.13,0.8569984362820487,3.0
0.14,0.8934778965225972,3.0
0.15,0.9227243133549781,3.0
0.16,0.9457891592976265,3.0
0.17,0.9637446787571093,3.0
0.18,0.9775824334505222,3.0
0.19,0.988164246140054,3.0
0.2,0.9962083243878717,3.0
0.21,1.0022957455943524,3.0
0.22,1.00688675584913,3.0
0.23,1.010340304815741,2.0
0.24,1.012933185006128,2.0
0.25,1.0148770599016625,2.0
0.26,1.0163327910782813,2.0
0.27,1.0174220719301448,2.0
0.28,1.0182366515566503,2.0
0.29,1.0188455278244957,2.0
0.3,1.0193004911892984,2.0
0.31,1.019640361422917,2.0
0.32,1.019894205570563,2.0
0.33,1.0200837711272253,2.0
0.34,1.0202253197319244,2.0
0.35,1.0203310056982093,2.0
0.36,1.020409910483756,2.0
0.37,1.0204688179267074,2.0
0.38,1.0205127946300085,2.0
0.39,1.0205456241452717,2.0
0.4,1.0205701316043014,2.0
0.41,1.0205884263399636,2.0
0.42,1.0206020831586051,2.0
0.43,1.0206122777453,2.0
0.44,1.020619887790301,2.0
0.45,1.0206255685049594,2.0
0.46,1.0206298090076567,2.0
0.47,1.020632974422837,2.0
0.48,1.0206353373114414,2.0
0.49,1.0206371011354105,2.0
0.5,1.0206384177746775,2.0
0.51,1.0206394006038666,2.0
0.52,1.020640134254083,2.0
0.53,1.0206406819000269,2.0
0.54,1.020641090699726,2.0
0.55,1.0206413958551979,1.0
0.56,1.0206416236436366,1.0
0.57,1.0206417936801304,1.0
0.58,1.020641920606706,1.0
0.59,1.0206420153531577,1.0
0.6,1.0206420860782173,1.0
0.61,1.0206421388721085,1.0
0.62,1.0206421782809811,1.0
0.63,1.0206422076983845,1.0
0.64,1.0206422296574909,1.0
0.65,1.0206422460492277,1.0
0.66,1.02064225828511,1.0
0.67,1.0206422674187858,1.0
0.68,1.0206422742367687,1.0
0.69,1.0206422793261642,1.0
0.7,1.0206422831252275,1.0
0.71,1.0206422859611006,1.0
0.72,1.0206422880779848,1.0
0.73,1.020642289658168,1.0
0.74,1.0206422908377217,1.0
0.75,1.020642291718219,1.0
0.76,1.0206422923754808,1.0
0.77,1.0206422928661043,1.0
0.78,1.0206422932323385,1.0
0.79,1.0206422935057204,1.0
0.8,1.0206422937097905,1.0
0.81,1.020642293862122,1.0
0.82,1.0206422939758324,1.0
0.83,1.0206422940607134,1.0
0.84,1.0206422941240743,1.0
0.85,1.0206422941713709,1.0
0.86,1.0206422942066764,1.0
0.87,1.0206422942330307,1.0
0.88,1.0206422942527031,1.0
0.89,1.0206422942673883,1.0
0.9,1.0206422942783497,1.0
0.91,1.0206422942865325,1.0
0.92,1.0206422942926408,1.0
0.93,1.0206422942972,1.0
0.94,1.0206422943006037,1.0
0.95,1.0206422943031441,1.0
0.96,1.0206422943050406,1.0
0.97,1.0206422943064564,1.0
0.98,1.0206422943075129,1.0
0.99,1.020642294308302,1.0
1.0,1.0206422943088906,1.0
