k,g_inf,g_2,dy_2,V_faultbus,minV,maxV,condJ
1.0,47.12832056851605,47.3923357513046,152.75468241826673,0.09478467150262816,0.09478467150262816,0.9633916783977841,1962.646460830508
2.0,270.824826750465,330.9903214790358,79.435007703608,2.008482005462014,0.1363792921666442,2.6038411145102427,21216.481548941443
3.0,72.05936199448006,89.23885025346492,41.443318546022255,0.79985242242298,0.14661313402764442,1.157622278223582,10532.939840692648
4.0,16.726495687459106,21.39284427729082,82.82208755808806,0.14684210279290238,0.005521021832432268,0.9605199763797991,28130.92012121688
5.0,71.54792738043585,72.69906177659215,37.22876221560948,0.22737143716150432,0.06556354059009774,0.8643649752051706,28728.685587068998
6.0,17.727570963426864,19.17257006731505,38.1293567217402,0.02614954053852161,0.02614954053852161,0.8741283151548519,17572.36242130851
7.0,21.720810394424607,22.359498981226924,19.789554975977754,0.05217257635304564,0.03876051141897436,0.9241549658864588,16883.498791641505
8.0,5.3681254457080145,5.515118543472228,8.37458869402115,0.04073414672477795,0.03010424988112601,0.9186340765263286,8682.270289976737
9.0,1.2499000476287987,1.304958762989599,4.010697650675657,0.08812122213705988,0.026420216033759054,0.9238910979522186,5691.021060738228
10.0,0.27479221051103564,0.27620066349441136,1.2989634535564027,0.09398248872684084,0.02647365250080525,0.9242869664437539,5892.8784906499695
11.0,0.03820102062405473,0.038377731853915444,0.25875833965388334,0.09675161506726021,0.0261125493459479,0.9245836686483098,5970.48397533364
12.0,0.0014970815673508234,0.001503252067281459,0.010930955999659748,0.09717631701556216,0.026052339393509233,0.9246373463955239,5984.836844230086
13.0,2.682191005146106e-6,2.6920700217521932e-6,1.9613216935996226e-5,0.09719483401680325,0.026049711146622762,0.9246396411593758,5985.4564488833885
14.0,8.636140413909033e-12,8.667833567177485e-12,6.314012295685295e-11,0.09719486708995664,0.026049706453485644,0.9246396452832611,5985.457559075137
