t,V_faultbus,minV,kcl,angle_spread_deg
0.0,1.0280903107303725,0.979106393544358,1.5543122344752192e-15,31.066700099655456
0.01,1.021305097850124,0.9736739300492958,1.8687308644960154e-15,33.18722218833384
0.02,1.0143716858489875,0.968223151121348,2.6645352591003757e-15,35.24983515566028
0.03,1.0073409022493294,0.9627961549984038,1.7763568394002505e-15,37.24657448380987
0.04,1.000264406164024,0.9574346507653714,1.4903443062985744e-15,39.17014430642537
0.05,0.9931938858886936,0.9521793753022524,2.8117699141239072e-15,41.01391885702816
0.060000000000000005,0.9861803198139728,0.9462377898505993,1.7763568394002505e-15,42.771936010302866
0.07,0.9792733121441872,0.9385518783465924,2.741608481036939e-15,44.43888394082381
0.08,0.9725205107408937,0.931052957327043,2.6179844967236243e-13,46.010081975026424
0.09,0.9659671105860811,0.9237893797719637,1.7994492614720192e-13,47.481456725730055
0.09999999999999999,0.9596554430145207,0.9168065319226019,1.2050777042915684e-13,48.84951457946759
0.10999999999999999,0.9536246480782282,0.9101465099036368,7.846837329211764e-14,50.111311561082935
0.11999999999999998,0.9479104252123486,0.9038478754219335,4.838105827423278e-14,51.26442153349304
0.12999999999999998,0.9425448557638851,0.8979454833802407,3.0455293235226444e-14,52.30690360894294
0.13999999999999999,0.9375562898862283,0.8924703731736879,1.539702610200977e-14,53.23726955677371
0.15,0.9329692897349757,0.8874497148842778,8.733194289262114e-15,54.0544518962578
0.16,0.9288046207531625,0.8829068014808378,5.491321373313207e-15,54.75777326523023
0.17,0.9250792830303817,0.87886107839056,2.6645352591003757e-15,55.346917559033535
0.18000000000000002,0.9218065751842587,0.8753282023552692,4.440892098500626e-15,55.82190324188999
0.19000000000000003,0.918996183872977,0.8723201222476024,1.7763568394002505e-15,56.18305914567653
0.20000000000000004,0.916654292840046,0.8698451754335348,1.994931997373328e-15,56.43100299003909
0.21000000000000005,0.9147837062623159,0.8679081942712459,2.6645352591003757e-15,56.566622783147885
0.22000000000000006,0.9133839820740928,0.866510618384719,1.9949862074819524e-15,56.59106119405551
0.23000000000000007,0.9124515718381588,0.8656506094052036,2.6645352591003757e-15,56.50570292515971
0.24000000000000007,0.9119799646013159,0.865323165904414,1.7763568394002505e-15,56.312165056076964
0.25000000000000006,0.9119598329880253,0.8655202372266184,3.552713678800501e-15,56.01229027756972
0.26000000000000006,0.9123791805372179,0.8662308358445783,2.4424906541753444e-15,55.60814288528928
0.2700000000000001,0.9132234899655663,0.867441148702624,1.8181528331495667e-15,55.10200735728154
0.2800000000000001,0.914475872639735,0.8691346487575141,1.7763568394002505e-15,54.49638929585592
0.2900000000000001,0.9161172200565291,0.8712922085739343,2.192690473634684e-15,53.79401847309185
0.3000000000000001,0.9181263585600167,0.8738922183665773,2.383103480177451e-15,52.997853679711326
0.3100000000000001,0.9204802088646218,0.8769107112940934,1.887379141862766e-15,52.1110890392732
0.3200000000000001,0.9231539521974458,0.880321499090283,2.6645352591003757e-15,51.137161413899825
0.3300000000000001,0.9261212050143535,0.8840963212520861,2.6645352591003757e-15,50.07975849454477
0.34000000000000014,0.9293542042734955,0.8882050109791256,1.7763568394002505e-15,48.94282713894571
0.35000000000000014,0.9328240051563429,0.8926156808630621,1.7763568394002505e-15,47.73058149490866
0.36000000000000015,0.9365006928991251,0.8972949309460259,1.9984014443252818e-15,46.447510426689604
0.37000000000000016,0.940353610027146,0.9022080811988545,2.6645352591003757e-15,45.09838374938084
0.38000000000000017,0.9443515997645093,0.9073194297106804,3.552713678800501e-15,43.688256771855976
0.3900000000000002,0.9484632657216093,0.9125925369386675,3.6296378229383475e-15,42.22247265445709
0.4000000000000002,0.9526572471497063,0.9179905352578568,5.818045697991714e-15,40.70666210456612
0.4100000000000002,0.9569025081135377,0.9234764618055886,7.382820483431418e-15,39.1467399626001
0.4200000000000002,0.9611686378984946,0.9290136112752408,1.286888347620807e-14,37.54889827354366
0.4300000000000002,0.9654261588801165,0.9345659039352382,1.504997298659716e-14,35.9195954951312
0.4400000000000002,0.9696468369939676,0.9400982627979764,1.87119742443842e-14,34.26554156287886
0.45000000000000023,0.9738039889166271,0.9455769926144936,2.3053282373342032e-14,34.56442956285925
0.46000000000000024,0.9778727791731142,0.947302058094593,3.0225171324116396e-14,35.05165571176536
0.47000000000000025,0.9818304996937142,0.9459184460608989,3.3865217487910604e-14,35.55081111117605
0.48000000000000026,0.985656823920918,0.9444931753925836,3.817828215027519e-14,36.061037343032986
0.49000000000000027,0.9893340274717822,0.943031265208583,3.889418084476737e-14,36.58138463847523
0.5000000000000002,0.9928471676332138,0.94153881992454,4.244120246216232e-14,37.110812038686475
0.5100000000000002,0.9961842146271818,0.9400229895435944,4.196621349039642e-14,37.648187718437526
0.5200000000000002,0.9993361286250901,0.9384919090418797,4.093421565251609e-14,38.19228948418427
0.5300000000000002,1.0022968778853594,0.9369546172378429,3.767949494082323e-14,38.74180546459283
0.5400000000000003,1.0050633950810812,0.9354209562023431,3.3239470204060595e-14,39.29533501734506
0.5500000000000003,1.0076354707997446,0.9339014529213738,2.884091620039553e-14,39.85138988182215
0.5600000000000003,1.0100155852431731,0.9324071855264788,2.3420447439054248e-14,40.408395612575276
0.5700000000000003,1.0122086812327915,0.9309496369235213,1.8081185420432133e-14,40.96469333318621
0.5800000000000003,1.014221883631658,0.9295405390483635,1.369650920457488e-14,41.51854185405099
0.5900000000000003,1.0160641721350026,0.9281917112370092,1.0506677992905278e-14,42.068120200661355
0.6000000000000003,1.0177460159724867,0.9269148963071255,6.421024736219527e-15,42.61153060103195
0.6100000000000003,1.0192789803428948,0.925721597908292,3.973709382376622e-15,43.146801981970285
0.6200000000000003,1.0206753153209576,0.9246229225213421,2.6645352591003757e-15,43.67189402388888
0.6300000000000003,1.021947538513675,0.9236294291936811,4.440892098500626e-15,44.18470182281238
0.6400000000000003,1.0231080228976468,0.9227509897153038,2.6645352591003757e-15,44.68306120614655
0.6500000000000004,1.0241686010553457,0.9219966615011712,1.887379141862766e-15,45.164754745665356
0.6600000000000004,1.0251401964770304,0.9213745749820985,2.6645352591003757e-15,45.6275185070473
0.6700000000000004,1.0260324917458745,0.9208918368485006,3.552713678800501e-15,46.069049570154775
0.6800000000000004,1.0268536423220367,0.9205544500643251,1.8107802583766652e-15,46.487014348085964
0.6900000000000004,1.0276100433334394,0.9203672511904988,2.6645352591003757e-15,46.87905772581495
0.7000000000000004,1.0283061553118857,0.9203338652384103,3.552713678800501e-15,47.242813030933
0.7100000000000004,1.0289443932242874,0.9204566780163055,1.7763568394002505e-15,47.57591283957663
0.7200000000000004,1.0295250814773178,0.9207368257294826,2.0474344875759387e-15,47.876000610040975
0.7300000000000004,1.0300464758530783,0.9211742014371239,3.552713678800501e-15,48.14074312481942
0.7400000000000004,1.030504851594002,0.921767477838704,2.6645352591003757e-15,48.36784370889926
0.7500000000000004,1.0308946551272284,0.9225141457435332,2.6645352591003757e-15,48.555056178148156
0.7600000000000005,1.0312087152332248,0.9234105674511581,2.55351295663786e-15,48.70019945666986
0.7700000000000005,1.0314385078548092,0.9244520441240328,3.1086244689504383e-15,48.80117278628801
0.7800000000000005,1.0315744672493457,0.9256328960580409,1.4481688417888883e-15,48.85597143510205
0.7900000000000005,1.03160633485156,0.9269465545484351,2.6229018956769323e-15,48.862702795695704
0.8000000000000005,1.0315235360834103,0.9283856638129673,1.9396376865765674e-15,48.8196027474803
0.8100000000000005,1.0313155744683102,0.9299421911818644,2.6645352591003757e-15,48.72505214229244
0.8200000000000005,1.0309724318254316,0.9316075435134163,2.2193076369692033e-15,48.577593258244534
0.8300000000000005,1.0304849630757233,0.9333726875662305,2.6645352591003757e-15,48.37594605446904
0.8400000000000005,1.029845274314371,0.9352282718788265,2.6645352591003757e-15,48.11902404930231
0.8500000000000005,1.0290470733101729,0.9371647475977837,2.6645352591003757e-15,47.805949637078825
0.8600000000000005,1.0280859824783868,0.939172485677448,2.1618449218274716e-15,47.43606865443169
0.8700000000000006,1.0269598056177427,0.9412418879617618,1.8405416080113923e-15,47.00896400609601
0.8800000000000006,1.0256687412616698,0.9433634898587486,2.673263086588884e-15,46.524468162848066
0.8900000000000006,1.024215537306115,0.945528052628123,3.1086244689504383e-15,45.982674350407805
0.9000000000000006,1.0226055835631505,0.9477266437105303,3.1451620821632e-15,45.38394625777895
0.9100000000000006,1.0208469409607763,0.9499507040124547,4.107662560787206e-15,44.72892610636474
0.9200000000000006,1.018950308169095,0.952192101596104,3.9428096204607854e-15,44.0185409369369
0.9300000000000006,1.0169289283864014,0.9544431717760834,3.196444844921764e-15,43.25400698972405
0.9400000000000006,1.0147984407779842,0.956696744159909,3.3202065229109845e-15,42.436832073041195
0.9500000000000006,1.012576682551072,0.9589461576539712,3.4868483968220065e-15,41.568815837498455
0.9600000000000006,1.0102834488146868,0.9611852648608982,3.66758489897534e-15,40.65204789540038
0.9700000000000006,1.007940218177399,0.9634084275951399,4.084569054513265e-15,39.68890374800693
0.9800000000000006,1.0055698524655095,0.9656105054257113,4.212233860323433e-15,38.68203850644928
0.9900000000000007,1.00319627900713,0.967786839212086,4.6115455204498446e-15,37.634378414918814
1.0000000000000007,1.0008441636517407,0.9665816442904329,6.113490789994014e-15,36.58714784962977
1.0100000000000007,0.9985385821241264,0.9630640844462629,5.804005279858027e-15,37.52204054620968
1.0200000000000007,0.9963046965023425,0.9596484433549404,6.853350352498122e-15,38.38725205003394
1.0300000000000007,0.9941674426252974,0.9563658568222211,7.9993520488153e-15,39.17955247636245
1.0400000000000007,0.9921512331434679,0.9532468365730934,8.777809208659892e-15,39.89614089986787
1.0500000000000007,0.9902796797918613,0.9503209379763409,8.236683904372377e-15,40.534636601113036
1.0600000000000007,0.988575337348587,0.9476164491576125,8.614799412026697e-15,41.093067823528465
1.0700000000000007,0.9870594706988965,0.9451601036065023,9.391305007960815e-15,41.56985855433116
1.0800000000000007,0.9857518454975828,0.9429768174784804,9.27610852713423e-15,41.96381384224585
1.0900000000000007,0.9846705421461034,0.9410894520309205,9.239299863378347e-15,42.27410415325192
1.1000000000000008,0.983831792197907,0.9395186010343202,1.0049795197419886e-14,42.50024924397806
1.1100000000000008,0.9832498358889058,0.9382824025752858,1.0414737648678507e-14,42.64210200192506
1.1200000000000008,0.9829367992627831,0.9373963744179488,9.838267353567964e-15,42.69983266353465
1.1300000000000008,0.98290258931693,0.936873272008149,9.066098566323788e-15,42.67391377629364
1.1400000000000008,0.9831548057206685,0.9367229682761236,8.41752882674296e-15,42.565106220560494
1.1500000000000008,0.9836986679328426,0.9369523545991504,8.43021399216104e-15,42.37444655153524
1.1600000000000008,0.9845369569452292,0.937565262601624,7.495252248718165e-15,42.1032358626116
1.1700000000000008,0.9856699713714921,0.9385624068688035,6.076140025151888e-15,41.75303030905277
1.1800000000000008,0.9870954981550433,0.9399413491014488,6.046378675517161e-15,41.325633366308885
1.1900000000000008,0.9888087987470718,0.9416964847090079,4.753467584828197e-15,40.82308983115289
1.2000000000000008,0.9908026121702331,0.9438190532945143,4.474610786064925e-15,40.2476815070242
1.2100000000000009,0.9930671768952785,0.9462971748894001,3.058751169016105e-15,39.60192444850488
1.2200000000000009,0.9955902738785867,0.9491159141152737,2.893247707386193e-15,38.88856757480755
1.2300000000000009,0.9983572934007144,0.9522573746472374,2.9558061727386065e-15,38.11059239978406
1.2400000000000009,1.0013513284750486,0.9557008263963889,4.171251018203481e-15,37.271213567686026
1.2500000000000009,1.0045532975310962,0.9594228676881716,6.2814337065120185e-15,36.40952358166771
1.260000000000001,1.007942098794886,0.9633976243641019,1.0353209175389955e-14,36.05809504545707
1.270000000000001,1.0114947982738227,0.9675969871607095,1.5254778776979672e-14,35.601389393044315
1.280000000000001,1.015186852500187,0.9719908879149316,2.2340961546019056e-14,35.041839602152166
1.290000000000001,1.0189923662040534,0.9765476141156914,3.0405582565617983e-14,34.3823925491073
1.300000000000001,1.022884383894906,0.981234160087357,4.202123675065006e-14,33.62651277972211
1.310000000000001,1.0268352129693168,0.9860166116883375,5.2642785963730176e-14,32.77818243213994
1.320000000000001,1.0308167744831114,0.9908605598896267,6.598091214018997e-14,31.841896852434118
1.330000000000001,1.03480097619853,0.9957315370315998,8.012806997775845e-14,30.8226554989409
1.340000000000001,1.0387601010204552,1.0005954680241307,9.504430662637953e-14,29.725947802879357
1.350000000000001,1.0426672025597468,1.0054191273461806,1.073859425861079e-13,28.55773373977807
1.360000000000001,1.046496498398555,1.0089043092771164,1.1982683725472731e-13,27.324418966776566
1.370000000000001,1.0502237507717143,1.0092485920168732,1.2705917047661774e-13,26.032824492363364
1.380000000000001,1.0538266238998237,1.0095963019743661,1.3234243345303098e-13,24.69015096416337
1.390000000000001,1.0572850071765683,1.0099445741128628,1.3190203053056737e-13,23.30393778298319
1.400000000000001,1.0605812938653971,1.010290614882492,1.2867246330927617e-13,21.88201737302519
1.410000000000001,1.0637006059110565,1.0106317604919506,1.204319846973001e-13,20.432465054369306
1.420000000000001,1.0666309569009398,1.0109655294531588,1.095675199874746e-13,18.963545069973545
1.430000000000001,1.0693633470697028,1.011289668003054,9.489224727168843e-14,17.483653411419564
1.440000000000001,1.0718917864488204,1.0116021873174026,8.060267947876398e-14,16.732110400209883
1.450000000000001,1.0742132447172428,1.0119013917737116,6.508107854713563e-14,16.47833765514145
1.460000000000001,1.0763275288893928,1.0121858978742615,5.0419954669700395e-14,16.17721280196565
1.470000000000001,1.0782370925531892,1.0124546437865498,3.7251939814103574e-14,15.829990200965797
1.480000000000001,1.0799467828152212,1.0127068897797535,2.5912702972946677e-14,15.980700916679174
1.490000000000001,1.0814635333040308,1.012942210118081,1.746665962906735e-14,16.138083878026443
1.500000000000001,1.0827960134248142,1.0131604772052407,1.137783443849738e-14,16.2793800551452
1.5100000000000011,1.0839542454725088,1.0133618389534027,6.003173218943614e-15,16.40294018071747
1.5200000000000011,1.0849492021451872,1.0135466904740587,3.593696520920453e-15,16.507242684103847
1.5300000000000011,1.085792397434207,1.013715641260088,1.7763568394002505e-15,17.139967619271527
1.5400000000000011,1.0864954838068446,1.0138694790539438,1.7763568394002505e-15,17.938580799305747
1.5500000000000012,1.0870698680699054,1.0137144800776097,1.7763568394002505e-15,18.73149940482882
1.5600000000000012,1.0875263573566718,1.013105606523294,1.3322676295501878e-15,19.514053618229745
1.5700000000000012,1.087874845375539,1.0124923404174246,1.7763568394002505e-15,20.281677409962967
1.5800000000000012,1.0881240474658607,1.0118811796064684,1.817990202823694e-15,21.02993215466646
1.5900000000000012,1.0882812911971125,1.0112783737428717,2.220446049250313e-15,21.754529251648524
1.6000000000000012,1.088352367292946,1.0106898484078586,3.552713678800501e-15,22.451351664073695
1.6100000000000012,1.0883414436301333,1.0101211390893607,1.7763568394002505e-15,23.11647430365355
1.6200000000000012,1.0882510430169048,1.0095773358627103,1.3322676295501878e-15,23.746183199063847
1.6300000000000012,1.0880820834534857,1.0090630392957656,1.3322676295501878e-15,24.336993396466045
1.6400000000000012,1.0878339776723167,1.008582327783842,2.220446049250313e-15,24.88566554927476
1.6500000000000012,1.0875047869945473,1.0081387362153986,8.881784197001252e-16,25.389221161624096
1.6600000000000013,1.0870914229670505,1.00773524557914,2.220446049250313e-15,25.844956455852696
1.6700000000000013,1.0865898889009478,1.0073742828503296,3.552713678800501e-15,26.250454838827444
1.6800000000000013,1.0859955523550042,1.00705773024344,2.6645352591003757e-15,26.60359794519619
1.6900000000000013,1.0853034388269909,1.0067869426963112,2.2207170997934345e-15,26.902575237891792
1.7000000000000013,1.08450853645844,1.0065627722656543,1.7763568394002505e-15,27.145892147634545
1.7100000000000013,1.083606101440022,1.0063855979737408,2.6645352591003757e-15,27.33237673405414
1.7200000000000013,1.0825919540322622,1.0062553595599002,3.552713678800501e-15,27.461184851649566
1.7300000000000013,1.0814627556832919,1.0061715935651556,1.3322676295501878e-15,27.53180380439131
1.7400000000000013,1.080216258611723,1.0061334702185656,2.6645352591003757e-15,27.544054473597313
1.7500000000000013,1.0788515203940983,1.0061398297007356,3.552713678800501e-15,27.498091905003527
1.7600000000000013,1.077369077504681,1.0061892165304573,3.3548467823218964e-15,27.39440434288254
1.7700000000000014,1.0757710733405623,1.006279911047026,4.6861928400254715e-15,27.233810701776754
1.7800000000000014,1.0740613379583535,1.0064099572317509,6.272868509349383e-15,27.017456469988215
1.7900000000000014,1.072245418475995,1.0065771864121436,7.354414386512298e-15,26.746808043447842
1.8000000000000014,1.0703305607798328,1.0067792367034907,9.247106119020243e-15,26.423645493958862
1.8100000000000014,1.068325644752188,1.0070135683459682,1.0310979500771644e-14,26.050053782031906
1.8200000000000014,1.066241076635603,1.0072774753725808,1.1483815200857839e-14,25.628412431522506
1.8300000000000014,1.064088643325944,1.0075680942772216,1.2151954789652031e-14,25.161383690950085
1.8400000000000014,1.0618813343013047,1.0078824105294115,1.1500837174965861e-14,24.6518992146116
1.8500000000000014,1.0596331375267973,1.008217263893321,1.1594837503320354e-14,24.99743971434046
1.8600000000000014,1.0573588160226983,1.0085693535487077,1.1221709325659468e-14,25.753548159724023
1.8700000000000014,1.055073671856048,1.008935243980636,9.942133921692076e-15,26.469619493188322
1.8800000000000014,1.0527933041379343,1.0093113725081355,1.0238446375432364e-14,27.142798127643346
1.8900000000000015,1.050533367215034,1.0096940591683305,7.593372545328103e-15,27.770587234482935
1.9000000000000015,1.0483093346765247,1.010079519474312,6.0147199720805844e-15,28.350849229339623
1.9100000000000015,1.0461362741021027,1.0080239807314295,5.770611852945473e-15,28.881803256528453
1.9200000000000015,1.0440286367001457,1.0053357066683781,4.77569372936415e-15,29.362019975322102
1.9300000000000015,1.0420000651714891,1.0027662669415194,3.2406260834505485e-15,29.790413970535734
1.9400000000000015,1.040063222323804,1.000332215916168,2.882995220592627e-15,30.166234119612163
1.9500000000000015,1.0382296421879653,0.998048669486096,2.6645352591003757e-15,30.489052249028568
1.9600000000000015,1.0365096046776479,0.9959291440875454,2.6645352591003757e-15,30.75875040518764
1.9700000000000015,1.0349120342055544,0.9939854236398705,1.711846810137363e-15,30.9755070499673
1.9800000000000015,1.0334444221355383,0.9922274547349369,3.552713678800501e-15,31.139782469877247
1.9900000000000015,1.0321127725137242,0.9906632698966575,1.852694836738597e-15,31.252303661463152
2.0,1.0309215701818286,0.9892989383196006,1.7763568394002505e-15,31.314048925397326
