lf,lf_abs,family,label,lines,gens,loads,load_step,fault_bus,xf,fault_mode,pre_resid,direct_h0.01,direct_h0.001,direct_h0.0001,direct_all_ok,direct_all_fail,direct_spurious,newton_ok,newton_it,newton_resid,newton_kcl,newton_minV,post_newton,hom_ok,hom_lambda_end,hom_it,hom_resid,hom_kcl,hom_minV,post_hom,root_dist,class,saved,target,seconds
0.99,2.2894,line,"trip 1-2","[1]","Int64[]","Int64[]",0.0,0,NaN,none,4.90e-06,"ok","ok","ok",true,false,0,false,0,NaN,NaN,NaN,"",false,NaN,0,NaN,NaN,NaN,"",NaN,A_direct_ok,false,false,5.3
0.99,2.2894,line,"trip 1-39","[2]","Int64[]","Int64[]",0.0,0,NaN,none,4.90e-06,"ok","ok","ok",true,false,0,false,0,NaN,NaN,NaN,"",false,NaN,0,NaN,NaN,NaN,"",NaN,A_direct_ok,false,false,1.3
0.99,2.2894,line,"trip 2-3","[3]","Int64[]","Int64[]",0.0,0,NaN,none,4.90e-06,"ok","ok","ok",true,false,0,false,0,NaN,NaN,NaN,"",false,NaN,0,NaN,NaN,NaN,"",NaN,A_direct_ok,false,false,1.4
0.99,2.2894,line,"trip 2-25","[4]","Int64[]","Int64[]",0.0,0,NaN,none,4.90e-06,"ok","ok","ok",true,false,0,false,0,NaN,NaN,NaN,"",false,NaN,0,NaN,NaN,NaN,"",NaN,A_direct_ok,false,false,1.4
0.99,2.2894,line,"trip 3-4","[5]","Int64[]","Int64[]",0.0,0,NaN,none,4.90e-06,"ok","ok","ok",true,false,0,false,0,NaN,NaN,NaN,"",false,NaN,0,NaN,NaN,NaN,"",NaN,A_direct_ok,false,false,1.1
0.99,2.2894,line,"trip 3-18","[6]","Int64[]","Int64[]",0.0,0,NaN,none,4.90e-06,"ok","ok","ok",true,false,0,false,0,NaN,NaN,NaN,"",false,NaN,0,NaN,NaN,NaN,"",NaN,A_direct_ok,false,false,1.1
0.99,2.2894,line,"trip 4-5","[7]","Int64[]","Int64[]",0.0,0,NaN,none,4.90e-06,"ok","ok","ok",true,false,0,false,0,NaN,NaN,NaN,"",false,NaN,0,NaN,NaN,NaN,"",NaN,A_direct_ok,false,false,1.4
0.99,2.2894,line,"trip 4-14","[8]","Int64[]","Int64[]",0.0,0,NaN,none,4.90e-06,"ok","ok","ok",true,false,0,false,0,NaN,NaN,NaN,"",false,NaN,0,NaN,NaN,NaN,"",NaN,A_direct_ok,false,false,1.5
0.99,2.2894,line,"trip 5-6","[9]","Int64[]","Int64[]",0.0,0,NaN,none,4.90e-06,"ok","ok","ok",true,false,0,false,0,NaN,NaN,NaN,"",false,NaN,0,NaN,NaN,NaN,"",NaN,A_direct_ok,false,false,1.3
0.99,2.2894,line,"trip 5-8","[10]","Int64[]","Int64[]",0.0,0,NaN,none,4.90e-06,"ok","ok","ok",true,false,0,false,0,NaN,NaN,NaN,"",false,NaN,0,NaN,NaN,NaN,"",NaN,A_direct_ok,false,false,1.3
0.99,2.2894,line,"trip 6-7","[11]","Int64[]","Int64[]",0.0,0,NaN,none,4.90e-06,"ok","ok","ok",true,false,0,false,0,NaN,NaN,NaN,"",false,NaN,0,NaN,NaN,NaN,"",NaN,A_direct_ok,false,false,1.3
0.99,2.2894,line,"trip 6-11","[12]","Int64[]","Int64[]",0.0,0,NaN,none,4.90e-06,"ok","ok","ok",true,false,0,false,0,NaN,NaN,NaN,"",false,NaN,0,NaN,NaN,NaN,"",NaN,A_direct_ok,false,false,1.5
0.99,2.2894,line,"trip 7-8","[13]","Int64[]","Int64[]",0.0,0,NaN,none,4.90e-06,"ok","ok","ok",true,false,0,false,0,NaN,NaN,NaN,"",false,NaN,0,NaN,NaN,NaN,"",NaN,A_direct_ok,false,false,1.0
0.99,2.2894,line,"trip 8-9","[14]","Int64[]","Int64[]",0.0,0,NaN,none,4.90e-06,"ok","ok","ok",true,false,0,false,0,NaN,NaN,NaN,"",false,NaN,0,NaN,NaN,NaN,"",NaN,A_direct_ok,false,false,1.4
0.99,2.2894,line,"trip 9-39","[15]","Int64[]","Int64[]",0.0,0,NaN,none,4.90e-06,"ok","ok","ok",true,false,0,false,0,NaN,NaN,NaN,"",false,NaN,0,NaN,NaN,NaN,"",NaN,A_direct_ok,false,false,1.4
0.99,2.2894,line,"trip 10-11","[16]","Int64[]","Int64[]",0.0,0,NaN,none,4.90e-06,"ok","ok","ok",true,false,0,false,0,NaN,NaN,NaN,"",false,NaN,0,NaN,NaN,NaN,"",NaN,A_direct_ok,false,false,1.6
0.99,2.2894,line,"trip 10-13","[17]","Int64[]","Int64[]",0.0,0,NaN,none,4.90e-06,"ok","ok","ok",true,false,0,false,0,NaN,NaN,NaN,"",false,NaN,0,NaN,NaN,NaN,"",NaN,A_direct_ok,false,false,1.3
0.99,2.2894,line,"trip 13-14","[18]","Int64[]","Int64[]",0.0,0,NaN,none,4.90e-06,"ok","ok","ok",true,false,0,false,0,NaN,NaN,NaN,"",false,NaN,0,NaN,NaN,NaN,"",NaN,A_direct_ok,false,false,1.3
0.99,2.2894,line,"trip 14-15","[19]","Int64[]","Int64[]",0.0,0,NaN,none,4.90e-06,"ok","ok","ok",true,false,0,false,0,NaN,NaN,NaN,"",false,NaN,0,NaN,NaN,NaN,"",NaN,A_direct_ok,false,false,1.3
0.99,2.2894,line,"trip 15-16","[20]","Int64[]","Int64[]",0.0,0,NaN,none,4.90e-06,"ok","ok","ok",true,false,0,false,0,NaN,NaN,NaN,"",false,NaN,0,NaN,NaN,NaN,"",NaN,A_direct_ok,false,false,1.6
0.99,2.2894,line,"trip 16-17","[21]","Int64[]","Int64[]",0.0,0,NaN,none,4.90e-06,"ok","ok","ok",true,false,0,false,0,NaN,NaN,NaN,"",false,NaN,0,NaN,NaN,NaN,"",NaN,A_direct_ok,false,false,1.4
0.99,2.2894,line,"trip 16-21","[23]","Int64[]","Int64[]",0.0,0,NaN,none,4.90e-06,"ok","ok","ok",true,false,0,false,0,NaN,NaN,NaN,"",false,NaN,0,NaN,NaN,NaN,"",NaN,A_direct_ok,false,false,1.3
0.99,2.2894,line,"trip 16-24","[24]","Int64[]","Int64[]",0.0,0,NaN,none,4.90e-06,"ok","ok","ok",true,false,0,false,0,NaN,NaN,NaN,"",false,NaN,0,NaN,NaN,NaN,"",NaN,A_direct_ok,false,false,1.4
0.99,2.2894,line,"trip 17-18","[25]","Int64[]","Int64[]",0.0,0,NaN,none,4.90e-06,"ok","ok","ok",true,false,0,false,0,NaN,NaN,NaN,"",false,NaN,0,NaN,NaN,NaN,"",NaN,A_direct_ok,false,false,1.5
0.99,2.2894,line,"trip 17-27","[26]","Int64[]","Int64[]",0.0,0,NaN,none,4.90e-06,"ok","ok","ok",true,false,0,false,0,NaN,NaN,NaN,"",false,NaN,0,NaN,NaN,NaN,"",NaN,A_direct_ok,false,false,1.1
0.99,2.2894,line,"trip 21-22","[27]","Int64[]","Int64[]",0.0,0,NaN,none,4.90e-06,"ok","ok","ok",true,false,0,false,0,NaN,NaN,NaN,"",false,NaN,0,NaN,NaN,NaN,"",NaN,A_direct_ok,false,false,1.4
0.99,2.2894,line,"trip 22-23","[28]","Int64[]","Int64[]",0.0,0,NaN,none,4.90e-06,"ok","ok","ok",true,false,0,false,0,NaN,NaN,NaN,"",false,NaN,0,NaN,NaN,NaN,"",NaN,A_direct_ok,false,false,1.3
0.99,2.2894,line,"trip 23-24","[29]","Int64[]","Int64[]",0.0,0,NaN,none,4.90e-06,"ok","ok","ok",true,false,0,false,0,NaN,NaN,NaN,"",false,NaN,0,NaN,NaN,NaN,"",NaN,A_direct_ok,false,false,1.5
0.99,2.2894,line,"trip 25-26","[30]","Int64[]","Int64[]",0.0,0,NaN,none,4.90e-06,"ok","ok","ok",true,false,0,false,0,NaN,NaN,NaN,"",false,NaN,0,NaN,NaN,NaN,"",NaN,A_direct_ok,false,false,1.3
0.99,2.2894,line,"trip 26-27","[31]","Int64[]","Int64[]",0.0,0,NaN,none,4.90e-06,"ok","ok","ok",true,false,0,false,0,NaN,NaN,NaN,"",false,NaN,0,NaN,NaN,NaN,"",NaN,A_direct_ok,false,false,1.4
0.99,2.2894,line,"trip 26-28","[32]","Int64[]","Int64[]",0.0,0,NaN,none,4.90e-06,"ok","ok","ok",true,false,0,false,0,NaN,NaN,NaN,"",false,NaN,0,NaN,NaN,NaN,"",NaN,A_direct_ok,false,false,1.1
0.99,2.2894,line,"trip 26-29","[33]","Int64[]","Int64[]",0.0,0,NaN,none,4.90e-06,"ok","ok","ok",true,false,0,false,0,NaN,NaN,NaN,"",false,NaN,0,NaN,NaN,NaN,"",NaN,A_direct_ok,false,false,1.4
0.99,2.2894,line,"trip 28-29","[34]","Int64[]","Int64[]",0.0,0,NaN,none,4.90e-06,"ok","ok","ok",true,false,0,false,0,NaN,NaN,NaN,"",false,NaN,0,NaN,NaN,NaN,"",NaN,A_direct_ok,false,false,1.4
0.99,2.2894,line,"trip 12-11","[38]","Int64[]","Int64[]",0.0,0,NaN,none,4.90e-06,"ok","ok","ok",true,false,0,false,0,NaN,NaN,NaN,"",false,NaN,0,NaN,NaN,NaN,"",NaN,A_direct_ok,false,false,1.1
0.99,2.2894,line,"trip 12-13","[39]","Int64[]","Int64[]",0.0,0,NaN,none,4.90e-06,"ok","ok","ok",true,false,0,false,0,NaN,NaN,NaN,"",false,NaN,0,NaN,NaN,NaN,"",NaN,A_direct_ok,false,false,1.1
0.99,2.2894,line2,"trip 1-2 + 2-3","[1, 3]","Int64[]","Int64[]",0.0,0,NaN,none,4.90e-06,"ok","ok","ok",true,false,0,false,0,NaN,NaN,NaN,"",false,NaN,0,NaN,NaN,NaN,"",NaN,A_direct_ok,false,false,1.6
0.99,2.2894,line2,"trip 1-2 + 2-25","[1, 4]","Int64[]","Int64[]",0.0,0,NaN,none,4.90e-06,"ok","ok","ok",true,false,0,false,0,NaN,NaN,NaN,"",false,NaN,0,NaN,NaN,NaN,"",NaN,A_direct_ok,false,false,1.3
0.99,2.2894,line2,"trip 2-3 + 2-25","[3, 4]","Int64[]","Int64[]",0.0,0,NaN,none,4.90e-06,"ok","ok","ok",true,false,0,false,0,NaN,NaN,NaN,"",false,NaN,0,NaN,NaN,NaN,"",NaN,A_direct_ok,false,false,1.4
0.99,2.2894,line2,"trip 2-3 + 3-4","[3, 5]","Int64[]","Int64[]",0.0,0,NaN,none,4.90e-06,"ok","ok","ok",true,false,0,false,0,NaN,NaN,NaN,"",false,NaN,0,NaN,NaN,NaN,"",NaN,A_direct_ok,false,false,1.4
0.99,2.2894,line2,"trip 2-3 + 3-18","[3, 6]","Int64[]","Int64[]",0.0,0,NaN,none,4.90e-06,"ok","ok","ok",true,false,0,false,0,NaN,NaN,NaN,"",false,NaN,0,NaN,NaN,NaN,"",NaN,A_direct_ok,false,false,1.6
0.99,2.2894,line2,"trip 3-4 + 3-18","[5, 6]","Int64[]","Int64[]",0.0,0,NaN,none,4.90e-06,"ok","ok","ok",true,false,0,false,0,NaN,NaN,NaN,"",false,NaN,0,NaN,NaN,NaN,"",NaN,A_direct_ok,false,false,1.3
0.99,2.2894,line2,"trip 3-4 + 4-5","[5, 7]","Int64[]","Int64[]",0.0,0,NaN,none,4.90e-06,"ok","ok","ok",true,false,0,false,0,NaN,NaN,NaN,"",false,NaN,0,NaN,NaN,NaN,"",NaN,A_direct_ok,false,false,1.3
0.99,2.2894,line2,"trip 3-4 + 4-14","[5, 8]","Int64[]","Int64[]",0.0,0,NaN,none,4.90e-06,"ok","ok","ok",true,false,0,false,0,NaN,NaN,NaN,"",false,NaN,0,NaN,NaN,NaN,"",NaN,A_direct_ok,false,false,1.4
0.99,2.2894,line2,"trip 4-5 + 4-14","[7, 8]","Int64[]","Int64[]",0.0,0,NaN,none,4.90e-06,"ok","ok","ok",true,false,0,false,0,NaN,NaN,NaN,"",false,NaN,0,NaN,NaN,NaN,"",NaN,A_direct_ok,false,false,1.6
0.99,2.2894,line2,"trip 4-5 + 5-6","[7, 9]","Int64[]","Int64[]",0.0,0,NaN,none,4.90e-06,"ok","ok","ok",true,false,0,false,0,NaN,NaN,NaN,"",false,NaN,0,NaN,NaN,NaN,"",NaN,A_direct_ok,false,false,1.3
0.99,2.2894,line2,"trip 4-5 + 5-8","[7, 10]","Int64[]","Int64[]",0.0,0,NaN,none,4.90e-06,"ok","ok","ok",true,false,0,false,0,NaN,NaN,NaN,"",false,NaN,0,NaN,NaN,NaN,"",NaN,A_direct_ok,false,false,1.3
0.99,2.2894,line2,"trip 4-14 + 13-14","[8, 18]","Int64[]","Int64[]",0.0,0,NaN,none,4.90e-06,"ok","ok","ok",true,false,0,false,0,NaN,NaN,NaN,"",false,NaN,0,NaN,NaN,NaN,"",NaN,A_direct_ok,false,false,1.3
0.99,2.2894,line2,"trip 4-14 + 14-15","[8, 19]","Int64[]","Int64[]",0.0,0,NaN,none,4.90e-06,"ok","ok","ok",true,false,0,false,0,NaN,NaN,NaN,"",false,NaN,0,NaN,NaN,NaN,"",NaN,A_direct_ok,false,false,1.5
0.99,2.2894,line2,"trip 5-6 + 5-8","[9, 10]","Int64[]","Int64[]",0.0,0,NaN,none,4.90e-06,"ok","ok","ok",true,false,0,false,0,NaN,NaN,NaN,"",false,NaN,0,NaN,NaN,NaN,"",NaN,A_direct_ok,false,false,1.3
0.99,2.2894,line2,"trip 5-6 + 6-7","[9, 11]","Int64[]","Int64[]",0.0,0,NaN,none,4.90e-06,"ok","ok","ok",true,false,0,false,0,NaN,NaN,NaN,"",false,NaN,0,NaN,NaN,NaN,"",NaN,A_direct_ok,false,false,1.4
0.99,2.2894,line2,"trip 5-6 + 6-11","[9, 12]","Int64[]","Int64[]",0.0,0,NaN,none,4.90e-06,"ok","ok","ok",true,false,0,false,0,NaN,NaN,NaN,"",false,NaN,0,NaN,NaN,NaN,"",NaN,A_direct_ok,false,false,1.5
0.99,2.2894,line2,"trip 5-8 + 7-8","[10, 13]","Int64[]","Int64[]",0.0,0,NaN,none,4.90e-06,"ok","ok","ok",true,false,0,false,0,NaN,NaN,NaN,"",false,NaN,0,NaN,NaN,NaN,"",NaN,A_direct_ok,false,false,1.4
0.99,2.2894,line2,"trip 5-8 + 8-9","[10, 14]","Int64[]","Int64[]",0.0,0,NaN,none,4.90e-06,"ok","ok","ok",true,false,0,false,0,NaN,NaN,NaN,"",false,NaN,0,NaN,NaN,NaN,"",NaN,A_direct_ok,false,false,1.4
0.99,2.2894,line2,"trip 6-7 + 6-11","[11, 12]","Int64[]","Int64[]",0.0,0,NaN,none,4.90e-06,"ok","ok","ok",true,false,0,false,0,NaN,NaN,NaN,"",false,NaN,0,NaN,NaN,NaN,"",NaN,A_direct_ok,false,false,1.4
0.99,2.2894,line2,"trip 6-11 + 10-11","[12, 16]","Int64[]","Int64[]",0.0,0,NaN,none,4.90e-06,"ok","ok","ok",true,false,0,false,0,NaN,NaN,NaN,"",false,NaN,0,NaN,NaN,NaN,"",NaN,A_direct_ok,false,false,1.5
0.99,2.2894,line2,"trip 6-11 + 12-11","[12, 38]","Int64[]","Int64[]",0.0,0,NaN,none,4.90e-06,"ok","ok","ok",true,false,0,false,0,NaN,NaN,NaN,"",false,NaN,0,NaN,NaN,NaN,"",NaN,A_direct_ok,false,false,1.4
0.99,2.2894,line2,"trip 7-8 + 8-9","[13, 14]","Int64[]","Int64[]",0.0,0,NaN,none,4.90e-06,"ok","ok","ok",true,false,0,false,0,NaN,NaN,NaN,"",false,NaN,0,NaN,NaN,NaN,"",NaN,A_direct_ok,false,false,1.4
0.99,2.2894,line2,"trip 10-11 + 12-11","[16, 38]","Int64[]","Int64[]",0.0,0,NaN,none,4.90e-06,"ok","ok","ok",true,false,0,false,0,NaN,NaN,NaN,"",false,NaN,0,NaN,NaN,NaN,"",NaN,A_direct_ok,false,false,1.4
0.99,2.2894,line2,"trip 10-13 + 13-14","[17, 18]","Int64[]","Int64[]",0.0,0,NaN,none,4.90e-06,"ok","ok","ok",true,false,0,false,0,NaN,NaN,NaN,"",false,NaN,0,NaN,NaN,NaN,"",NaN,A_direct_ok,false,false,1.5
0.99,2.2894,line2,"trip 10-13 + 12-13","[17, 39]","Int64[]","Int64[]",0.0,0,NaN,none,4.90e-06,"ok","ok","ok",true,false,0,false,0,NaN,NaN,NaN,"",false,NaN,0,NaN,NaN,NaN,"",NaN,A_direct_ok,false,false,1.3
0.99,2.2894,line2,"trip 13-14 + 14-15","[18, 19]","Int64[]","Int64[]",0.0,0,NaN,none,4.90e-06,"ok","ok","ok",true,false,0,false,0,NaN,NaN,NaN,"",false,NaN,0,NaN,NaN,NaN,"",NaN,A_direct_ok,false,false,1.3
0.99,2.2894,line2,"trip 13-14 + 12-13","[18, 39]","Int64[]","Int64[]",0.0,0,NaN,none,4.90e-06,"ok","ok","ok",true,false,0,false,0,NaN,NaN,NaN,"",false,NaN,0,NaN,NaN,NaN,"",NaN,A_direct_ok,false,false,1.5
0.99,2.2894,line2,"trip 15-16 + 16-21","[20, 23]","Int64[]","Int64[]",0.0,0,NaN,none,4.90e-06,"ok","ok","ok",true,false,0,false,0,NaN,NaN,NaN,"",false,NaN,0,NaN,NaN,NaN,"",NaN,A_direct_ok,false,false,1.4
0.99,2.2894,line2,"trip 15-16 + 16-24","[20, 24]","Int64[]","Int64[]",0.0,0,NaN,none,4.90e-06,"ok","ok","ok",true,false,0,false,0,NaN,NaN,NaN,"",false,NaN,0,NaN,NaN,NaN,"",NaN,A_direct_ok,false,false,1.4
0.99,2.2894,line2,"trip 16-17 + 16-21","[21, 23]","Int64[]","Int64[]",0.0,0,NaN,none,4.90e-06,"ok","ok","ok",true,false,0,false,0,NaN,NaN,NaN,"",false,NaN,0,NaN,NaN,NaN,"",NaN,A_direct_ok,false,false,1.4
0.99,2.2894,line2,"trip 16-17 + 16-24","[21, 24]","Int64[]","Int64[]",0.0,0,NaN,none,4.90e-06,"ok","ok","ok",true,false,0,false,0,NaN,NaN,NaN,"",false,NaN,0,NaN,NaN,NaN,"",NaN,A_direct_ok,false,false,1.5
0.99,2.2894,line2,"trip 16-17 + 17-18","[21, 25]","Int64[]","Int64[]",0.0,0,NaN,none,4.90e-06,"ok","ok","ok",true,false,0,false,0,NaN,NaN,NaN,"",false,NaN,0,NaN,NaN,NaN,"",NaN,A_direct_ok,false,false,1.4
0.99,2.2894,line2,"trip 16-17 + 17-27","[21, 26]","Int64[]","Int64[]",0.0,0,NaN,none,4.90e-06,"ok","ok","ok",true,false,0,false,0,NaN,NaN,NaN,"",false,NaN,0,NaN,NaN,NaN,"",NaN,A_direct_ok,false,false,1.4
0.99,2.2894,line2,"trip 17-18 + 17-27","[25, 26]","Int64[]","Int64[]",0.0,0,NaN,none,4.90e-06,"ok","ok","ok",true,false,0,false,0,NaN,NaN,NaN,"",false,NaN,0,NaN,NaN,NaN,"",NaN,A_direct_ok,false,false,1.4
0.99,2.2894,line2,"trip 25-26 + 26-28","[30, 32]","Int64[]","Int64[]",0.0,0,NaN,none,4.90e-06,"ok","ok","ok",true,false,0,false,0,NaN,NaN,NaN,"",false,NaN,0,NaN,NaN,NaN,"",NaN,A_direct_ok,false,false,1.5
0.99,2.2894,line2,"trip 25-26 + 26-29","[30, 33]","Int64[]","Int64[]",0.0,0,NaN,none,4.90e-06,"ok","ok","ok",true,false,0,false,0,NaN,NaN,NaN,"",false,NaN,0,NaN,NaN,NaN,"",NaN,A_direct_ok,false,false,1.3
0.99,2.2894,line2,"trip 26-27 + 26-28","[31, 32]","Int64[]","Int64[]",0.0,0,NaN,none,4.90e-06,"ok","ok","ok",true,false,0,false,0,NaN,NaN,NaN,"",false,NaN,0,NaN,NaN,NaN,"",NaN,A_direct_ok,false,false,1.4
0.99,2.2894,line2,"trip 26-27 + 26-29","[31, 33]","Int64[]","Int64[]",0.0,0,NaN,none,4.90e-06,"ok","ok","ok",true,false,0,false,0,NaN,NaN,NaN,"",false,NaN,0,NaN,NaN,NaN,"",NaN,A_direct_ok,false,false,1.4
0.99,2.2894,topo,"bus 3: trip 2 lines, keep 2-3","[5, 6]","Int64[]","Int64[]",0.0,0,NaN,none,4.90e-06,"ok","ok","ok",true,false,0,false,0,NaN,NaN,NaN,"",false,NaN,0,NaN,NaN,NaN,"",NaN,A_direct_ok,false,false,1.4
0.99,2.2894,topo,"bus 4: trip 2 lines, keep 3-4","[7, 8]","Int64[]","Int64[]",0.0,0,NaN,none,4.90e-06,"ok","ok","ok",true,false,0,false,0,NaN,NaN,NaN,"",false,NaN,0,NaN,NaN,NaN,"",NaN,A_direct_ok,false,false,1.4
0.99,2.2894,topo,"bus 5: trip 2 lines, keep 4-5","[9, 10]","Int64[]","Int64[]",0.0,0,NaN,none,4.90e-06,"ok","ok","ok",true,false,0,false,0,NaN,NaN,NaN,"",false,NaN,0,NaN,NaN,NaN,"",NaN,A_direct_ok,false,false,1.3
0.99,2.2894,topo,"bus 8: trip 2 lines, keep 5-8","[13, 14]","Int64[]","Int64[]",0.0,0,NaN,none,4.90e-06,"ok","ok","ok",true,false,0,false,0,NaN,NaN,NaN,"",false,NaN,0,NaN,NaN,NaN,"",NaN,A_direct_ok,false,false,1.4
0.99,2.2894,topo,"bus 11: trip 2 lines, keep 6-11","[16, 38]","Int64[]","Int64[]",0.0,0,NaN,none,4.90e-06,"ok","ok","ok",true,false,0,false,0,NaN,NaN,NaN,"",false,NaN,0,NaN,NaN,NaN,"",NaN,A_direct_ok,false,false,1.5
0.99,2.2894,topo,"bus 13: trip 2 lines, keep 10-13","[18, 39]","Int64[]","Int64[]",0.0,0,NaN,none,4.90e-06,"ok","ok","ok",true,false,0,false,0,NaN,NaN,NaN,"",false,NaN,0,NaN,NaN,NaN,"",NaN,A_direct_ok,false,false,1.3
0.99,2.2894,topo,"bus 14: trip 2 lines, keep 4-14","[18, 19]","Int64[]","Int64[]",0.0,0,NaN,none,4.90e-06,"ok","ok","ok",true,false,0,false,0,NaN,NaN,NaN,"",false,NaN,0,NaN,NaN,NaN,"",NaN,A_direct_ok,false,false,1.3
0.99,2.2894,topo,"bus 17: trip 2 lines, keep 16-17","[25, 26]","Int64[]","Int64[]",0.0,0,NaN,none,4.90e-06,"ok","ok","ok",true,false,0,false,0,NaN,NaN,NaN,"",false,NaN,0,NaN,NaN,NaN,"",NaN,A_direct_ok,false,false,1.5
0.99,2.2894,gen,"trip gen at bus 30","Int64[]","[1]","Int64[]",0.0,0,NaN,none,4.90e-06,"ok","ok","ok",true,false,0,false,0,NaN,NaN,NaN,"",false,NaN,0,NaN,NaN,NaN,"",NaN,A_direct_ok,false,false,1.4
0.99,2.2894,gen,"trip gen at bus 31","Int64[]","[2]","Int64[]",0.0,0,NaN,none,4.90e-06,"ok","ok","ok",true,false,0,false,0,NaN,NaN,NaN,"",false,NaN,0,NaN,NaN,NaN,"",NaN,A_direct_ok,false,false,1.5
0.99,2.2894,gen,"trip gen at bus 32","Int64[]","[3]","Int64[]",0.0,0,NaN,none,4.90e-06,"ok","ok","ok",true,false,0,false,0,NaN,NaN,NaN,"",false,NaN,0,NaN,NaN,NaN,"",NaN,A_direct_ok,false,false,1.4
0.99,2.2894,gen,"trip gen at bus 33","Int64[]","[4]","Int64[]",0.0,0,NaN,none,4.90e-06,"ok","ok","ok",true,false,0,false,0,NaN,NaN,NaN,"",false,NaN,0,NaN,NaN,NaN,"",NaN,A_direct_ok,false,false,1.6
0.99,2.2894,gen,"trip gen at bus 34","Int64[]","[5]","Int64[]",0.0,0,NaN,none,4.90e-06,"ok","ok","ok",true,false,0,false,0,NaN,NaN,NaN,"",false,NaN,0,NaN,NaN,NaN,"",NaN,A_direct_ok,false,false,1.4
0.99,2.2894,gen,"trip gen at bus 35","Int64[]","[6]","Int64[]",0.0,0,NaN,none,4.90e-06,"ok","ok","ok",true,false,0,false,0,NaN,NaN,NaN,"",false,NaN,0,NaN,NaN,NaN,"",NaN,A_direct_ok,false,false,1.4
0.99,2.2894,gen,"trip gen at bus 36","Int64[]","[7]","Int64[]",0.0,0,NaN,none,4.90e-06,"ok","ok","ok",true,false,0,false,0,NaN,NaN,NaN,"",false,NaN,0,NaN,NaN,NaN,"",NaN,A_direct_ok,false,false,1.4
0.99,2.2894,gen,"trip gen at bus 37","Int64[]","[8]","Int64[]",0.0,0,NaN,none,4.90e-06,"ok","ok","ok",true,false,0,false,0,NaN,NaN,NaN,"",false,NaN,0,NaN,NaN,NaN,"",NaN,A_direct_ok,false,false,1.5
0.99,2.2894,gen,"trip gen at bus 38","Int64[]","[9]","Int64[]",0.0,0,NaN,none,4.90e-06,"ok","ok","ok",true,false,0,false,0,NaN,NaN,NaN,"",false,NaN,0,NaN,NaN,NaN,"",NaN,A_direct_ok,false,false,1.4
0.99,2.2894,load,"load +50% at bus 3","Int64[]","Int64[]","[1]",0.5,0,NaN,none,4.90e-06,"ok","ok","ok",true,false,0,false,0,NaN,NaN,NaN,"",false,NaN,0,NaN,NaN,NaN,"",NaN,A_direct_ok,false,false,1.4
0.99,2.2894,load,"load +100% at bus 3","Int64[]","Int64[]","[1]",1.0,0,NaN,none,4.90e-06,"ok","ok","ok",true,false,0,false,0,NaN,NaN,NaN,"",false,NaN,0,NaN,NaN,NaN,"",NaN,A_direct_ok,false,false,1.4
0.99,2.2894,load,"load +50% at bus 4","Int64[]","Int64[]","[2]",0.5,0,NaN,none,4.90e-06,"ok","ok","ok",true,false,0,false,0,NaN,NaN,NaN,"",false,NaN,0,NaN,NaN,NaN,"",NaN,A_direct_ok,false,false,1.5
0.99,2.2894,load,"load +100% at bus 4","Int64[]","Int64[]","[2]",1.0,0,NaN,none,4.90e-06,"ok","ok","ok",true,false,0,false,0,NaN,NaN,NaN,"",false,NaN,0,NaN,NaN,NaN,"",NaN,A_direct_ok,false,false,1.4
0.99,2.2894,load,"load +50% at bus 7","Int64[]","Int64[]","[3]",0.5,0,NaN,none,4.90e-06,"ok","ok","ok",true,false,0,false,0,NaN,NaN,NaN,"",false,NaN,0,NaN,NaN,NaN,"",NaN,A_direct_ok,false,false,1.3
0.99,2.2894,load,"load +100% at bus 7","Int64[]","Int64[]","[3]",1.0,0,NaN,none,4.90e-06,"ok","ok","ok",true,false,0,false,0,NaN,NaN,NaN,"",false,NaN,0,NaN,NaN,NaN,"",NaN,A_direct_ok,false,false,1.6
0.99,2.2894,load,"load +50% at bus 8","Int64[]","Int64[]","[4]",0.5,0,NaN,none,4.90e-06,"ok","ok","ok",true,false,0,false,0,NaN,NaN,NaN,"",false,NaN,0,NaN,NaN,NaN,"",NaN,A_direct_ok,false,false,1.4
0.99,2.2894,load,"load +100% at bus 8","Int64[]","Int64[]","[4]",1.0,0,NaN,none,4.90e-06,"ok","ok","ok",true,false,0,false,0,NaN,NaN,NaN,"",false,NaN,0,NaN,NaN,NaN,"",NaN,A_direct_ok,false,false,1.4
0.99,2.2894,load,"load +50% at bus 12","Int64[]","Int64[]","[5]",0.5,0,NaN,none,4.90e-06,"ok","ok","ok",true,false,0,false,0,NaN,NaN,NaN,"",false,NaN,0,NaN,NaN,NaN,"",NaN,A_direct_ok,false,false,1.2
0.99,2.2894,load,"load +100% at bus 12","Int64[]","Int64[]","[5]",1.0,0,NaN,none,4.90e-06,"ok","ok","ok",true,false,0,false,0,NaN,NaN,NaN,"",false,NaN,0,NaN,NaN,NaN,"",NaN,A_direct_ok,false,false,1.5
0.99,2.2894,load,"load +50% at bus 15","Int64[]","Int64[]","[6]",0.5,0,NaN,none,4.90e-06,"ok","ok","ok",true,false,0,false,0,NaN,NaN,NaN,"",false,NaN,0,NaN,NaN,NaN,"",NaN,A_direct_ok,false,false,1.3
0.99,2.2894,load,"load +100% at bus 15","Int64[]","Int64[]","[6]",1.0,0,NaN,none,4.90e-06,"ok","ok","ok",true,false,0,false,0,NaN,NaN,NaN,"",false,NaN,0,NaN,NaN,NaN,"",NaN,A_direct_ok,false,false,1.4
0.99,2.2894,load,"load +50% at bus 16","Int64[]","Int64[]","[7]",0.5,0,NaN,none,4.90e-06,"ok","ok","ok",true,false,0,false,0,NaN,NaN,NaN,"",false,NaN,0,NaN,NaN,NaN,"",NaN,A_direct_ok,false,false,1.3
0.99,2.2894,load,"load +100% at bus 16","Int64[]","Int64[]","[7]",1.0,0,NaN,none,4.90e-06,"ok","ok","ok",true,false,0,false,0,NaN,NaN,NaN,"",false,NaN,0,NaN,NaN,NaN,"",NaN,A_direct_ok,false,false,1.5
0.99,2.2894,load,"load +50% at bus 18","Int64[]","Int64[]","[8]",0.5,0,NaN,none,4.90e-06,"ok","ok","ok",true,false,0,false,0,NaN,NaN,NaN,"",false,NaN,0,NaN,NaN,NaN,"",NaN,A_direct_ok,false,false,1.3
0.99,2.2894,load,"load +100% at bus 18","Int64[]","Int64[]","[8]",1.0,0,NaN,none,4.90e-06,"ok","ok","ok",true,false,0,false,0,NaN,NaN,NaN,"",false,NaN,0,NaN,NaN,NaN,"",NaN,A_direct_ok,false,false,1.3
0.99,2.2894,load,"load +50% at bus 20","Int64[]","Int64[]","[9]",0.5,0,NaN,none,4.90e-06,"ok","ok","ok",true,false,0,false,0,NaN,NaN,NaN,"",false,NaN,0,NaN,NaN,NaN,"",NaN,A_direct_ok,false,false,1.4
0.99,2.2894,load,"load +100% at bus 20","Int64[]","Int64[]","[9]",1.0,0,NaN,none,4.90e-06,"ok","ok","ok",true,false,0,false,0,NaN,NaN,NaN,"",false,NaN,0,NaN,NaN,NaN,"",NaN,A_direct_ok,false,false,1.6
0.99,2.2894,load,"load +50% at bus 21","Int64[]","Int64[]","[10]",0.5,0,NaN,none,4.90e-06,"ok","ok","ok",true,false,0,false,0,NaN,NaN,NaN,"",false,NaN,0,NaN,NaN,NaN,"",NaN,A_direct_ok,false,false,1.3
0.99,2.2894,load,"load +100% at bus 21","Int64[]","Int64[]","[10]",1.0,0,NaN,none,4.90e-06,"ok","ok","ok",true,false,0,false,0,NaN,NaN,NaN,"",false,NaN,0,NaN,NaN,NaN,"",NaN,A_direct_ok,false,false,1.4
0.99,2.2894,load,"load +50% at bus 23","Int64[]","Int64[]","[11]",0.5,0,NaN,none,4.90e-06,"ok","ok","ok",true,false,0,false,0,NaN,NaN,NaN,"",false,NaN,0,NaN,NaN,NaN,"",NaN,A_direct_ok,false,false,1.4
0.99,2.2894,load,"load +100% at bus 23","Int64[]","Int64[]","[11]",1.0,0,NaN,none,4.90e-06,"ok","ok","ok",true,false,0,false,0,NaN,NaN,NaN,"",false,NaN,0,NaN,NaN,NaN,"",NaN,A_direct_ok,false,false,1.3
0.99,2.2894,load,"load +50% at bus 24","Int64[]","Int64[]","[12]",0.5,0,NaN,none,4.90e-06,"ok","ok","ok",true,false,0,false,0,NaN,NaN,NaN,"",false,NaN,0,NaN,NaN,NaN,"",NaN,A_direct_ok,false,false,1.3
0.99,2.2894,load,"load +100% at bus 24","Int64[]","Int64[]","[12]",1.0,0,NaN,none,4.90e-06,"ok","ok","ok",true,false,0,false,0,NaN,NaN,NaN,"",false,NaN,0,NaN,NaN,NaN,"",NaN,A_direct_ok,false,false,1.4
0.99,2.2894,load,"load +50% at bus 25","Int64[]","Int64[]","[13]",0.5,0,NaN,none,4.90e-06,"ok","ok","ok",true,false,0,false,0,NaN,NaN,NaN,"",false,NaN,0,NaN,NaN,NaN,"",NaN,A_direct_ok,false,false,1.4
0.99,2.2894,load,"load +100% at bus 25","Int64[]","Int64[]","[13]",1.0,0,NaN,none,4.90e-06,"ok","ok","ok",true,false,0,false,0,NaN,NaN,NaN,"",false,NaN,0,NaN,NaN,NaN,"",NaN,A_direct_ok,false,false,1.3
0.99,2.2894,load,"load +50% at bus 26","Int64[]","Int64[]","[14]",0.5,0,NaN,none,4.90e-06,"ok","ok","ok",true,false,0,false,0,NaN,NaN,NaN,"",false,NaN,0,NaN,NaN,NaN,"",NaN,A_direct_ok,false,false,1.1
0.99,2.2894,load,"load +100% at bus 26","Int64[]","Int64[]","[14]",1.0,0,NaN,none,4.90e-06,"ok","ok","ok",true,false,0,false,0,NaN,NaN,NaN,"",false,NaN,0,NaN,NaN,NaN,"",NaN,A_direct_ok,false,false,1.3
0.99,2.2894,load,"load +50% at bus 27","Int64[]","Int64[]","[15]",0.5,0,NaN,none,4.90e-06,"ok","ok","ok",true,false,0,false,0,NaN,NaN,NaN,"",false,NaN,0,NaN,NaN,NaN,"",NaN,A_direct_ok,false,false,1.5
0.99,2.2894,load,"load +100% at bus 27","Int64[]","Int64[]","[15]",1.0,0,NaN,none,4.90e-06,"ok","ok","ok",true,false,0,false,0,NaN,NaN,NaN,"",false,NaN,0,NaN,NaN,NaN,"",NaN,A_direct_ok,false,false,1.4
0.99,2.2894,load,"load +50% at bus 28","Int64[]","Int64[]","[16]",0.5,0,NaN,none,4.90e-06,"ok","ok","ok",true,false,0,false,0,NaN,NaN,NaN,"",false,NaN,0,NaN,NaN,NaN,"",NaN,A_direct_ok,false,false,1.1
0.99,2.2894,load,"load +100% at bus 28","Int64[]","Int64[]","[16]",1.0,0,NaN,none,4.90e-06,"ok","ok","ok",true,false,0,false,0,NaN,NaN,NaN,"",false,NaN,0,NaN,NaN,NaN,"",NaN,A_direct_ok,false,false,1.3
0.99,2.2894,load,"load +50% at bus 29","Int64[]","Int64[]","[17]",0.5,0,NaN,none,4.90e-06,"ok","ok","ok",true,false,0,false,0,NaN,NaN,NaN,"",false,NaN,0,NaN,NaN,NaN,"",NaN,A_direct_ok,false,false,1.4
0.99,2.2894,load,"load +100% at bus 29","Int64[]","Int64[]","[17]",1.0,0,NaN,none,4.90e-06,"ok","ok","ok",true,false,0,false,0,NaN,NaN,NaN,"",false,NaN,0,NaN,NaN,NaN,"",NaN,A_direct_ok,false,false,1.3
0.99,2.2894,load,"load +50% at bus 31","Int64[]","Int64[]","[18]",0.5,0,NaN,none,4.90e-06,"ok","ok","ok",true,false,0,false,0,NaN,NaN,NaN,"",false,NaN,0,NaN,NaN,NaN,"",NaN,A_direct_ok,false,false,1.3
0.99,2.2894,load,"load +100% at bus 31","Int64[]","Int64[]","[18]",1.0,0,NaN,none,4.90e-06,"ok","ok","ok",true,false,0,false,0,NaN,NaN,NaN,"",false,NaN,0,NaN,NaN,NaN,"",NaN,A_direct_ok,false,false,1.3
0.99,2.2894,load,"load +50% at bus 39","Int64[]","Int64[]","[19]",0.5,0,NaN,none,4.90e-06,"ok","ok","ok",true,false,0,false,0,NaN,NaN,NaN,"",false,NaN,0,NaN,NaN,NaN,"",NaN,A_direct_ok,false,false,0.6
0.99,2.2894,load,"load +100% at bus 39","Int64[]","Int64[]","[19]",1.0,0,NaN,none,4.90e-06,"ok","ok","ok",true,false,0,false,0,NaN,NaN,NaN,"",false,NaN,0,NaN,NaN,NaN,"",NaN,A_direct_ok,false,false,0.8
0.99,2.2894,fault,"fault bus 1 xf=0.001 apply","Int64[]","Int64[]","Int64[]",0.0,1,0.001,apply,4.90e-06,"ok","ok","ok",true,false,0,false,0,NaN,NaN,NaN,"",false,NaN,0,NaN,NaN,NaN,"",NaN,A_direct_ok,false,false,1.4
0.99,2.2894,fault,"fault bus 1 xf=0.001 clear@0.1","Int64[]","Int64[]","Int64[]",0.0,1,0.001,clear,3.44e-15,"ok","ok","ok",true,false,0,false,0,NaN,NaN,NaN,"",false,NaN,0,NaN,NaN,NaN,"",NaN,A_direct_ok,false,false,5.1
0.99,2.2894,fault,"fault bus 1 xf=0.005 apply","Int64[]","Int64[]","Int64[]",0.0,1,0.005,apply,4.90e-06,"ok","ok","ok",true,false,0,false,0,NaN,NaN,NaN,"",false,NaN,0,NaN,NaN,NaN,"",NaN,A_direct_ok,false,false,1.4
0.99,2.2894,fault,"fault bus 1 xf=0.005 clear@0.1","Int64[]","Int64[]","Int64[]",0.0,1,0.005,clear,7.11e-15,"ok","ok","ok",true,false,0,false,0,NaN,NaN,NaN,"",false,NaN,0,NaN,NaN,NaN,"",NaN,A_direct_ok,false,false,2.0
0.99,2.2894,fault,"fault bus 1 xf=0.02 apply","Int64[]","Int64[]","Int64[]",0.0,1,0.02,apply,4.90e-06,"ok","ok","ok",true,false,0,false,0,NaN,NaN,NaN,"",false,NaN,0,NaN,NaN,NaN,"",NaN,A_direct_ok,false,false,1.5
0.99,2.2894,fault,"fault bus 1 xf=0.02 clear@0.1","Int64[]","Int64[]","Int64[]",0.0,1,0.02,clear,3.83e-15,"ok","ok","ok",true,false,0,false,0,NaN,NaN,NaN,"",false,NaN,0,NaN,NaN,NaN,"",NaN,A_direct_ok,false,false,1.7
0.99,2.2894,fault,"fault bus 2 xf=0.001 apply","Int64[]","Int64[]","Int64[]",0.0,2,0.001,apply,4.90e-06,"ok","ok","ok",true,false,0,false,0,NaN,NaN,NaN,"",false,NaN,0,NaN,NaN,NaN,"",NaN,A_direct_ok,false,false,1.5
0.99,2.2894,fault,"fault bus 2 xf=0.001 clear@0.1","Int64[]","Int64[]","Int64[]",0.0,2,0.001,clear,1.42e-14,"ok","ok","ok",true,false,0,false,0,NaN,NaN,NaN,"",false,NaN,0,NaN,NaN,NaN,"",NaN,A_direct_ok,false,false,2.2
0.99,2.2894,fault,"fault bus 2 xf=0.005 apply","Int64[]","Int64[]","Int64[]",0.0,2,0.005,apply,4.90e-06,"ok","ok","ok",true,false,0,false,0,NaN,NaN,NaN,"",false,NaN,0,NaN,NaN,NaN,"",NaN,A_direct_ok,false,false,1.5
0.99,2.2894,fault,"fault bus 2 xf=0.005 clear@0.1","Int64[]","Int64[]","Int64[]",0.0,2,0.005,clear,7.11e-15,"ok","ok","ok",true,false,0,false,0,NaN,NaN,NaN,"",false,NaN,0,NaN,NaN,NaN,"",NaN,A_direct_ok,false,false,2.1
0.99,2.2894,fault,"fault bus 2 xf=0.02 apply","Int64[]","Int64[]","Int64[]",0.0,2,0.02,apply,4.90e-06,"ok","ok","ok",true,false,0,false,0,NaN,NaN,NaN,"",false,NaN,0,NaN,NaN,NaN,"",NaN,A_direct_ok,false,false,1.4
0.99,2.2894,fault,"fault bus 2 xf=0.02 clear@0.1","Int64[]","Int64[]","Int64[]",0.0,2,0.02,clear,3.55e-15,"ok","ok","ok",true,false,0,false,0,NaN,NaN,NaN,"",false,NaN,0,NaN,NaN,NaN,"",NaN,A_direct_ok,false,false,1.9
0.99,2.2894,fault,"fault bus 3 xf=0.001 apply","Int64[]","Int64[]","Int64[]",0.0,3,0.001,apply,4.90e-06,"ok","ok","ok",true,false,0,false,0,NaN,NaN,NaN,"",false,NaN,0,NaN,NaN,NaN,"",NaN,A_direct_ok,false,false,1.7
0.99,2.2894,fault,"fault bus 3 xf=0.001 clear@0.1","Int64[]","Int64[]","Int64[]",0.0,3,0.001,clear,7.11e-15,"ok","ok","ok",true,false,0,false,0,NaN,NaN,NaN,"",false,NaN,0,NaN,NaN,NaN,"",NaN,A_direct_ok,false,false,2.2
0.99,2.2894,fault,"fault bus 3 xf=0.005 apply","Int64[]","Int64[]","Int64[]",0.0,3,0.005,apply,4.90e-06,"ok","ok","ok",true,false,0,false,0,NaN,NaN,NaN,"",false,NaN,0,NaN,NaN,NaN,"",NaN,A_direct_ok,false,false,1.5
0.99,2.2894,fault,"fault bus 3 xf=0.005 clear@0.1","Int64[]","Int64[]","Int64[]",0.0,3,0.005,clear,3.50e-15,"ok","ok","ok",true,false,0,false,0,NaN,NaN,NaN,"",false,NaN,0,NaN,NaN,NaN,"",NaN,A_direct_ok,false,false,2.1
0.99,2.2894,fault,"fault bus 3 xf=0.02 apply","Int64[]","Int64[]","Int64[]",0.0,3,0.02,apply,4.90e-06,"ok","ok","ok",true,false,0,false,0,NaN,NaN,NaN,"",false,NaN,0,NaN,NaN,NaN,"",NaN,A_direct_ok,false,false,1.4
0.99,2.2894,fault,"fault bus 3 xf=0.02 clear@0.1","Int64[]","Int64[]","Int64[]",0.0,3,0.02,clear,3.89e-15,"ok","ok","ok",true,false,0,false,0,NaN,NaN,NaN,"",false,NaN,0,NaN,NaN,NaN,"",NaN,A_direct_ok,false,false,2.0
0.99,2.2894,fault,"fault bus 4 xf=0.001 apply","Int64[]","Int64[]","Int64[]",0.0,4,0.001,apply,4.90e-06,"ok","ok","ok",true,false,0,false,0,NaN,NaN,NaN,"",false,NaN,0,NaN,NaN,NaN,"",NaN,A_direct_ok,false,false,1.8
0.99,2.2894,fault,"fault bus 4 xf=0.001 clear@0.1","Int64[]","Int64[]","Int64[]",0.0,4,0.001,clear,3.10e-15,"ok","ok","ok",true,false,0,false,0,NaN,NaN,NaN,"",false,NaN,0,NaN,NaN,NaN,"",NaN,A_direct_ok,false,false,2.4
0.99,2.2894,fault,"fault bus 4 xf=0.005 apply","Int64[]","Int64[]","Int64[]",0.0,4,0.005,apply,4.90e-06,"ok","ok","ok",true,false,0,false,0,NaN,NaN,NaN,"",false,NaN,0,NaN,NaN,NaN,"",NaN,A_direct_ok,false,false,1.8
0.99,2.2894,fault,"fault bus 4 xf=0.005 clear@0.1","Int64[]","Int64[]","Int64[]",0.0,4,0.005,clear,7.11e-15,"ok","ok","ok",true,false,0,false,0,NaN,NaN,NaN,"",false,NaN,0,NaN,NaN,NaN,"",NaN,A_direct_ok,false,false,2.2
0.99,2.2894,fault,"fault bus 4 xf=0.02 apply","Int64[]","Int64[]","Int64[]",0.0,4,0.02,apply,4.90e-06,"ok","ok","ok",true,false,0,false,0,NaN,NaN,NaN,"",false,NaN,0,NaN,NaN,NaN,"",NaN,A_direct_ok,false,false,1.4
0.99,2.2894,fault,"fault bus 4 xf=0.02 clear@0.1","Int64[]","Int64[]","Int64[]",0.0,4,0.02,clear,3.75e-15,"ok","ok","ok",true,false,0,false,0,NaN,NaN,NaN,"",false,NaN,0,NaN,NaN,NaN,"",NaN,A_direct_ok,false,false,2.2
0.99,2.2894,fault,"fault bus 5 xf=0.001 apply","Int64[]","Int64[]","Int64[]",0.0,5,0.001,apply,4.90e-06,"ok","ok","ok",true,false,0,false,0,NaN,NaN,NaN,"",false,NaN,0,NaN,NaN,NaN,"",NaN,A_direct_ok,false,false,1.7
0.99,2.2894,fault,"fault bus 5 xf=0.001 clear@0.1","Int64[]","Int64[]","Int64[]",0.0,5,0.001,clear,3.55e-15,"spurious(kcl=9.1e+00)","ok","ok",false,false,1,true,5,4.44e-15,5.97e-15,0.611,"h=0.01/0.2 spurious(kcl=9.1e+00); h=0.01/0.3 spurious(kcl=5.5e+01); h=0.001/0.05 ok",true,1.0,174,3.55e-15,7.11e-15,0.611,"h=0.01/0.2 spurious(kcl=9.1e+00); h=0.01/0.3 spurious(kcl=5.5e+01); h=0.001/0.05 ok",4.22e-15,reinit_then_fails,false,false,10.3
0.99,2.2894,fault,"fault bus 5 xf=0.005 apply","Int64[]","Int64[]","Int64[]",0.0,5,0.005,apply,4.90e-06,"ok","ok","ok",true,false,0,false,0,NaN,NaN,NaN,"",false,NaN,0,NaN,NaN,NaN,"",NaN,A_direct_ok,false,false,1.7
0.99,2.2894,fault,"fault bus 5 xf=0.005 clear@0.1","Int64[]","Int64[]","Int64[]",0.0,5,0.005,clear,3.72e-15,"ok","ok","ok",true,false,0,false,0,NaN,NaN,NaN,"",false,NaN,0,NaN,NaN,NaN,"",NaN,A_direct_ok,false,false,2.6
0.99,2.2894,fault,"fault bus 5 xf=0.02 apply","Int64[]","Int64[]","Int64[]",0.0,5,0.02,apply,4.90e-06,"ok","ok","ok",true,false,0,false,0,NaN,NaN,NaN,"",false,NaN,0,NaN,NaN,NaN,"",NaN,A_direct_ok,false,false,1.5
0.99,2.2894,fault,"fault bus 5 xf=0.02 clear@0.1","Int64[]","Int64[]","Int64[]",0.0,5,0.02,clear,3.55e-15,"ok","ok","ok",true,false,0,false,0,NaN,NaN,NaN,"",false,NaN,0,NaN,NaN,NaN,"",NaN,A_direct_ok,false,false,2.3
0.99,2.2894,fault,"fault bus 6 xf=0.001 apply","Int64[]","Int64[]","Int64[]",0.0,6,0.001,apply,4.90e-06,"ok","ok","ok",true,false,0,false,0,NaN,NaN,NaN,"",false,NaN,0,NaN,NaN,NaN,"",NaN,A_direct_ok,false,false,1.7
0.99,2.2894,fault,"fault bus 6 xf=0.001 clear@0.1","Int64[]","Int64[]","Int64[]",0.0,6,0.001,clear,5.51e-15,"spurious(kcl=1.7e+01)","ok","ok",false,false,1,true,5,3.54e-15,5.14e-15,0.604,"h=0.01/0.2 spurious(kcl=1.7e+01); h=0.01/0.3 spurious(kcl=5.5e+01); h=0.001/0.05 ok",true,1.0,175,4.44e-15,5.33e-15,0.604,"h=0.01/0.2 spurious(kcl=1.7e+01); h=0.01/0.3 spurious(kcl=5.5e+01); h=0.001/0.05 ok",7.11e-15,reinit_then_fails,false,false,10.0
0.99,2.2894,fault,"fault bus 6 xf=0.005 apply","Int64[]","Int64[]","Int64[]",0.0,6,0.005,apply,4.90e-06,"ok","ok","ok",true,false,0,false,0,NaN,NaN,NaN,"",false,NaN,0,NaN,NaN,NaN,"",NaN,A_direct_ok,false,false,1.7
0.99,2.2894,fault,"fault bus 6 xf=0.005 clear@0.1","Int64[]","Int64[]","Int64[]",0.0,6,0.005,clear,5.56e-15,"ok","ok","ok",true,false,0,false,0,NaN,NaN,NaN,"",false,NaN,0,NaN,NaN,NaN,"",NaN,A_direct_ok,false,false,2.6
0.99,2.2894,fault,"fault bus 6 xf=0.02 apply","Int64[]","Int64[]","Int64[]",0.0,6,0.02,apply,4.90e-06,"ok","ok","ok",true,false,0,false,0,NaN,NaN,NaN,"",false,NaN,0,NaN,NaN,NaN,"",NaN,A_direct_ok,false,false,1.5
0.99,2.2894,fault,"fault bus 6 xf=0.02 clear@0.1","Int64[]","Int64[]","Int64[]",0.0,6,0.02,clear,4.42e-15,"ok","ok","ok",true,false,0,false,0,NaN,NaN,NaN,"",false,NaN,0,NaN,NaN,NaN,"",NaN,A_direct_ok,false,false,2.3
0.99,2.2894,fault,"fault bus 7 xf=0.001 apply","Int64[]","Int64[]","Int64[]",0.0,7,0.001,apply,4.90e-06,"ok","ok","ok",true,false,0,false,0,NaN,NaN,NaN,"",false,NaN,0,NaN,NaN,NaN,"",NaN,A_direct_ok,false,false,1.7
0.99,2.2894,fault,"fault bus 7 xf=0.001 clear@0.1","Int64[]","Int64[]","Int64[]",0.0,7,0.001,clear,3.55e-15,"ok","ok","ok",true,false,0,false,0,NaN,NaN,NaN,"",false,NaN,0,NaN,NaN,NaN,"",NaN,A_direct_ok,false,false,2.4
0.99,2.2894,fault,"fault bus 7 xf=0.005 apply","Int64[]","Int64[]","Int64[]",0.0,7,0.005,apply,4.90e-06,"ok","ok","ok",true,false,0,false,0,NaN,NaN,NaN,"",false,NaN,0,NaN,NaN,NaN,"",NaN,A_direct_ok,false,false,1.8
0.99,2.2894,fault,"fault bus 7 xf=0.005 clear@0.1","Int64[]","Int64[]","Int64[]",0.0,7,0.005,clear,4.84e-15,"ok","ok","ok",true,false,0,false,0,NaN,NaN,NaN,"",false,NaN,0,NaN,NaN,NaN,"",NaN,A_direct_ok,false,false,2.2
0.99,2.2894,fault,"fault bus 7 xf=0.02 apply","Int64[]","Int64[]","Int64[]",0.0,7,0.02,apply,4.90e-06,"ok","ok","ok",true,false,0,false,0,NaN,NaN,NaN,"",false,NaN,0,NaN,NaN,NaN,"",NaN,A_direct_ok,false,false,1.7
0.99,2.2894,fault,"fault bus 7 xf=0.02 clear@0.1","Int64[]","Int64[]","Int64[]",0.0,7,0.02,clear,3.67e-15,"ok","ok","ok",true,false,0,false,0,NaN,NaN,NaN,"",false,NaN,0,NaN,NaN,NaN,"",NaN,A_direct_ok,false,false,2.1
0.99,2.2894,fault,"fault bus 8 xf=0.001 apply","Int64[]","Int64[]","Int64[]",0.0,8,0.001,apply,4.90e-06,"ok","ok","ok",true,false,0,false,0,NaN,NaN,NaN,"",false,NaN,0,NaN,NaN,NaN,"",NaN,A_direct_ok,false,false,1.7
0.99,2.2894,fault,"fault bus 8 xf=0.001 clear@0.1","Int64[]","Int64[]","Int64[]",0.0,8,0.001,clear,3.41e-15,"ok","ok","ok",true,false,0,false,0,NaN,NaN,NaN,"",false,NaN,0,NaN,NaN,NaN,"",NaN,A_direct_ok,false,false,2.7
0.99,2.2894,fault,"fault bus 8 xf=0.005 apply","Int64[]","Int64[]","Int64[]",0.0,8,0.005,apply,4.90e-06,"ok","ok","ok",true,false,0,false,0,NaN,NaN,NaN,"",false,NaN,0,NaN,NaN,NaN,"",NaN,A_direct_ok,false,false,1.6
0.99,2.2894,fault,"fault bus 8 xf=0.005 clear@0.1","Int64[]","Int64[]","Int64[]",0.0,8,0.005,clear,3.33e-15,"ok","ok","ok",true,false,0,false,0,NaN,NaN,NaN,"",false,NaN,0,NaN,NaN,NaN,"",NaN,A_direct_ok,false,false,2.4
0.99,2.2894,fault,"fault bus 8 xf=0.02 apply","Int64[]","Int64[]","Int64[]",0.0,8,0.02,apply,4.90e-06,"ok","ok","ok",true,false,0,false,0,NaN,NaN,NaN,"",false,NaN,0,NaN,NaN,NaN,"",NaN,A_direct_ok,false,false,1.5
0.99,2.2894,fault,"fault bus 8 xf=0.02 clear@0.1","Int64[]","Int64[]","Int64[]",0.0,8,0.02,clear,2.73e-15,"ok","ok","ok",true,false,0,false,0,NaN,NaN,NaN,"",false,NaN,0,NaN,NaN,NaN,"",NaN,A_direct_ok,false,false,2.3
0.99,2.2894,fault,"fault bus 9 xf=0.001 apply","Int64[]","Int64[]","Int64[]",0.0,9,0.001,apply,4.90e-06,"ok","ok","ok",true,false,0,false,0,NaN,NaN,NaN,"",false,NaN,0,NaN,NaN,NaN,"",NaN,A_direct_ok,false,false,1.5
0.99,2.2894,fault,"fault bus 9 xf=0.001 clear@0.1","Int64[]","Int64[]","Int64[]",0.0,9,0.001,clear,4.44e-15,"ok","ok","ok",true,false,0,false,0,NaN,NaN,NaN,"",false,NaN,0,NaN,NaN,NaN,"",NaN,A_direct_ok,false,false,2.1
0.99,2.2894,fault,"fault bus 9 xf=0.005 apply","Int64[]","Int64[]","Int64[]",0.0,9,0.005,apply,4.90e-06,"ok","ok","ok",true,false,0,false,0,NaN,NaN,NaN,"",false,NaN,0,NaN,NaN,NaN,"",NaN,A_direct_ok,false,false,1.6
0.99,2.2894,fault,"fault bus 9 xf=0.005 clear@0.1","Int64[]","Int64[]","Int64[]",0.0,9,0.005,clear,7.11e-15,"ok","ok","ok",true,false,0,false,0,NaN,NaN,NaN,"",false,NaN,0,NaN,NaN,NaN,"",NaN,A_direct_ok,false,false,2.0
0.99,2.2894,fault,"fault bus 9 xf=0.02 apply","Int64[]","Int64[]","Int64[]",0.0,9,0.02,apply,4.90e-06,"ok","ok","ok",true,false,0,false,0,NaN,NaN,NaN,"",false,NaN,0,NaN,NaN,NaN,"",NaN,A_direct_ok,false,false,1.4
0.99,2.2894,fault,"fault bus 9 xf=0.02 clear@0.1","Int64[]","Int64[]","Int64[]",0.0,9,0.02,clear,3.55e-15,"ok","ok","ok",true,false,0,false,0,NaN,NaN,NaN,"",false,NaN,0,NaN,NaN,NaN,"",NaN,A_direct_ok,false,false,2.1
0.99,2.2894,fault,"fault bus 10 xf=0.001 apply","Int64[]","Int64[]","Int64[]",0.0,10,0.001,apply,4.90e-06,"ok","ok","ok",true,false,0,false,0,NaN,NaN,NaN,"",false,NaN,0,NaN,NaN,NaN,"",NaN,A_direct_ok,false,false,1.7
0.99,2.2894,fault,"fault bus 10 xf=0.001 clear@0.1","Int64[]","Int64[]","Int64[]",0.0,10,0.001,clear,6.22e-15,"ok","ok","ok",true,false,0,false,0,NaN,NaN,NaN,"",false,NaN,0,NaN,NaN,NaN,"",NaN,A_direct_ok,false,false,2.7
0.99,2.2894,fault,"fault bus 10 xf=0.005 apply","Int64[]","Int64[]","Int64[]",0.0,10,0.005,apply,4.90e-06,"ok","ok","ok",true,false,0,false,0,NaN,NaN,NaN,"",false,NaN,0,NaN,NaN,NaN,"",NaN,A_direct_ok,false,false,1.7
0.99,2.2894,fault,"fault bus 10 xf=0.005 clear@0.1","Int64[]","Int64[]","Int64[]",0.0,10,0.005,clear,2.25e-15,"ok","ok","ok",true,false,0,false,0,NaN,NaN,NaN,"",false,NaN,0,NaN,NaN,NaN,"",NaN,A_direct_ok,false,false,2.4
0.99,2.2894,fault,"fault bus 10 xf=0.02 apply","Int64[]","Int64[]","Int64[]",0.0,10,0.02,apply,4.90e-06,"ok","ok","ok",true,false,0,false,0,NaN,NaN,NaN,"",false,NaN,0,NaN,NaN,NaN,"",NaN,A_direct_ok,false,false,1.7
0.99,2.2894,fault,"fault bus 10 xf=0.02 clear@0.1","Int64[]","Int64[]","Int64[]",0.0,10,0.02,clear,3.77e-15,"ok","ok","ok",true,false,0,false,0,NaN,NaN,NaN,"",false,NaN,0,NaN,NaN,NaN,"",NaN,A_direct_ok,false,false,2.2
0.99,2.2894,fault,"fault bus 11 xf=0.001 apply","Int64[]","Int64[]","Int64[]",0.0,11,0.001,apply,4.90e-06,"ok","ok","ok",true,false,0,false,0,NaN,NaN,NaN,"",false,NaN,0,NaN,NaN,NaN,"",NaN,A_direct_ok,false,false,1.9
0.99,2.2894,fault,"fault bus 11 xf=0.001 clear@0.1","Int64[]","Int64[]","Int64[]",0.0,11,0.001,clear,3.75e-15,"ok","ok","ok",true,false,0,false,0,NaN,NaN,NaN,"",false,NaN,0,NaN,NaN,NaN,"",NaN,A_direct_ok,false,false,2.5
0.99,2.2894,fault,"fault bus 11 xf=0.005 apply","Int64[]","Int64[]","Int64[]",0.0,11,0.005,apply,4.90e-06,"ok","ok","ok",true,false,0,false,0,NaN,NaN,NaN,"",false,NaN,0,NaN,NaN,NaN,"",NaN,A_direct_ok,false,false,1.6
0.99,2.2894,fault,"fault bus 11 xf=0.005 clear@0.1","Int64[]","Int64[]","Int64[]",0.0,11,0.005,clear,5.58e-15,"ok","ok","ok",true,false,0,false,0,NaN,NaN,NaN,"",false,NaN,0,NaN,NaN,NaN,"",NaN,A_direct_ok,false,false,2.6
0.99,2.2894,fault,"fault bus 11 xf=0.02 apply","Int64[]","Int64[]","Int64[]",0.0,11,0.02,apply,4.90e-06,"ok","ok","ok",true,false,0,false,0,NaN,NaN,NaN,"",false,NaN,0,NaN,NaN,NaN,"",NaN,A_direct_ok,false,false,1.5
0.99,2.2894,fault,"fault bus 11 xf=0.02 clear@0.1","Int64[]","Int64[]","Int64[]",0.0,11,0.02,clear,4.69e-15,"ok","ok","ok",true,false,0,false,0,NaN,NaN,NaN,"",false,NaN,0,NaN,NaN,NaN,"",NaN,A_direct_ok,false,false,2.3
0.99,2.2894,fault,"fault bus 12 xf=0.001 apply","Int64[]","Int64[]","Int64[]",0.0,12,0.001,apply,4.90e-06,"ok","ok","ok",true,false,0,false,0,NaN,NaN,NaN,"",false,NaN,0,NaN,NaN,NaN,"",NaN,A_direct_ok,false,false,1.5
0.99,2.2894,fault,"fault bus 12 xf=0.001 clear@0.1","Int64[]","Int64[]","Int64[]",0.0,12,0.001,clear,2.88e-15,"ok","ok","ok",true,false,0,false,0,NaN,NaN,NaN,"",false,NaN,0,NaN,NaN,NaN,"",NaN,A_direct_ok,false,false,2.4
0.99,2.2894,fault,"fault bus 12 xf=0.005 apply","Int64[]","Int64[]","Int64[]",0.0,12,0.005,apply,4.90e-06,"ok","ok","ok",true,false,0,false,0,NaN,NaN,NaN,"",false,NaN,0,NaN,NaN,NaN,"",NaN,A_direct_ok,false,false,1.5
0.99,2.2894,fault,"fault bus 12 xf=0.005 clear@0.1","Int64[]","Int64[]","Int64[]",0.0,12,0.005,clear,3.55e-15,"ok","ok","ok",true,false,0,false,0,NaN,NaN,NaN,"",false,NaN,0,NaN,NaN,NaN,"",NaN,A_direct_ok,false,false,2.2
0.99,2.2894,fault,"fault bus 12 xf=0.02 apply","Int64[]","Int64[]","Int64[]",0.0,12,0.02,apply,4.90e-06,"ok","ok","ok",true,false,0,false,0,NaN,NaN,NaN,"",false,NaN,0,NaN,NaN,NaN,"",NaN,A_direct_ok,false,false,1.6
0.99,2.2894,fault,"fault bus 12 xf=0.02 clear@0.1","Int64[]","Int64[]","Int64[]",0.0,12,0.02,clear,5.55e-15,"ok","ok","ok",true,false,0,false,0,NaN,NaN,NaN,"",false,NaN,0,NaN,NaN,NaN,"",NaN,A_direct_ok,false,false,2.0
0.99,2.2894,fault,"fault bus 13 xf=0.001 apply","Int64[]","Int64[]","Int64[]",0.0,13,0.001,apply,4.90e-06,"ok","ok","ok",true,false,0,false,0,NaN,NaN,NaN,"",false,NaN,0,NaN,NaN,NaN,"",NaN,A_direct_ok,false,false,1.7
0.99,2.2894,fault,"fault bus 13 xf=0.001 clear@0.1","Int64[]","Int64[]","Int64[]",0.0,13,0.001,clear,3.00e-15,"spurious(kcl=2.3e+00)","ok","ok",false,false,1,true,5,2.90e-15,3.22e-15,0.616,"h=0.01/0.2 spurious(kcl=2.3e+00); h=0.01/0.3 spurious(kcl=4.3e+01); h=0.001/0.05 ok",true,1.0,173,6.44e-15,6.14e-15,0.616,"h=0.01/0.2 spurious(kcl=2.3e+00); h=0.01/0.3 spurious(kcl=4.3e+01); h=0.001/0.05 ok",3.55e-15,reinit_then_fails,false,false,9.9
0.99,2.2894,fault,"fault bus 13 xf=0.005 apply","Int64[]","Int64[]","Int64[]",0.0,13,0.005,apply,4.90e-06,"ok","ok","ok",true,false,0,false,0,NaN,NaN,NaN,"",false,NaN,0,NaN,NaN,NaN,"",NaN,A_direct_ok,false,false,1.8
0.99,2.2894,fault,"fault bus 13 xf=0.005 clear@0.1","Int64[]","Int64[]","Int64[]",0.0,13,0.005,clear,4.22e-15,"ok","ok","ok",true,false,0,false,0,NaN,NaN,NaN,"",false,NaN,0,NaN,NaN,NaN,"",NaN,A_direct_ok,false,false,2.4
0.99,2.2894,fault,"fault bus 13 xf=0.02 apply","Int64[]","Int64[]","Int64[]",0.0,13,0.02,apply,4.90e-06,"ok","ok","ok",true,false,0,false,0,NaN,NaN,NaN,"",false,NaN,0,NaN,NaN,NaN,"",NaN,A_direct_ok,false,false,1.7
0.99,2.2894,fault,"fault bus 13 xf=0.02 clear@0.1","Int64[]","Int64[]","Int64[]",0.0,13,0.02,clear,4.44e-15,"ok","ok","ok",true,false,0,false,0,NaN,NaN,NaN,"",false,NaN,0,NaN,NaN,NaN,"",NaN,A_direct_ok,false,false,2.1
0.99,2.2894,fault,"fault bus 14 xf=0.001 apply","Int64[]","Int64[]","Int64[]",0.0,14,0.001,apply,4.90e-06,"ok","ok","ok",true,false,0,false,0,NaN,NaN,NaN,"",false,NaN,0,NaN,NaN,NaN,"",NaN,A_direct_ok,false,false,1.6
0.99,2.2894,fault,"fault bus 14 xf=0.001 clear@0.1","Int64[]","Int64[]","Int64[]",0.0,14,0.001,clear,2.92e-15,"ok","ok","ok",true,false,0,false,0,NaN,NaN,NaN,"",false,NaN,0,NaN,NaN,NaN,"",NaN,A_direct_ok,false,false,2.6
0.99,2.2894,fault,"fault bus 14 xf=0.005 apply","Int64[]","Int64[]","Int64[]",0.0,14,0.005,apply,4.90e-06,"ok","ok","ok",true,false,0,false,0,NaN,NaN,NaN,"",false,NaN,0,NaN,NaN,NaN,"",NaN,A_direct_ok,false,false,1.6
0.99,2.2894,fault,"fault bus 14 xf=0.005 clear@0.1","Int64[]","Int64[]","Int64[]",0.0,14,0.005,clear,4.72e-15,"ok","ok","ok",true,false,0,false,0,NaN,NaN,NaN,"",false,NaN,0,NaN,NaN,NaN,"",NaN,A_direct_ok,false,false,2.4
0.99,2.2894,fault,"fault bus 14 xf=0.02 apply","Int64[]","Int64[]","Int64[]",0.0,14,0.02,apply,4.90e-06,"ok","ok","ok",true,false,0,false,0,NaN,NaN,NaN,"",false,NaN,0,NaN,NaN,NaN,"",NaN,A_direct_ok,false,false,1.5
0.99,2.2894,fault,"fault bus 14 xf=0.02 clear@0.1","Int64[]","Int64[]","Int64[]",0.0,14,0.02,clear,4.66e-15,"ok","ok","ok",true,false,0,false,0,NaN,NaN,NaN,"",false,NaN,0,NaN,NaN,NaN,"",NaN,A_direct_ok,false,false,2.1
0.99,2.2894,fault,"fault bus 15 xf=0.001 apply","Int64[]","Int64[]","Int64[]",0.0,15,0.001,apply,4.90e-06,"ok","ok","ok",true,false,0,false,0,NaN,NaN,NaN,"",false,NaN,0,NaN,NaN,NaN,"",NaN,A_direct_ok,false,false,1.7
0.99,2.2894,fault,"fault bus 15 xf=0.001 clear@0.1","Int64[]","Int64[]","Int64[]",0.0,15,0.001,clear,5.55e-15,"ok","ok","ok",true,false,0,false,0,NaN,NaN,NaN,"",false,NaN,0,NaN,NaN,NaN,"",NaN,A_direct_ok,false,false,2.2
0.99,2.2894,fault,"fault bus 15 xf=0.005 apply","Int64[]","Int64[]","Int64[]",0.0,15,0.005,apply,4.90e-06,"ok","ok","ok",true,false,0,false,0,NaN,NaN,NaN,"",false,NaN,0,NaN,NaN,NaN,"",NaN,A_direct_ok,false,false,1.5
0.99,2.2894,fault,"fault bus 15 xf=0.005 clear@0.1","Int64[]","Int64[]","Int64[]",0.0,15,0.005,clear,3.55e-15,"ok","ok","ok",true,false,0,false,0,NaN,NaN,NaN,"",false,NaN,0,NaN,NaN,NaN,"",NaN,A_direct_ok,false,false,2.2
0.99,2.2894,fault,"fault bus 15 xf=0.02 apply","Int64[]","Int64[]","Int64[]",0.0,15,0.02,apply,4.90e-06,"ok","ok","ok",true,false,0,false,0,NaN,NaN,NaN,"",false,NaN,0,NaN,NaN,NaN,"",NaN,A_direct_ok,false,false,1.4
0.99,2.2894,fault,"fault bus 15 xf=0.02 clear@0.1","Int64[]","Int64[]","Int64[]",0.0,15,0.02,clear,6.25e-15,"ok","ok","ok",true,false,0,false,0,NaN,NaN,NaN,"",false,NaN,0,NaN,NaN,NaN,"",NaN,A_direct_ok,false,false,2.2
0.99,2.2894,fault,"fault bus 16 xf=0.001 apply","Int64[]","Int64[]","Int64[]",0.0,16,0.001,apply,4.90e-06,"ok","ok","ok",true,false,0,false,0,NaN,NaN,NaN,"",false,NaN,0,NaN,NaN,NaN,"",NaN,A_direct_ok,false,false,1.7
0.99,2.2894,fault,"fault bus 16 xf=0.001 clear@0.1","Int64[]","Int64[]","Int64[]",0.0,16,0.001,clear,2.89e-15,"ok","ok","ok",true,false,0,false,0,NaN,NaN,NaN,"",false,NaN,0,NaN,NaN,NaN,"",NaN,A_direct_ok,false,false,2.2
0.99,2.2894,fault,"fault bus 16 xf=0.005 apply","Int64[]","Int64[]","Int64[]",0.0,16,0.005,apply,4.90e-06,"ok","ok","ok",true,false,0,false,0,NaN,NaN,NaN,"",false,NaN,0,NaN,NaN,NaN,"",NaN,A_direct_ok,false,false,1.8
0.99,2.2894,fault,"fault bus 16 xf=0.005 clear@0.1","Int64[]","Int64[]","Int64[]",0.0,16,0.005,clear,7.11e-15,"ok","ok","ok",true,false,0,false,0,NaN,NaN,NaN,"",false,NaN,0,NaN,NaN,NaN,"",NaN,A_direct_ok,false,false,2.2
0.99,2.2894,fault,"fault bus 16 xf=0.02 apply","Int64[]","Int64[]","Int64[]",0.0,16,0.02,apply,4.90e-06,"ok","ok","ok",true,false,0,false,0,NaN,NaN,NaN,"",false,NaN,0,NaN,NaN,NaN,"",NaN,A_direct_ok,false,false,1.6
0.99,2.2894,fault,"fault bus 16 xf=0.02 clear@0.1","Int64[]","Int64[]","Int64[]",0.0,16,0.02,clear,5.33e-15,"ok","ok","ok",true,false,0,false,0,NaN,NaN,NaN,"",false,NaN,0,NaN,NaN,NaN,"",NaN,A_direct_ok,false,false,2.0
0.99,2.2894,fault,"fault bus 17 xf=0.001 apply","Int64[]","Int64[]","Int64[]",0.0,17,0.001,apply,4.90e-06,"ok","ok","ok",true,false,0,false,0,NaN,NaN,NaN,"",false,NaN,0,NaN,NaN,NaN,"",NaN,A_direct_ok,false,false,1.5
0.99,2.2894,fault,"fault bus 17 xf=0.001 clear@0.1","Int64[]","Int64[]","Int64[]",0.0,17,0.001,clear,5.02e-15,"ok","ok","ok",true,false,0,false,0,NaN,NaN,NaN,"",false,NaN,0,NaN,NaN,NaN,"",NaN,A_direct_ok,false,false,2.3
0.99,2.2894,fault,"fault bus 17 xf=0.005 apply","Int64[]","Int64[]","Int64[]",0.0,17,0.005,apply,4.90e-06,"ok","ok","ok",true,false,0,false,0,NaN,NaN,NaN,"",false,NaN,0,NaN,NaN,NaN,"",NaN,A_direct_ok,false,false,1.5
0.99,2.2894,fault,"fault bus 17 xf=0.005 clear@0.1","Int64[]","Int64[]","Int64[]",0.0,17,0.005,clear,3.20e-15,"ok","ok","ok",true,false,0,false,0,NaN,NaN,NaN,"",false,NaN,0,NaN,NaN,NaN,"",NaN,A_direct_ok,false,false,2.2
0.99,2.2894,fault,"fault bus 17 xf=0.02 apply","Int64[]","Int64[]","Int64[]",0.0,17,0.02,apply,4.90e-06,"ok","ok","ok",true,false,0,false,0,NaN,NaN,NaN,"",false,NaN,0,NaN,NaN,NaN,"",NaN,A_direct_ok,false,false,1.4
0.99,2.2894,fault,"fault bus 17 xf=0.02 clear@0.1","Int64[]","Int64[]","Int64[]",0.0,17,0.02,clear,5.33e-15,"ok","ok","ok",true,false,0,false,0,NaN,NaN,NaN,"",false,NaN,0,NaN,NaN,NaN,"",NaN,A_direct_ok,false,false,2.0
0.99,2.2894,fault,"fault bus 18 xf=0.001 apply","Int64[]","Int64[]","Int64[]",0.0,18,0.001,apply,4.90e-06,"ok","ok","ok",true,false,0,false,0,NaN,NaN,NaN,"",false,NaN,0,NaN,NaN,NaN,"",NaN,A_direct_ok,false,false,1.7
0.99,2.2894,fault,"fault bus 18 xf=0.001 clear@0.1","Int64[]","Int64[]","Int64[]",0.0,18,0.001,clear,2.92e-15,"ok","ok","ok",true,false,0,false,0,NaN,NaN,NaN,"",false,NaN,0,NaN,NaN,NaN,"",NaN,A_direct_ok,false,false,2.0
0.99,2.2894,fault,"fault bus 18 xf=0.005 apply","Int64[]","Int64[]","Int64[]",0.0,18,0.005,apply,4.90e-06,"ok","ok","ok",true,false,0,false,0,NaN,NaN,NaN,"",false,NaN,0,NaN,NaN,NaN,"",NaN,A_direct_ok,false,false,1.4
0.99,2.2894,fault,"fault bus 18 xf=0.005 clear@0.1","Int64[]","Int64[]","Int64[]",0.0,18,0.005,clear,7.11e-15,"ok","ok","ok",true,false,0,false,0,NaN,NaN,NaN,"",false,NaN,0,NaN,NaN,NaN,"",NaN,A_direct_ok,false,false,2.1
0.99,2.2894,fault,"fault bus 18 xf=0.02 apply","Int64[]","Int64[]","Int64[]",0.0,18,0.02,apply,4.90e-06,"ok","ok","ok",true,false,0,false,0,NaN,NaN,NaN,"",false,NaN,0,NaN,NaN,NaN,"",NaN,A_direct_ok,false,false,1.4
0.99,2.2894,fault,"fault bus 18 xf=0.02 clear@0.1","Int64[]","Int64[]","Int64[]",0.0,18,0.02,clear,3.45e-15,"ok","ok","ok",true,false,0,false,0,NaN,NaN,NaN,"",false,NaN,0,NaN,NaN,NaN,"",NaN,A_direct_ok,false,false,2.1
0.99,2.2894,fault,"fault bus 19 xf=0.001 apply","Int64[]","Int64[]","Int64[]",0.0,19,0.001,apply,4.90e-06,"ok","ok","ok",true,false,0,false,0,NaN,NaN,NaN,"",false,NaN,0,NaN,NaN,NaN,"",NaN,A_direct_ok,false,false,1.7
0.99,2.2894,fault,"fault bus 19 xf=0.001 clear@0.1","Int64[]","Int64[]","Int64[]",0.0,19,0.001,clear,3.55e-15,"ok","ok","ok",true,false,0,false,0,NaN,NaN,NaN,"",false,NaN,0,NaN,NaN,NaN,"",NaN,A_direct_ok,false,false,2.4
0.99,2.2894,fault,"fault bus 19 xf=0.005 apply","Int64[]","Int64[]","Int64[]",0.0,19,0.005,apply,4.90e-06,"ok","ok","ok",true,false,0,false,0,NaN,NaN,NaN,"",false,NaN,0,NaN,NaN,NaN,"",NaN,A_direct_ok,false,false,1.8
0.99,2.2894,fault,"fault bus 19 xf=0.005 clear@0.1","Int64[]","Int64[]","Int64[]",0.0,19,0.005,clear,7.11e-15,"ok","ok","ok",true,false,0,false,0,NaN,NaN,NaN,"",false,NaN,0,NaN,NaN,NaN,"",NaN,A_direct_ok,false,false,2.2
0.99,2.2894,fault,"fault bus 19 xf=0.02 apply","Int64[]","Int64[]","Int64[]",0.0,19,0.02,apply,4.90e-06,"ok","ok","ok",true,false,0,false,0,NaN,NaN,NaN,"",false,NaN,0,NaN,NaN,NaN,"",NaN,A_direct_ok,false,false,1.7
0.99,2.2894,fault,"fault bus 19 xf=0.02 clear@0.1","Int64[]","Int64[]","Int64[]",0.0,19,0.02,clear,3.80e-15,"ok","ok","ok",true,false,0,false,0,NaN,NaN,NaN,"",false,NaN,0,NaN,NaN,NaN,"",NaN,A_direct_ok,false,false,2.2
0.99,2.2894,fault,"fault bus 20 xf=0.001 apply","Int64[]","Int64[]","Int64[]",0.0,20,0.001,apply,4.90e-06,"ok","ok","ok",true,false,0,false,0,NaN,NaN,NaN,"",false,NaN,0,NaN,NaN,NaN,"",NaN,A_direct_ok,false,false,1.7
0.99,2.2894,fault,"fault bus 20 xf=0.001 clear@0.1","Int64[]","Int64[]","Int64[]",0.0,20,0.001,clear,2.66e-15,"ok","ok","ok",true,false,0,false,0,NaN,NaN,NaN,"",false,NaN,0,NaN,NaN,NaN,"",NaN,A_direct_ok,false,false,2.4
0.99,2.2894,fault,"fault bus 20 xf=0.005 apply","Int64[]","Int64[]","Int64[]",0.0,20,0.005,apply,4.90e-06,"ok","ok","ok",true,false,0,false,0,NaN,NaN,NaN,"",false,NaN,0,NaN,NaN,NaN,"",NaN,A_direct_ok,false,false,1.6
0.99,2.2894,fault,"fault bus 20 xf=0.005 clear@0.1","Int64[]","Int64[]","Int64[]",0.0,20,0.005,clear,4.96e-15,"ok","ok","ok",true,false,0,false,0,NaN,NaN,NaN,"",false,NaN,0,NaN,NaN,NaN,"",NaN,A_direct_ok,false,false,2.4
0.99,2.2894,fault,"fault bus 20 xf=0.02 apply","Int64[]","Int64[]","Int64[]",0.0,20,0.02,apply,4.90e-06,"ok","ok","ok",true,false,0,false,0,NaN,NaN,NaN,"",false,NaN,0,NaN,NaN,NaN,"",NaN,A_direct_ok,false,false,1.5
0.99,2.2894,fault,"fault bus 20 xf=0.02 clear@0.1","Int64[]","Int64[]","Int64[]",0.0,20,0.02,clear,3.55e-15,"ok","ok","ok",true,false,0,false,0,NaN,NaN,NaN,"",false,NaN,0,NaN,NaN,NaN,"",NaN,A_direct_ok,false,false,2.2
0.99,2.2894,fault,"fault bus 21 xf=0.001 apply","Int64[]","Int64[]","Int64[]",0.0,21,0.001,apply,4.90e-06,"ok","ok","ok",true,false,0,false,0,NaN,NaN,NaN,"",false,NaN,0,NaN,NaN,NaN,"",NaN,A_direct_ok,false,false,1.8
0.99,2.2894,fault,"fault bus 21 xf=0.001 clear@0.1","Int64[]","Int64[]","Int64[]",0.0,21,0.001,clear,3.61e-15,"ok","ok","ok",true,false,0,false,0,NaN,NaN,NaN,"",false,NaN,0,NaN,NaN,NaN,"",NaN,A_direct_ok,false,false,2.2
0.99,2.2894,fault,"fault bus 21 xf=0.005 apply","Int64[]","Int64[]","Int64[]",0.0,21,0.005,apply,4.90e-06,"ok","ok","ok",true,false,0,false,0,NaN,NaN,NaN,"",false,NaN,0,NaN,NaN,NaN,"",NaN,A_direct_ok,false,false,1.8
0.99,2.2894,fault,"fault bus 21 xf=0.005 clear@0.1","Int64[]","Int64[]","Int64[]",0.0,21,0.005,clear,2.75e-15,"ok","ok","ok",true,false,0,false,0,NaN,NaN,NaN,"",false,NaN,0,NaN,NaN,NaN,"",NaN,A_direct_ok,false,false,2.2
0.99,2.2894,fault,"fault bus 21 xf=0.02 apply","Int64[]","Int64[]","Int64[]",0.0,21,0.02,apply,4.90e-06,"ok","ok","ok",true,false,0,false,0,NaN,NaN,NaN,"",false,NaN,0,NaN,NaN,NaN,"",NaN,A_direct_ok,false,false,1.4
0.99,2.2894,fault,"fault bus 21 xf=0.02 clear@0.1","Int64[]","Int64[]","Int64[]",0.0,21,0.02,clear,5.11e-15,"ok","ok","ok",true,false,0,false,0,NaN,NaN,NaN,"",false,NaN,0,NaN,NaN,NaN,"",NaN,A_direct_ok,false,false,2.2
0.99,2.2894,fault,"fault bus 22 xf=0.001 apply","Int64[]","Int64[]","Int64[]",0.0,22,0.001,apply,4.90e-06,"ok","ok","ok",true,false,0,false,0,NaN,NaN,NaN,"",false,NaN,0,NaN,NaN,NaN,"",NaN,A_direct_ok,false,false,1.6
0.99,2.2894,fault,"fault bus 22 xf=0.001 clear@0.1","Int64[]","Int64[]","Int64[]",0.0,22,0.001,clear,3.55e-15,"ok","ok","ok",true,false,0,false,0,NaN,NaN,NaN,"",false,NaN,0,NaN,NaN,NaN,"",NaN,A_direct_ok,false,false,2.6
0.99,2.2894,fault,"fault bus 22 xf=0.005 apply","Int64[]","Int64[]","Int64[]",0.0,22,0.005,apply,4.90e-06,"ok","ok","ok",true,false,0,false,0,NaN,NaN,NaN,"",false,NaN,0,NaN,NaN,NaN,"",NaN,A_direct_ok,false,false,1.6
0.99,2.2894,fault,"fault bus 22 xf=0.005 clear@0.1","Int64[]","Int64[]","Int64[]",0.0,22,0.005,clear,3.55e-15,"ok","ok","ok",true,false,0,false,0,NaN,NaN,NaN,"",false,NaN,0,NaN,NaN,NaN,"",NaN,A_direct_ok,false,false,2.2
0.99,2.2894,fault,"fault bus 22 xf=0.02 apply","Int64[]","Int64[]","Int64[]",0.0,22,0.02,apply,4.90e-06,"ok","ok","ok",true,false,0,false,0,NaN,NaN,NaN,"",false,NaN,0,NaN,NaN,NaN,"",NaN,A_direct_ok,false,false,1.7
0.99,2.2894,fault,"fault bus 22 xf=0.02 clear@0.1","Int64[]","Int64[]","Int64[]",0.0,22,0.02,clear,3.55e-15,"ok","ok","ok",true,false,0,false,0,NaN,NaN,NaN,"",false,NaN,0,NaN,NaN,NaN,"",NaN,A_direct_ok,false,false,2.2
0.99,2.2894,fault,"fault bus 23 xf=0.001 apply","Int64[]","Int64[]","Int64[]",0.0,23,0.001,apply,4.90e-06,"ok","ok","ok",true,false,0,false,0,NaN,NaN,NaN,"",false,NaN,0,NaN,NaN,NaN,"",NaN,A_direct_ok,false,false,1.9
0.99,2.2894,fault,"fault bus 23 xf=0.001 clear@0.1","Int64[]","Int64[]","Int64[]",0.0,23,0.001,clear,3.55e-15,"ok","ok","ok",true,false,0,false,0,NaN,NaN,NaN,"",false,NaN,0,NaN,NaN,NaN,"",NaN,A_direct_ok,false,false,2.4
0.99,2.2894,fault,"fault bus 23 xf=0.005 apply","Int64[]","Int64[]","Int64[]",0.0,23,0.005,apply,4.90e-06,"ok","ok","ok",true,false,0,false,0,NaN,NaN,NaN,"",false,NaN,0,NaN,NaN,NaN,"",NaN,A_direct_ok,false,false,1.6
0.99,2.2894,fault,"fault bus 23 xf=0.005 clear@0.1","Int64[]","Int64[]","Int64[]",0.0,23,0.005,clear,3.55e-15,"ok","ok","ok",true,false,0,false,0,NaN,NaN,NaN,"",false,NaN,0,NaN,NaN,NaN,"",NaN,A_direct_ok,false,false,2.4
0.99,2.2894,fault,"fault bus 23 xf=0.02 apply","Int64[]","Int64[]","Int64[]",0.0,23,0.02,apply,4.90e-06,"ok","ok","ok",true,false,0,false,0,NaN,NaN,NaN,"",false,NaN,0,NaN,NaN,NaN,"",NaN,A_direct_ok,false,false,1.5
0.99,2.2894,fault,"fault bus 23 xf=0.02 clear@0.1","Int64[]","Int64[]","Int64[]",0.0,23,0.02,clear,3.55e-15,"ok","ok","ok",true,false,0,false,0,NaN,NaN,NaN,"",false,NaN,0,NaN,NaN,NaN,"",NaN,A_direct_ok,false,false,2.4
0.99,2.2894,fault,"fault bus 24 xf=0.001 apply","Int64[]","Int64[]","Int64[]",0.0,24,0.001,apply,4.90e-06,"ok","ok","ok",true,false,0,false,0,NaN,NaN,NaN,"",false,NaN,0,NaN,NaN,NaN,"",NaN,A_direct_ok,false,false,1.6
0.99,2.2894,fault,"fault bus 24 xf=0.001 clear@0.1","Int64[]","Int64[]","Int64[]",0.0,24,0.001,clear,3.08e-15,"ok","ok","ok",true,false,0,false,0,NaN,NaN,NaN,"",false,NaN,0,NaN,NaN,NaN,"",NaN,A_direct_ok,false,false,2.4
0.99,2.2894,fault,"fault bus 24 xf=0.005 apply","Int64[]","Int64[]","Int64[]",0.0,24,0.005,apply,4.90e-06,"ok","ok","ok",true,false,0,false,0,NaN,NaN,NaN,"",false,NaN,0,NaN,NaN,NaN,"",NaN,A_direct_ok,false,false,1.6
0.99,2.2894,fault,"fault bus 24 xf=0.005 clear@0.1","Int64[]","Int64[]","Int64[]",0.0,24,0.005,clear,3.76e-15,"ok","ok","ok",true,false,0,false,0,NaN,NaN,NaN,"",false,NaN,0,NaN,NaN,NaN,"",NaN,A_direct_ok,false,false,2.2
0.99,2.2894,fault,"fault bus 24 xf=0.02 apply","Int64[]","Int64[]","Int64[]",0.0,24,0.02,apply,4.90e-06,"ok","ok","ok",true,false,0,false,0,NaN,NaN,NaN,"",false,NaN,0,NaN,NaN,NaN,"",NaN,A_direct_ok,false,false,1.6
0.99,2.2894,fault,"fault bus 24 xf=0.02 clear@0.1","Int64[]","Int64[]","Int64[]",0.0,24,0.02,clear,3.76e-15,"ok","ok","ok",true,false,0,false,0,NaN,NaN,NaN,"",false,NaN,0,NaN,NaN,NaN,"",NaN,A_direct_ok,false,false,2.0
0.99,2.2894,fault,"fault bus 25 xf=0.001 apply","Int64[]","Int64[]","Int64[]",0.0,25,0.001,apply,4.90e-06,"ok","ok","ok",true,false,0,false,0,NaN,NaN,NaN,"",false,NaN,0,NaN,NaN,NaN,"",NaN,A_direct_ok,false,false,1.6
0.99,2.2894,fault,"fault bus 25 xf=0.001 clear@0.1","Int64[]","Int64[]","Int64[]",0.0,25,0.001,clear,2.65e-15,"ok","ok","ok",true,false,0,false,0,NaN,NaN,NaN,"",false,NaN,0,NaN,NaN,NaN,"",NaN,A_direct_ok,false,false,2.3
0.99,2.2894,fault,"fault bus 25 xf=0.005 apply","Int64[]","Int64[]","Int64[]",0.0,25,0.005,apply,4.90e-06,"ok","ok","ok",true,false,0,false,0,NaN,NaN,NaN,"",false,NaN,0,NaN,NaN,NaN,"",NaN,A_direct_ok,false,false,1.5
0.99,2.2894,fault,"fault bus 25 xf=0.005 clear@0.1","Int64[]","Int64[]","Int64[]",0.0,25,0.005,clear,4.16e-15,"ok","ok","ok",true,false,0,false,0,NaN,NaN,NaN,"",false,NaN,0,NaN,NaN,NaN,"",NaN,A_direct_ok,false,false,2.0
0.99,2.2894,fault,"fault bus 25 xf=0.02 apply","Int64[]","Int64[]","Int64[]",0.0,25,0.02,apply,4.90e-06,"ok","ok","ok",true,false,0,false,0,NaN,NaN,NaN,"",false,NaN,0,NaN,NaN,NaN,"",NaN,A_direct_ok,false,false,1.6
0.99,2.2894,fault,"fault bus 25 xf=0.02 clear@0.1","Int64[]","Int64[]","Int64[]",0.0,25,0.02,clear,2.63e-15,"ok","ok","ok",true,false,0,false,0,NaN,NaN,NaN,"",false,NaN,0,NaN,NaN,NaN,"",NaN,A_direct_ok,false,false,2.0
0.99,2.2894,fault,"fault bus 26 xf=0.001 apply","Int64[]","Int64[]","Int64[]",0.0,26,0.001,apply,4.90e-06,"ok","ok","ok",true,false,0,false,0,NaN,NaN,NaN,"",false,NaN,0,NaN,NaN,NaN,"",NaN,A_direct_ok,false,false,1.5
0.99,2.2894,fault,"fault bus 26 xf=0.001 clear@0.1","Int64[]","Int64[]","Int64[]",0.0,26,0.001,clear,3.55e-15,"ok","ok","ok",true,false,0,false,0,NaN,NaN,NaN,"",false,NaN,0,NaN,NaN,NaN,"",NaN,A_direct_ok,false,false,2.2
0.99,2.2894,fault,"fault bus 26 xf=0.005 apply","Int64[]","Int64[]","Int64[]",0.0,26,0.005,apply,4.90e-06,"ok","ok","ok",true,false,0,false,0,NaN,NaN,NaN,"",false,NaN,0,NaN,NaN,NaN,"",NaN,A_direct_ok,false,false,1.5
0.99,2.2894,fault,"fault bus 26 xf=0.005 clear@0.1","Int64[]","Int64[]","Int64[]",0.0,26,0.005,clear,4.13e-15,"ok","ok","ok",true,false,0,false,0,NaN,NaN,NaN,"",false,NaN,0,NaN,NaN,NaN,"",NaN,A_direct_ok,false,false,2.2
0.99,2.2894,fault,"fault bus 26 xf=0.02 apply","Int64[]","Int64[]","Int64[]",0.0,26,0.02,apply,4.90e-06,"ok","ok","ok",true,false,0,false,0,NaN,NaN,NaN,"",false,NaN,0,NaN,NaN,NaN,"",NaN,A_direct_ok,false,false,1.4
0.99,2.2894,fault,"fault bus 26 xf=0.02 clear@0.1","Int64[]","Int64[]","Int64[]",0.0,26,0.02,clear,4.49e-15,"ok","ok","ok",true,false,0,false,0,NaN,NaN,NaN,"",false,NaN,0,NaN,NaN,NaN,"",NaN,A_direct_ok,false,false,2.0
0.99,2.2894,fault,"fault bus 27 xf=0.001 apply","Int64[]","Int64[]","Int64[]",0.0,27,0.001,apply,4.90e-06,"ok","ok","ok",true,false,0,false,0,NaN,NaN,NaN,"",false,NaN,0,NaN,NaN,NaN,"",NaN,A_direct_ok,false,false,1.7
0.99,2.2894,fault,"fault bus 27 xf=0.001 clear@0.1","Int64[]","Int64[]","Int64[]",0.0,27,0.001,clear,3.57e-15,"ok","ok","ok",true,false,0,false,0,NaN,NaN,NaN,"",false,NaN,0,NaN,NaN,NaN,"",NaN,A_direct_ok,false,false,2.0
0.99,2.2894,fault,"fault bus 27 xf=0.005 apply","Int64[]","Int64[]","Int64[]",0.0,27,0.005,apply,4.90e-06,"ok","ok","ok",true,false,0,false,0,NaN,NaN,NaN,"",false,NaN,0,NaN,NaN,NaN,"",NaN,A_direct_ok,false,false,1.4
0.99,2.2894,fault,"fault bus 27 xf=0.005 clear@0.1","Int64[]","Int64[]","Int64[]",0.0,27,0.005,clear,4.21e-15,"ok","ok","ok",true,false,0,false,0,NaN,NaN,NaN,"",false,NaN,0,NaN,NaN,NaN,"",NaN,A_direct_ok,false,false,2.2
0.99,2.2894,fault,"fault bus 27 xf=0.02 apply","Int64[]","Int64[]","Int64[]",0.0,27,0.02,apply,4.90e-06,"ok","ok","ok",true,false,0,false,0,NaN,NaN,NaN,"",false,NaN,0,NaN,NaN,NaN,"",NaN,A_direct_ok,false,false,1.4
0.99,2.2894,fault,"fault bus 27 xf=0.02 clear@0.1","Int64[]","Int64[]","Int64[]",0.0,27,0.02,clear,2.66e-15,"ok","ok","ok",true,false,0,false,0,NaN,NaN,NaN,"",false,NaN,0,NaN,NaN,NaN,"",NaN,A_direct_ok,false,false,2.2
0.99,2.2894,fault,"fault bus 28 xf=0.001 apply","Int64[]","Int64[]","Int64[]",0.0,28,0.001,apply,4.90e-06,"ok","ok","ok",true,false,0,false,0,NaN,NaN,NaN,"",false,NaN,0,NaN,NaN,NaN,"",NaN,A_direct_ok,false,false,1.5
0.99,2.2894,fault,"fault bus 28 xf=0.001 clear@0.1","Int64[]","Int64[]","Int64[]",0.0,28,0.001,clear,4.51e-15,"ok","ok","ok",true,false,0,false,0,NaN,NaN,NaN,"",false,NaN,0,NaN,NaN,NaN,"",NaN,A_direct_ok,false,false,2.2
0.99,2.2894,fault,"fault bus 28 xf=0.005 apply","Int64[]","Int64[]","Int64[]",0.0,28,0.005,apply,4.90e-06,"ok","ok","ok",true,false,0,false,0,NaN,NaN,NaN,"",false,NaN,0,NaN,NaN,NaN,"",NaN,A_direct_ok,false,false,1.7
0.99,2.2894,fault,"fault bus 28 xf=0.005 clear@0.1","Int64[]","Int64[]","Int64[]",0.0,28,0.005,clear,3.55e-15,"ok","ok","ok",true,false,0,false,0,NaN,NaN,NaN,"",false,NaN,0,NaN,NaN,NaN,"",NaN,A_direct_ok,false,false,2.1
0.99,2.2894,fault,"fault bus 28 xf=0.02 apply","Int64[]","Int64[]","Int64[]",0.0,28,0.02,apply,4.90e-06,"ok","ok","ok",true,false,0,false,0,NaN,NaN,NaN,"",false,NaN,0,NaN,NaN,NaN,"",NaN,A_direct_ok,false,false,1.5
0.99,2.2894,fault,"fault bus 28 xf=0.02 clear@0.1","Int64[]","Int64[]","Int64[]",0.0,28,0.02,clear,4.05e-15,"ok","ok","ok",true,false,0,false,0,NaN,NaN,NaN,"",false,NaN,0,NaN,NaN,NaN,"",NaN,A_direct_ok,false,false,2.2
0.99,2.2894,fault,"fault bus 29 xf=0.001 apply","Int64[]","Int64[]","Int64[]",0.0,29,0.001,apply,4.90e-06,"ok","ok","ok",true,false,0,false,0,NaN,NaN,NaN,"",false,NaN,0,NaN,NaN,NaN,"",NaN,A_direct_ok,false,false,1.7
0.99,2.2894,fault,"fault bus 29 xf=0.001 clear@0.1","Int64[]","Int64[]","Int64[]",0.0,29,0.001,clear,3.55e-15,"ok","ok","ok",true,false,0,false,0,NaN,NaN,NaN,"",false,NaN,0,NaN,NaN,NaN,"",NaN,A_direct_ok,false,false,2.4
0.99,2.2894,fault,"fault bus 29 xf=0.005 apply","Int64[]","Int64[]","Int64[]",0.0,29,0.005,apply,4.90e-06,"ok","ok","ok",true,false,0,false,0,NaN,NaN,NaN,"",false,NaN,0,NaN,NaN,NaN,"",NaN,A_direct_ok,false,false,1.6
0.99,2.2894,fault,"fault bus 29 xf=0.005 clear@0.1","Int64[]","Int64[]","Int64[]",0.0,29,0.005,clear,3.81e-15,"ok","ok","ok",true,false,0,false,0,NaN,NaN,NaN,"",false,NaN,0,NaN,NaN,NaN,"",NaN,A_direct_ok,false,false,2.2
0.99,2.2894,fault,"fault bus 29 xf=0.02 apply","Int64[]","Int64[]","Int64[]",0.0,29,0.02,apply,4.90e-06,"ok","ok","ok",true,false,0,false,0,NaN,NaN,NaN,"",false,NaN,0,NaN,NaN,NaN,"",NaN,A_direct_ok,false,false,1.6
0.99,2.2894,fault,"fault bus 29 xf=0.02 clear@0.1","Int64[]","Int64[]","Int64[]",0.0,29,0.02,clear,2.85e-15,"ok","ok","ok",true,false,0,false,0,NaN,NaN,NaN,"",false,NaN,0,NaN,NaN,NaN,"",NaN,A_direct_ok,false,false,2.0
0.99,2.2894,fault,"fault bus 30 xf=0.001 apply","Int64[]","Int64[]","Int64[]",0.0,30,0.001,apply,4.90e-06,"ok","ok","ok",true,false,0,false,0,NaN,NaN,NaN,"",false,NaN,0,NaN,NaN,NaN,"",NaN,A_direct_ok,false,false,1.7
0.99,2.2894,fault,"fault bus 30 xf=0.001 clear@0.1","Int64[]","Int64[]","Int64[]",0.0,30,0.001,clear,3.55e-15,"ok","ok","ok",true,false,0,false,0,NaN,NaN,NaN,"",false,NaN,0,NaN,NaN,NaN,"",NaN,A_direct_ok,false,false,2.0
0.99,2.2894,fault,"fault bus 30 xf=0.005 apply","Int64[]","Int64[]","Int64[]",0.0,30,0.005,apply,4.90e-06,"ok","ok","ok",true,false,0,false,0,NaN,NaN,NaN,"",false,NaN,0,NaN,NaN,NaN,"",NaN,A_direct_ok,false,false,1.5
0.99,2.2894,fault,"fault bus 30 xf=0.005 clear@0.1","Int64[]","Int64[]","Int64[]",0.0,30,0.005,clear,3.79e-15,"ok","ok","ok",true,false,0,false,0,NaN,NaN,NaN,"",false,NaN,0,NaN,NaN,NaN,"",NaN,A_direct_ok,false,false,2.1
0.99,2.2894,fault,"fault bus 30 xf=0.02 apply","Int64[]","Int64[]","Int64[]",0.0,30,0.02,apply,4.90e-06,"ok","ok","ok",true,false,0,false,0,NaN,NaN,NaN,"",false,NaN,0,NaN,NaN,NaN,"",NaN,A_direct_ok,false,false,1.4
0.99,2.2894,fault,"fault bus 30 xf=0.02 clear@0.1","Int64[]","Int64[]","Int64[]",0.0,30,0.02,clear,4.00e-15,"ok","ok","ok",true,false,0,false,0,NaN,NaN,NaN,"",false,NaN,0,NaN,NaN,NaN,"",NaN,A_direct_ok,false,false,2.0
0.99,2.2894,fault,"fault bus 31 xf=0.001 apply","Int64[]","Int64[]","Int64[]",0.0,31,0.001,apply,4.90e-06,"ok","ok","ok",true,false,0,false,0,NaN,NaN,NaN,"",false,NaN,0,NaN,NaN,NaN,"",NaN,A_direct_ok,false,false,1.8
0.99,2.2894,fault,"fault bus 31 xf=0.001 clear@0.1","Int64[]","Int64[]","Int64[]",0.0,31,0.001,clear,3.90e-15,"ok","ok","ok",true,false,0,false,0,NaN,NaN,NaN,"",false,NaN,0,NaN,NaN,NaN,"",NaN,A_direct_ok,false,false,2.5
0.99,2.2894,fault,"fault bus 31 xf=0.005 apply","Int64[]","Int64[]","Int64[]",0.0,31,0.005,apply,4.90e-06,"ok","ok","ok",true,false,0,false,0,NaN,NaN,NaN,"",false,NaN,0,NaN,NaN,NaN,"",NaN,A_direct_ok,false,false,1.9
0.99,2.2894,fault,"fault bus 31 xf=0.005 clear@0.1","Int64[]","Int64[]","Int64[]",0.0,31,0.005,clear,3.55e-15,"ok","ok","ok",true,false,0,false,0,NaN,NaN,NaN,"",false,NaN,0,NaN,NaN,NaN,"",NaN,A_direct_ok,false,false,2.4
0.99,2.2894,fault,"fault bus 31 xf=0.02 apply","Int64[]","Int64[]","Int64[]",0.0,31,0.02,apply,4.90e-06,"ok","ok","ok",true,false,0,false,0,NaN,NaN,NaN,"",false,NaN,0,NaN,NaN,NaN,"",NaN,A_direct_ok,false,false,1.7
0.99,2.2894,fault,"fault bus 31 xf=0.02 clear@0.1","Int64[]","Int64[]","Int64[]",0.0,31,0.02,clear,3.55e-15,"ok","ok","ok",true,false,0,false,0,NaN,NaN,NaN,"",false,NaN,0,NaN,NaN,NaN,"",NaN,A_direct_ok,false,false,2.1
0.99,2.2894,fault,"fault bus 32 xf=0.001 apply","Int64[]","Int64[]","Int64[]",0.0,32,0.001,apply,4.90e-06,"ok","ok","ok",true,false,0,false,0,NaN,NaN,NaN,"",false,NaN,0,NaN,NaN,NaN,"",NaN,A_direct_ok,false,false,1.7
0.99,2.2894,fault,"fault bus 32 xf=0.001 clear@0.1","Int64[]","Int64[]","Int64[]",0.0,32,0.001,clear,4.36e-15,"ok","ok","ok",true,false,0,false,0,NaN,NaN,NaN,"",false,NaN,0,NaN,NaN,NaN,"",NaN,A_direct_ok,false,false,2.7
0.99,2.2894,fault,"fault bus 32 xf=0.005 apply","Int64[]","Int64[]","Int64[]",0.0,32,0.005,apply,4.90e-06,"ok","ok","ok",true,false,0,false,0,NaN,NaN,NaN,"",false,NaN,0,NaN,NaN,NaN,"",NaN,A_direct_ok,false,false,1.7
0.99,2.2894,fault,"fault bus 32 xf=0.005 clear@0.1","Int64[]","Int64[]","Int64[]",0.0,32,0.005,clear,3.55e-15,"ok","ok","ok",true,false,0,false,0,NaN,NaN,NaN,"",false,NaN,0,NaN,NaN,NaN,"",NaN,A_direct_ok,false,false,2.7
0.99,2.2894,fault,"fault bus 32 xf=0.02 apply","Int64[]","Int64[]","Int64[]",0.0,32,0.02,apply,4.90e-06,"ok","ok","ok",true,false,0,false,0,NaN,NaN,NaN,"",false,NaN,0,NaN,NaN,NaN,"",NaN,A_direct_ok,false,false,1.6
0.99,2.2894,fault,"fault bus 32 xf=0.02 clear@0.1","Int64[]","Int64[]","Int64[]",0.0,32,0.02,clear,5.22e-15,"ok","ok","ok",true,false,0,false,0,NaN,NaN,NaN,"",false,NaN,0,NaN,NaN,NaN,"",NaN,A_direct_ok,false,false,2.4
0.99,2.2894,fault,"fault bus 33 xf=0.001 apply","Int64[]","Int64[]","Int64[]",0.0,33,0.001,apply,4.90e-06,"ok","ok","ok",true,false,0,false,0,NaN,NaN,NaN,"",false,NaN,0,NaN,NaN,NaN,"",NaN,A_direct_ok,false,false,1.6
0.99,2.2894,fault,"fault bus 33 xf=0.001 clear@0.1","Int64[]","Int64[]","Int64[]",0.0,33,0.001,clear,2.99e-15,"ok","ok","ok",true,false,0,false,0,NaN,NaN,NaN,"",false,NaN,0,NaN,NaN,NaN,"",NaN,A_direct_ok,false,false,2.4
0.99,2.2894,fault,"fault bus 33 xf=0.005 apply","Int64[]","Int64[]","Int64[]",0.0,33,0.005,apply,4.90e-06,"ok","ok","ok",true,false,0,false,0,NaN,NaN,NaN,"",false,NaN,0,NaN,NaN,NaN,"",NaN,A_direct_ok,false,false,1.8
0.99,2.2894,fault,"fault bus 33 xf=0.005 clear@0.1","Int64[]","Int64[]","Int64[]",0.0,33,0.005,clear,2.95e-15,"ok","ok","ok",true,false,0,false,0,NaN,NaN,NaN,"",false,NaN,0,NaN,NaN,NaN,"",NaN,A_direct_ok,false,false,2.2
0.99,2.2894,fault,"fault bus 33 xf=0.02 apply","Int64[]","Int64[]","Int64[]",0.0,33,0.02,apply,4.90e-06,"ok","ok","ok",true,false,0,false,0,NaN,NaN,NaN,"",false,NaN,0,NaN,NaN,NaN,"",NaN,A_direct_ok,false,false,1.5
0.99,2.2894,fault,"fault bus 33 xf=0.02 clear@0.1","Int64[]","Int64[]","Int64[]",0.0,33,0.02,clear,2.66e-15,"ok","ok","ok",true,false,0,false,0,NaN,NaN,NaN,"",false,NaN,0,NaN,NaN,NaN,"",NaN,A_direct_ok,false,false,2.2
0.99,2.2894,fault,"fault bus 34 xf=0.001 apply","Int64[]","Int64[]","Int64[]",0.0,34,0.001,apply,4.90e-06,"ok","ok","ok",true,false,0,false,0,NaN,NaN,NaN,"",false,NaN,0,NaN,NaN,NaN,"",NaN,A_direct_ok,false,false,1.6
0.99,2.2894,fault,"fault bus 34 xf=0.001 clear@0.1","Int64[]","Int64[]","Int64[]",0.0,34,0.001,clear,4.79e-15,"ok","ok","ok",true,false,0,false,0,NaN,NaN,NaN,"",false,NaN,0,NaN,NaN,NaN,"",NaN,A_direct_ok,false,false,2.4
0.99,2.2894,fault,"fault bus 34 xf=0.005 apply","Int64[]","Int64[]","Int64[]",0.0,34,0.005,apply,4.90e-06,"ok","ok","ok",true,false,0,false,0,NaN,NaN,NaN,"",false,NaN,0,NaN,NaN,NaN,"",NaN,A_direct_ok,false,false,1.7
0.99,2.2894,fault,"fault bus 34 xf=0.005 clear@0.1","Int64[]","Int64[]","Int64[]",0.0,34,0.005,clear,3.81e-15,"ok","ok","ok",true,false,0,false,0,NaN,NaN,NaN,"",false,NaN,0,NaN,NaN,NaN,"",NaN,A_direct_ok,false,false,2.4
0.99,2.2894,fault,"fault bus 34 xf=0.02 apply","Int64[]","Int64[]","Int64[]",0.0,34,0.02,apply,4.90e-06,"ok","ok","ok",true,false,0,false,0,NaN,NaN,NaN,"",false,NaN,0,NaN,NaN,NaN,"",NaN,A_direct_ok,false,false,1.5
0.99,2.2894,fault,"fault bus 34 xf=0.02 clear@0.1","Int64[]","Int64[]","Int64[]",0.0,34,0.02,clear,3.58e-15,"ok","ok","ok",true,false,0,false,0,NaN,NaN,NaN,"",false,NaN,0,NaN,NaN,NaN,"",NaN,A_direct_ok,false,false,2.2
0.99,2.2894,fault,"fault bus 35 xf=0.001 apply","Int64[]","Int64[]","Int64[]",0.0,35,0.001,apply,4.90e-06,"ok","ok","ok",true,false,0,false,0,NaN,NaN,NaN,"",false,NaN,0,NaN,NaN,NaN,"",NaN,A_direct_ok,false,false,1.8
0.99,2.2894,fault,"fault bus 35 xf=0.001 clear@0.1","Int64[]","Int64[]","Int64[]",0.0,35,0.001,clear,3.10e-15,"ok","ok","ok",true,false,0,false,0,NaN,NaN,NaN,"",false,NaN,0,NaN,NaN,NaN,"",NaN,A_direct_ok,false,false,2.4
0.99,2.2894,fault,"fault bus 35 xf=0.005 apply","Int64[]","Int64[]","Int64[]",0.0,35,0.005,apply,4.90e-06,"ok","ok","ok",true,false,0,false,0,NaN,NaN,NaN,"",false,NaN,0,NaN,NaN,NaN,"",NaN,A_direct_ok,false,false,1.8
0.99,2.2894,fault,"fault bus 35 xf=0.005 clear@0.1","Int64[]","Int64[]","Int64[]",0.0,35,0.005,clear,3.55e-15,"ok","ok","ok",true,false,0,false,0,NaN,NaN,NaN,"",false,NaN,0,NaN,NaN,NaN,"",NaN,A_direct_ok,false,false,2.2
0.99,2.2894,fault,"fault bus 35 xf=0.02 apply","Int64[]","Int64[]","Int64[]",0.0,35,0.02,apply,4.90e-06,"ok","ok","ok",true,false,0,false,0,NaN,NaN,NaN,"",false,NaN,0,NaN,NaN,NaN,"",NaN,A_direct_ok,false,false,1.5
0.99,2.2894,fault,"fault bus 35 xf=0.02 clear@0.1","Int64[]","Int64[]","Int64[]",0.0,35,0.02,clear,3.55e-15,"ok","ok","ok",true,false,0,false,0,NaN,NaN,NaN,"",false,NaN,0,NaN,NaN,NaN,"",NaN,A_direct_ok,false,false,2.3
0.99,2.2894,fault,"fault bus 36 xf=0.001 apply","Int64[]","Int64[]","Int64[]",0.0,36,0.001,apply,4.90e-06,"ok","ok","ok",true,false,0,false,0,NaN,NaN,NaN,"",false,NaN,0,NaN,NaN,NaN,"",NaN,A_direct_ok,false,false,1.6
0.99,2.2894,fault,"fault bus 36 xf=0.001 clear@0.1","Int64[]","Int64[]","Int64[]",0.0,36,0.001,clear,3.55e-15,"ok","ok","ok",true,false,0,false,0,NaN,NaN,NaN,"",false,NaN,0,NaN,NaN,NaN,"",NaN,A_direct_ok,false,false,2.6
0.99,2.2894,fault,"fault bus 36 xf=0.005 apply","Int64[]","Int64[]","Int64[]",0.0,36,0.005,apply,4.90e-06,"ok","ok","ok",true,false,0,false,0,NaN,NaN,NaN,"",false,NaN,0,NaN,NaN,NaN,"",NaN,A_direct_ok,false,false,1.7
0.99,2.2894,fault,"fault bus 36 xf=0.005 clear@0.1","Int64[]","Int64[]","Int64[]",0.0,36,0.005,clear,6.89e-15,"ok","ok","ok",true,false,0,false,0,NaN,NaN,NaN,"",false,NaN,0,NaN,NaN,NaN,"",NaN,A_direct_ok,false,false,2.2
0.99,2.2894,fault,"fault bus 36 xf=0.02 apply","Int64[]","Int64[]","Int64[]",0.0,36,0.02,apply,4.90e-06,"ok","ok","ok",true,false,0,false,0,NaN,NaN,NaN,"",false,NaN,0,NaN,NaN,NaN,"",NaN,A_direct_ok,false,false,1.7
0.99,2.2894,fault,"fault bus 36 xf=0.02 clear@0.1","Int64[]","Int64[]","Int64[]",0.0,36,0.02,clear,2.38e-15,"ok","ok","ok",true,false,0,false,0,NaN,NaN,NaN,"",false,NaN,0,NaN,NaN,NaN,"",NaN,A_direct_ok,false,false,2.2
0.99,2.2894,fault,"fault bus 37 xf=0.001 apply","Int64[]","Int64[]","Int64[]",0.0,37,0.001,apply,4.90e-06,"ok","ok","ok",true,false,0,false,0,NaN,NaN,NaN,"",false,NaN,0,NaN,NaN,NaN,"",NaN,A_direct_ok,false,false,1.5
0.99,2.2894,fault,"fault bus 37 xf=0.001 clear@0.1","Int64[]","Int64[]","Int64[]",0.0,37,0.001,clear,7.11e-15,"ok","ok","ok",true,false,0,false,0,NaN,NaN,NaN,"",false,NaN,0,NaN,NaN,NaN,"",NaN,A_direct_ok,false,false,2.2
0.99,2.2894,fault,"fault bus 37 xf=0.005 apply","Int64[]","Int64[]","Int64[]",0.0,37,0.005,apply,4.90e-06,"ok","ok","ok",true,false,0,false,0,NaN,NaN,NaN,"",false,NaN,0,NaN,NaN,NaN,"",NaN,A_direct_ok,false,false,1.5
0.99,2.2894,fault,"fault bus 37 xf=0.005 clear@0.1","Int64[]","Int64[]","Int64[]",0.0,37,0.005,clear,3.56e-15,"ok","ok","ok",true,false,0,false,0,NaN,NaN,NaN,"",false,NaN,0,NaN,NaN,NaN,"",NaN,A_direct_ok,false,false,2.2
0.99,2.2894,fault,"fault bus 37 xf=0.02 apply","Int64[]","Int64[]","Int64[]",0.0,37,0.02,apply,4.90e-06,"ok","ok","ok",true,false,0,false,0,NaN,NaN,NaN,"",false,NaN,0,NaN,NaN,NaN,"",NaN,A_direct_ok,false,false,1.5
0.99,2.2894,fault,"fault bus 37 xf=0.02 clear@0.1","Int64[]","Int64[]","Int64[]",0.0,37,0.02,clear,5.33e-15,"ok","ok","ok",true,false,0,false,0,NaN,NaN,NaN,"",false,NaN,0,NaN,NaN,NaN,"",NaN,A_direct_ok,false,false,2.0
0.99,2.2894,fault,"fault bus 38 xf=0.001 apply","Int64[]","Int64[]","Int64[]",0.0,38,0.001,apply,4.90e-06,"ok","ok","ok",true,false,0,false,0,NaN,NaN,NaN,"",false,NaN,0,NaN,NaN,NaN,"",NaN,A_direct_ok,false,false,1.9
0.99,2.2894,fault,"fault bus 38 xf=0.001 clear@0.1","Int64[]","Int64[]","Int64[]",0.0,38,0.001,clear,5.19e-15,"ok","ok","ok",true,false,0,false,0,NaN,NaN,NaN,"",false,NaN,0,NaN,NaN,NaN,"",NaN,A_direct_ok,false,false,2.3
0.99,2.2894,fault,"fault bus 38 xf=0.005 apply","Int64[]","Int64[]","Int64[]",0.0,38,0.005,apply,4.90e-06,"ok","ok","ok",true,false,0,false,0,NaN,NaN,NaN,"",false,NaN,0,NaN,NaN,NaN,"",NaN,A_direct_ok,false,false,1.6
0.99,2.2894,fault,"fault bus 38 xf=0.005 clear@0.1","Int64[]","Int64[]","Int64[]",0.0,38,0.005,clear,3.90e-15,"ok","ok","ok",true,false,0,false,0,NaN,NaN,NaN,"",false,NaN,0,NaN,NaN,NaN,"",NaN,A_direct_ok,false,false,2.4
0.99,2.2894,fault,"fault bus 38 xf=0.02 apply","Int64[]","Int64[]","Int64[]",0.0,38,0.02,apply,4.90e-06,"ok","ok","ok",true,false,0,false,0,NaN,NaN,NaN,"",false,NaN,0,NaN,NaN,NaN,"",NaN,A_direct_ok,false,false,1.5
0.99,2.2894,fault,"fault bus 38 xf=0.02 clear@0.1","Int64[]","Int64[]","Int64[]",0.0,38,0.02,clear,3.69e-15,"ok","ok","ok",true,false,0,false,0,NaN,NaN,NaN,"",false,NaN,0,NaN,NaN,NaN,"",NaN,A_direct_ok,false,false,2.1
0.99,2.2894,faultline,"fault bus 1 xf=0.001 cleared by trip 1-2","[1]","Int64[]","Int64[]",0.0,1,0.001,clear,3.44e-15,"ok","ok","ok",true,false,0,false,0,NaN,NaN,NaN,"",false,NaN,0,NaN,NaN,NaN,"",NaN,A_direct_ok,false,false,2.0
0.99,2.2894,faultline,"fault bus 1 xf=0.005 cleared by trip 1-2","[1]","Int64[]","Int64[]",0.0,1,0.005,clear,7.11e-15,"ok","ok","ok",true,false,0,false,0,NaN,NaN,NaN,"",false,NaN,0,NaN,NaN,NaN,"",NaN,A_direct_ok,false,false,2.1
0.99,2.2894,faultline,"fault bus 1 xf=0.001 cleared by trip 1-39","[2]","Int64[]","Int64[]",0.0,1,0.001,clear,3.44e-15,"ok","ok","ok",true,false,0,false,0,NaN,NaN,NaN,"",false,NaN,0,NaN,NaN,NaN,"",NaN,A_direct_ok,false,false,2.0
0.99,2.2894,faultline,"fault bus 1 xf=0.005 cleared by trip 1-39","[2]","Int64[]","Int64[]",0.0,1,0.005,clear,7.11e-15,"ok","ok","ok",true,false,0,false,0,NaN,NaN,NaN,"",false,NaN,0,NaN,NaN,NaN,"",NaN,A_direct_ok,false,false,2.0
0.99,2.2894,faultline,"fault bus 2 xf=0.001 cleared by trip 2-3","[3]","Int64[]","Int64[]",0.0,2,0.001,clear,1.42e-14,"ok","ok","ok",true,false,0,false,0,NaN,NaN,NaN,"",false,NaN,0,NaN,NaN,NaN,"",NaN,A_direct_ok,false,false,2.4
0.99,2.2894,faultline,"fault bus 2 xf=0.005 cleared by trip 2-3","[3]","Int64[]","Int64[]",0.0,2,0.005,clear,7.11e-15,"ok","ok","ok",true,false,0,false,0,NaN,NaN,NaN,"",false,NaN,0,NaN,NaN,NaN,"",NaN,A_direct_ok,false,false,2.1
0.99,2.2894,faultline,"fault bus 2 xf=0.001 cleared by trip 2-25","[4]","Int64[]","Int64[]",0.0,2,0.001,clear,1.42e-14,"ok","ok","ok",true,false,0,false,0,NaN,NaN,NaN,"",false,NaN,0,NaN,NaN,NaN,"",NaN,A_direct_ok,false,false,2.2
0.99,2.2894,faultline,"fault bus 2 xf=0.005 cleared by trip 2-25","[4]","Int64[]","Int64[]",0.0,2,0.005,clear,7.11e-15,"ok","ok","ok",true,false,0,false,0,NaN,NaN,NaN,"",false,NaN,0,NaN,NaN,NaN,"",NaN,A_direct_ok,false,false,2.0
0.99,2.2894,faultline,"fault bus 3 xf=0.001 cleared by trip 3-4","[5]","Int64[]","Int64[]",0.0,3,0.001,clear,7.11e-15,"ok","ok","ok",true,false,0,false,0,NaN,NaN,NaN,"",false,NaN,0,NaN,NaN,NaN,"",NaN,A_direct_ok,false,false,2.4
0.99,2.2894,faultline,"fault bus 3 xf=0.005 cleared by trip 3-4","[5]","Int64[]","Int64[]",0.0,3,0.005,clear,3.50e-15,"ok","ok","ok",true,false,0,false,0,NaN,NaN,NaN,"",false,NaN,0,NaN,NaN,NaN,"",NaN,A_direct_ok,false,false,2.0
0.99,2.2894,faultline,"fault bus 3 xf=0.001 cleared by trip 3-18","[6]","Int64[]","Int64[]",0.0,3,0.001,clear,7.11e-15,"ok","ok","ok",true,false,0,false,0,NaN,NaN,NaN,"",false,NaN,0,NaN,NaN,NaN,"",NaN,A_direct_ok,false,false,2.4
0.99,2.2894,faultline,"fault bus 3 xf=0.005 cleared by trip 3-18","[6]","Int64[]","Int64[]",0.0,3,0.005,clear,3.50e-15,"ok","ok","ok",true,false,0,false,0,NaN,NaN,NaN,"",false,NaN,0,NaN,NaN,NaN,"",NaN,A_direct_ok,false,false,2.0
0.99,2.2894,faultline,"fault bus 4 xf=0.001 cleared by trip 4-5","[7]","Int64[]","Int64[]",0.0,4,0.001,clear,3.10e-15,"ok","ok","ok",true,false,0,false,0,NaN,NaN,NaN,"",false,NaN,0,NaN,NaN,NaN,"",NaN,A_direct_ok,false,false,2.6
0.99,2.2894,faultline,"fault bus 4 xf=0.005 cleared by trip 4-5","[7]","Int64[]","Int64[]",0.0,4,0.005,clear,7.11e-15,"ok","ok","ok",true,false,0,false,0,NaN,NaN,NaN,"",false,NaN,0,NaN,NaN,NaN,"",NaN,A_direct_ok,false,false,2.2
0.99,2.2894,faultline,"fault bus 4 xf=0.001 cleared by trip 4-14","[8]","Int64[]","Int64[]",0.0,4,0.001,clear,3.10e-15,"ok","ok","ok",true,false,0,false,0,NaN,NaN,NaN,"",false,NaN,0,NaN,NaN,NaN,"",NaN,A_direct_ok,false,false,2.6
0.99,2.2894,faultline,"fault bus 4 xf=0.005 cleared by trip 4-14","[8]","Int64[]","Int64[]",0.0,4,0.005,clear,7.11e-15,"ok","ok","ok",true,false,0,false,0,NaN,NaN,NaN,"",false,NaN,0,NaN,NaN,NaN,"",NaN,A_direct_ok,false,false,2.2
0.99,2.2894,faultline,"fault bus 5 xf=0.001 cleared by trip 5-6","[9]","Int64[]","Int64[]",0.0,5,0.001,clear,3.55e-15,"spurious(kcl=9.7e+00)","ok","ok",false,false,1,true,5,6.13e-15,5.77e-15,0.594,"h=0.01/0.2 spurious(kcl=9.7e+00); h=0.01/0.3 spurious(kcl=5.5e+01); h=0.001/0.05 ok",true,1.0,225,4.22e-15,5.55e-15,0.594,"h=0.01/0.2 spurious(kcl=9.7e+00); h=0.01/0.3 spurious(kcl=5.5e+01); h=0.001/0.05 ok",3.55e-15,reinit_then_fails,false,false,9.8
0.99,2.2894,faultline,"fault bus 5 xf=0.005 cleared by trip 5-6","[9]","Int64[]","Int64[]",0.0,5,0.005,clear,3.72e-15,"ok","ok","ok",true,false,0,false,0,NaN,NaN,NaN,"",false,NaN,0,NaN,NaN,NaN,"",NaN,A_direct_ok,false,false,2.6
0.99,2.2894,faultline,"fault bus 5 xf=0.001 cleared by trip 5-8","[10]","Int64[]","Int64[]",0.0,5,0.001,clear,3.55e-15,"ok","ok","ok",true,false,0,false,0,NaN,NaN,NaN,"",false,NaN,0,NaN,NaN,NaN,"",NaN,A_direct_ok,false,false,2.5
0.99,2.2894,faultline,"fault bus 5 xf=0.005 cleared by trip 5-8","[10]","Int64[]","Int64[]",0.0,5,0.005,clear,3.72e-15,"ok","ok","ok",true,false,0,false,0,NaN,NaN,NaN,"",false,NaN,0,NaN,NaN,NaN,"",NaN,A_direct_ok,false,false,2.6
0.99,2.2894,faultline,"fault bus 6 xf=0.001 cleared by trip 6-7","[11]","Int64[]","Int64[]",0.0,6,0.001,clear,5.51e-15,"ok","ok","ok",true,false,0,false,0,NaN,NaN,NaN,"",false,NaN,0,NaN,NaN,NaN,"",NaN,A_direct_ok,false,false,2.7
0.99,2.2894,faultline,"fault bus 6 xf=0.005 cleared by trip 6-7","[11]","Int64[]","Int64[]",0.0,6,0.005,clear,5.56e-15,"ok","ok","ok",true,false,0,false,0,NaN,NaN,NaN,"",false,NaN,0,NaN,NaN,NaN,"",NaN,A_direct_ok,false,false,2.4
0.99,2.2894,faultline,"fault bus 6 xf=0.001 cleared by trip 6-11","[12]","Int64[]","Int64[]",0.0,6,0.001,clear,5.51e-15,"spurious(kcl=1.6e+01)","ok","ok",false,false,1,true,5,4.25e-15,5.33e-15,0.597,"h=0.01/0.2 spurious(kcl=1.6e+01); h=0.01/0.3 spurious(kcl=4.6e+01); h=0.001/0.05 ok",true,1.0,227,3.98e-15,7.11e-15,0.597,"h=0.01/0.2 spurious(kcl=1.6e+01); h=0.01/0.3 spurious(kcl=4.6e+01); h=0.001/0.05 ok",5.33e-15,reinit_then_fails,false,false,10.0
0.99,2.2894,faultline,"fault bus 6 xf=0.005 cleared by trip 6-11","[12]","Int64[]","Int64[]",0.0,6,0.005,clear,5.56e-15,"ok","ok","ok",true,false,0,false,0,NaN,NaN,NaN,"",false,NaN,0,NaN,NaN,NaN,"",NaN,A_direct_ok,false,false,2.6
0.99,2.2894,faultline,"fault bus 7 xf=0.001 cleared by trip 7-8","[13]","Int64[]","Int64[]",0.0,7,0.001,clear,3.55e-15,"ok","ok","ok",true,false,0,false,0,NaN,NaN,NaN,"",false,NaN,0,NaN,NaN,NaN,"",NaN,A_direct_ok,false,false,2.4
0.99,2.2894,faultline,"fault bus 7 xf=0.005 cleared by trip 7-8","[13]","Int64[]","Int64[]",0.0,7,0.005,clear,4.84e-15,"ok","ok","ok",true,false,0,false,0,NaN,NaN,NaN,"",false,NaN,0,NaN,NaN,NaN,"",NaN,A_direct_ok,false,false,2.4
0.99,2.2894,faultline,"fault bus 8 xf=0.001 cleared by trip 8-9","[14]","Int64[]","Int64[]",0.0,8,0.001,clear,3.41e-15,"ok","ok","ok",true,false,0,false,0,NaN,NaN,NaN,"",false,NaN,0,NaN,NaN,NaN,"",NaN,A_direct_ok,false,false,2.5
0.99,2.2894,faultline,"fault bus 8 xf=0.005 cleared by trip 8-9","[14]","Int64[]","Int64[]",0.0,8,0.005,clear,3.33e-15,"ok","ok","ok",true,false,0,false,0,NaN,NaN,NaN,"",false,NaN,0,NaN,NaN,NaN,"",NaN,A_direct_ok,false,false,2.5
0.99,2.2894,faultline,"fault bus 9 xf=0.001 cleared by trip 9-39","[15]","Int64[]","Int64[]",0.0,9,0.001,clear,4.44e-15,"ok","ok","ok",true,false,0,false,0,NaN,NaN,NaN,"",false,NaN,0,NaN,NaN,NaN,"",NaN,A_direct_ok,false,false,2.2
0.99,2.2894,faultline,"fault bus 9 xf=0.005 cleared by trip 9-39","[15]","Int64[]","Int64[]",0.0,9,0.005,clear,7.11e-15,"ok","ok","ok",true,false,0,false,0,NaN,NaN,NaN,"",false,NaN,0,NaN,NaN,NaN,"",NaN,A_direct_ok,false,false,2.3
0.99,2.2894,faultline,"fault bus 10 xf=0.001 cleared by trip 10-11","[16]","Int64[]","Int64[]",0.0,10,0.001,clear,6.22e-15,"ok","ok","ok",true,false,0,false,0,NaN,NaN,NaN,"",false,NaN,0,NaN,NaN,NaN,"",NaN,A_direct_ok,false,false,2.5
0.99,2.2894,faultline,"fault bus 10 xf=0.005 cleared by trip 10-11","[16]","Int64[]","Int64[]",0.0,10,0.005,clear,2.25e-15,"ok","ok","ok",true,false,0,false,0,NaN,NaN,NaN,"",false,NaN,0,NaN,NaN,NaN,"",NaN,A_direct_ok,false,false,2.6
0.99,2.2894,faultline,"fault bus 10 xf=0.001 cleared by trip 10-13","[17]","Int64[]","Int64[]",0.0,10,0.001,clear,6.22e-15,"spurious(kcl=1.4e+01)","ok","ok",false,false,1,true,5,3.91e-15,7.11e-15,0.596,"h=0.01/0.2 spurious(kcl=1.4e+01); h=0.01/0.3 spurious(kcl=5.7e+01); h=0.001/0.05 ok",true,1.0,225,3.55e-15,7.11e-15,0.596,"h=0.01/0.2 spurious(kcl=1.4e+01); h=0.01/0.3 spurious(kcl=5.7e+01); h=0.001/0.05 ok",5.33e-15,reinit_then_fails,false,false,10.0
0.99,2.2894,faultline,"fault bus 10 xf=0.005 cleared by trip 10-13","[17]","Int64[]","Int64[]",0.0,10,0.005,clear,2.25e-15,"spurious(kcl=1.5e+00)","ok","ok",false,false,1,true,5,5.30e-15,7.11e-15,0.613,"h=0.01/0.2 spurious(kcl=1.5e+00); h=0.01/0.3 spurious(kcl=4.1e+01); h=0.001/0.05 ok",true,1.0,219,4.35e-15,6.30e-15,0.613,"h=0.01/0.2 spurious(kcl=1.5e+00); h=0.01/0.3 spurious(kcl=4.1e+01); h=0.001/0.05 ok",3.55e-15,reinit_then_fails,false,false,9.9
0.99,2.2894,faultline,"fault bus 13 xf=0.001 cleared by trip 13-14","[18]","Int64[]","Int64[]",0.0,13,0.001,clear,3.00e-15,"ok","ok","ok",true,false,0,false,0,NaN,NaN,NaN,"",false,NaN,0,NaN,NaN,NaN,"",NaN,A_direct_ok,false,false,2.4
0.99,2.2894,faultline,"fault bus 13 xf=0.005 cleared by trip 13-14","[18]","Int64[]","Int64[]",0.0,13,0.005,clear,4.22e-15,"ok","ok","ok",true,false,0,false,0,NaN,NaN,NaN,"",false,NaN,0,NaN,NaN,NaN,"",NaN,A_direct_ok,false,false,2.6
0.99,2.2894,faultline,"fault bus 14 xf=0.001 cleared by trip 14-15","[19]","Int64[]","Int64[]",0.0,14,0.001,clear,2.92e-15,"ok","ok","ok",true,false,0,false,0,NaN,NaN,NaN,"",false,NaN,0,NaN,NaN,NaN,"",NaN,A_direct_ok,false,false,2.4
0.99,2.2894,faultline,"fault bus 14 xf=0.005 cleared by trip 14-15","[19]","Int64[]","Int64[]",0.0,14,0.005,clear,4.72e-15,"ok","ok","ok",true,false,0,false,0,NaN,NaN,NaN,"",false,NaN,0,NaN,NaN,NaN,"",NaN,A_direct_ok,false,false,2.4
0.99,2.2894,faultline,"fault bus 15 xf=0.001 cleared by trip 15-16","[20]","Int64[]","Int64[]",0.0,15,0.001,clear,5.55e-15,"ok","ok","ok",true,false,0,false,0,NaN,NaN,NaN,"",false,NaN,0,NaN,NaN,NaN,"",NaN,A_direct_ok,false,false,2.3
0.99,2.2894,faultline,"fault bus 15 xf=0.005 cleared by trip 15-16","[20]","Int64[]","Int64[]",0.0,15,0.005,clear,3.55e-15,"ok","ok","ok",true,false,0,false,0,NaN,NaN,NaN,"",false,NaN,0,NaN,NaN,NaN,"",NaN,A_direct_ok,false,false,2.3
0.99,2.2894,faultline,"fault bus 16 xf=0.001 cleared by trip 16-17","[21]","Int64[]","Int64[]",0.0,16,0.001,clear,2.89e-15,"ok","ok","ok",true,false,0,false,0,NaN,NaN,NaN,"",false,NaN,0,NaN,NaN,NaN,"",NaN,A_direct_ok,false,false,2.3
0.99,2.2894,faultline,"fault bus 16 xf=0.005 cleared by trip 16-17","[21]","Int64[]","Int64[]",0.0,16,0.005,clear,7.11e-15,"ok","ok","ok",true,false,0,false,0,NaN,NaN,NaN,"",false,NaN,0,NaN,NaN,NaN,"",NaN,A_direct_ok,false,false,2.4
0.99,2.2894,faultline,"fault bus 16 xf=0.001 cleared by trip 16-21","[23]","Int64[]","Int64[]",0.0,16,0.001,clear,2.89e-15,"ok","ok","ok",true,false,0,false,0,NaN,NaN,NaN,"",false,NaN,0,NaN,NaN,NaN,"",NaN,A_direct_ok,false,false,2.2
0.99,2.2894,faultline,"fault bus 16 xf=0.005 cleared by trip 16-21","[23]","Int64[]","Int64[]",0.0,16,0.005,clear,7.11e-15,"ok","ok","ok",true,false,0,false,0,NaN,NaN,NaN,"",false,NaN,0,NaN,NaN,NaN,"",NaN,A_direct_ok,false,false,2.3
0.99,2.2894,faultline,"fault bus 16 xf=0.001 cleared by trip 16-24","[24]","Int64[]","Int64[]",0.0,16,0.001,clear,2.89e-15,"ok","ok","ok",true,false,0,false,0,NaN,NaN,NaN,"",false,NaN,0,NaN,NaN,NaN,"",NaN,A_direct_ok,false,false,2.3
0.99,2.2894,faultline,"fault bus 16 xf=0.005 cleared by trip 16-24","[24]","Int64[]","Int64[]",0.0,16,0.005,clear,7.11e-15,"ok","ok","ok",true,false,0,false,0,NaN,NaN,NaN,"",false,NaN,0,NaN,NaN,NaN,"",NaN,A_direct_ok,false,false,2.3
0.99,2.2894,faultline,"fault bus 17 xf=0.001 cleared by trip 17-18","[25]","Int64[]","Int64[]",0.0,17,0.001,clear,5.02e-15,"ok","ok","ok",true,false,0,false,0,NaN,NaN,NaN,"",false,NaN,0,NaN,NaN,NaN,"",NaN,A_direct_ok,false,false,2.2
0.99,2.2894,faultline,"fault bus 17 xf=0.005 cleared by trip 17-18","[25]","Int64[]","Int64[]",0.0,17,0.005,clear,3.20e-15,"ok","ok","ok",true,false,0,false,0,NaN,NaN,NaN,"",false,NaN,0,NaN,NaN,NaN,"",NaN,A_direct_ok,false,false,2.2
0.99,2.2894,faultline,"fault bus 17 xf=0.001 cleared by trip 17-27","[26]","Int64[]","Int64[]",0.0,17,0.001,clear,5.02e-15,"ok","ok","ok",true,false,0,false,0,NaN,NaN,NaN,"",false,NaN,0,NaN,NaN,NaN,"",NaN,A_direct_ok,false,false,2.2
0.99,2.2894,faultline,"fault bus 17 xf=0.005 cleared by trip 17-27","[26]","Int64[]","Int64[]",0.0,17,0.005,clear,3.20e-15,"ok","ok","ok",true,false,0,false,0,NaN,NaN,NaN,"",false,NaN,0,NaN,NaN,NaN,"",NaN,A_direct_ok,false,false,2.1
0.99,2.2894,faultline,"fault bus 21 xf=0.001 cleared by trip 21-22","[27]","Int64[]","Int64[]",0.0,21,0.001,clear,3.61e-15,"ok","ok","ok",true,false,0,false,0,NaN,NaN,NaN,"",false,NaN,0,NaN,NaN,NaN,"",NaN,A_direct_ok,false,false,2.2
0.99,2.2894,faultline,"fault bus 21 xf=0.005 cleared by trip 21-22","[27]","Int64[]","Int64[]",0.0,21,0.005,clear,2.75e-15,"ok","ok","ok",true,false,0,false,0,NaN,NaN,NaN,"",false,NaN,0,NaN,NaN,NaN,"",NaN,A_direct_ok,false,false,2.4
0.99,2.2894,faultline,"fault bus 22 xf=0.001 cleared by trip 22-23","[28]","Int64[]","Int64[]",0.0,22,0.001,clear,3.55e-15,"ok","ok","ok",true,false,0,false,0,NaN,NaN,NaN,"",false,NaN,0,NaN,NaN,NaN,"",NaN,A_direct_ok,false,false,2.3
0.99,2.2894,faultline,"fault bus 22 xf=0.005 cleared by trip 22-23","[28]","Int64[]","Int64[]",0.0,22,0.005,clear,3.55e-15,"ok","ok","ok",true,false,0,false,0,NaN,NaN,NaN,"",false,NaN,0,NaN,NaN,NaN,"",NaN,A_direct_ok,false,false,2.4
0.99,2.2894,faultline,"fault bus 23 xf=0.001 cleared by trip 23-24","[29]","Int64[]","Int64[]",0.0,23,0.001,clear,3.55e-15,"ok","ok","ok",true,false,0,false,0,NaN,NaN,NaN,"",false,NaN,0,NaN,NaN,NaN,"",NaN,A_direct_ok,false,false,2.4
0.99,2.2894,faultline,"fault bus 23 xf=0.005 cleared by trip 23-24","[29]","Int64[]","Int64[]",0.0,23,0.005,clear,3.55e-15,"ok","ok","ok",true,false,0,false,0,NaN,NaN,NaN,"",false,NaN,0,NaN,NaN,NaN,"",NaN,A_direct_ok,false,false,2.3
0.99,2.2894,faultline,"fault bus 25 xf=0.001 cleared by trip 25-26","[30]","Int64[]","Int64[]",0.0,25,0.001,clear,2.65e-15,"ok","ok","ok",true,false,0,false,0,NaN,NaN,NaN,"",false,NaN,0,NaN,NaN,NaN,"",NaN,A_direct_ok,false,false,2.0
0.99,2.2894,faultline,"fault bus 25 xf=0.005 cleared by trip 25-26","[30]","Int64[]","Int64[]",0.0,25,0.005,clear,4.16e-15,"ok","ok","ok",true,false,0,false,0,NaN,NaN,NaN,"",false,NaN,0,NaN,NaN,NaN,"",NaN,A_direct_ok,false,false,2.2
0.99,2.2894,faultline,"fault bus 26 xf=0.001 cleared by trip 26-27","[31]","Int64[]","Int64[]",0.0,26,0.001,clear,3.55e-15,"ok","ok","ok",true,false,0,false,0,NaN,NaN,NaN,"",false,NaN,0,NaN,NaN,NaN,"",NaN,A_direct_ok,false,false,2.0
0.99,2.2894,faultline,"fault bus 26 xf=0.005 cleared by trip 26-27","[31]","Int64[]","Int64[]",0.0,26,0.005,clear,4.13e-15,"ok","ok","ok",true,false,0,false,0,NaN,NaN,NaN,"",false,NaN,0,NaN,NaN,NaN,"",NaN,A_direct_ok,false,false,2.2
0.99,2.2894,faultline,"fault bus 26 xf=0.001 cleared by trip 26-28","[32]","Int64[]","Int64[]",0.0,26,0.001,clear,3.55e-15,"ok","ok","ok",true,false,0,false,0,NaN,NaN,NaN,"",false,NaN,0,NaN,NaN,NaN,"",NaN,A_direct_ok,false,false,2.0
0.99,2.2894,faultline,"fault bus 26 xf=0.005 cleared by trip 26-28","[32]","Int64[]","Int64[]",0.0,26,0.005,clear,4.13e-15,"ok","ok","ok",true,false,0,false,0,NaN,NaN,NaN,"",false,NaN,0,NaN,NaN,NaN,"",NaN,A_direct_ok,false,false,2.1
0.99,2.2894,faultline,"fault bus 26 xf=0.001 cleared by trip 26-29","[33]","Int64[]","Int64[]",0.0,26,0.001,clear,3.55e-15,"ok","ok","ok",true,false,0,false,0,NaN,NaN,NaN,"",false,NaN,0,NaN,NaN,NaN,"",NaN,A_direct_ok,false,false,2.1
0.99,2.2894,faultline,"fault bus 26 xf=0.005 cleared by trip 26-29","[33]","Int64[]","Int64[]",0.0,26,0.005,clear,4.13e-15,"ok","ok","ok",true,false,0,false,0,NaN,NaN,NaN,"",false,NaN,0,NaN,NaN,NaN,"",NaN,A_direct_ok,false,false,2.1
0.99,2.2894,faultline,"fault bus 28 xf=0.001 cleared by trip 28-29","[34]","Int64[]","Int64[]",0.0,28,0.001,clear,4.51e-15,"ok","ok","ok",true,false,0,false,0,NaN,NaN,NaN,"",false,NaN,0,NaN,NaN,NaN,"",NaN,A_direct_ok,false,false,2.3
0.99,2.2894,faultline,"fault bus 28 xf=0.005 cleared by trip 28-29","[34]","Int64[]","Int64[]",0.0,28,0.005,clear,3.55e-15,"ok","ok","ok",true,false,0,false,0,NaN,NaN,NaN,"",false,NaN,0,NaN,NaN,NaN,"",NaN,A_direct_ok,false,false,2.3
0.99,2.2894,faultline,"fault bus 12 xf=0.001 cleared by trip 12-11","[38]","Int64[]","Int64[]",0.0,12,0.001,clear,2.88e-15,"ok","ok","ok",true,false,0,false,0,NaN,NaN,NaN,"",false,NaN,0,NaN,NaN,NaN,"",NaN,A_direct_ok,false,false,2.2
0.99,2.2894,faultline,"fault bus 12 xf=0.005 cleared by trip 12-11","[38]","Int64[]","Int64[]",0.0,12,0.005,clear,3.55e-15,"ok","ok","ok",true,false,0,false,0,NaN,NaN,NaN,"",false,NaN,0,NaN,NaN,NaN,"",NaN,A_direct_ok,false,false,2.3
0.99,2.2894,faultline,"fault bus 12 xf=0.001 cleared by trip 12-13","[39]","Int64[]","Int64[]",0.0,12,0.001,clear,2.88e-15,"ok","ok","ok",true,false,0,false,0,NaN,NaN,NaN,"",false,NaN,0,NaN,NaN,NaN,"",NaN,A_direct_ok,false,false,2.2
0.99,2.2894,faultline,"fault bus 12 xf=0.005 cleared by trip 12-13","[39]","Int64[]","Int64[]",0.0,12,0.005,clear,3.55e-15,"ok","ok","ok",true,false,0,false,0,NaN,NaN,NaN,"",false,NaN,0,NaN,NaN,NaN,"",NaN,A_direct_ok,false,false,2.3
