lf,lf_abs,mode,form,label,fault_bus,xf,tfault,Vfb_preclear,minV_preclear,direct_h0.01_state,direct_h0.01_minV,direct_h0.01_kcl,direct_h0.001_state,direct_h0.001_minV,direct_h0.001_kcl,direct_h0.0001_state,direct_h0.0001_minV,direct_h0.0001_kcl,direct_low,newton_conv,newton_it,newton_minV,newton_kcl,newton_reaches_hv,hc_conv,hc_it,hc_minV,hc_kcl,hc_reaches_hv,flat_conv,flat_it,flat_minV,flat_kcl,flat_reaches_hv,flat_angle_conv,flat_angle_it,flat_angle_minV,flat_angle_kcl,flat_angle_reaches_hv,prefault_v_conv,prefault_v_it,prefault_v_minV,prefault_v_kcl,prefault_v_reaches_hv,hv_exists,hv_source,hv_minV,newton_low,newton_root,lv_bus,persist,V_lvbus_end_newton,V_lvbus_end_hv,kcl_end_newton
0.9,2.0813,rms,power,"fault bus 1 xf=0.001 clear@0.1",1,0.001,0.1,0.054,0.054,ok,0.815,5.3e-15,ok,0.815,3.6e-15,ok,0.815,5.3e-15,false,true,4,0.816,5.3e-15,true,true,0,0.816,5.3e-15,true,true,5,0.816,8.9e-15,true,true,4,0.816,5.8e-12,true,true,4,0.816,4.4e-15,true,true,flat_angle,0.816,false,,0,,NaN,NaN,NaN
0.9,2.0813,rms,power,"fault bus 1 xf=0.005 clear@0.1",1,0.005,0.1,0.223,0.223,ok,0.816,3.6e-15,ok,0.816,5.7e-15,ok,0.816,5.3e-15,false,true,4,0.816,3.6e-15,true,true,0,0.816,4.1e-15,true,true,5,0.816,8.9e-15,true,true,4,0.816,3.7e-12,true,true,4,0.816,3.6e-15,true,true,flat_angle,0.816,false,,0,,NaN,NaN,NaN
0.9,2.0813,rms,power,"fault bus 1 xf=0.02 clear@0.1",1,0.02,0.1,0.537,0.537,ok,0.817,3.6e-15,ok,0.818,3.6e-15,ok,0.818,7.1e-15,false,true,3,0.818,3.0e-11,true,true,0,0.818,7.1e-15,true,true,5,0.818,8.9e-15,true,true,4,0.818,1.5e-12,true,true,3,0.818,1.9e-12,true,true,newton,0.818,false,,0,,NaN,NaN,NaN
0.9,2.0813,rms,power,"fault bus 2 xf=0.001 clear@0.1",2,0.001,0.1,0.070,0.070,ok,0.801,1.2e-13,ok,0.804,1.7e-13,ok,0.804,1.7e-13,false,true,5,0.804,1.8e-13,true,true,0,0.804,7.1e-15,true,true,5,0.804,7.1e-15,true,true,5,0.804,5.6e-15,true,true,4,0.804,1.7e-11,true,true,prefault_v,0.804,false,,0,,NaN,NaN,NaN
0.9,2.0813,rms,power,"fault bus 2 xf=0.005 clear@0.1",2,0.005,0.1,0.269,0.269,ok,0.806,5.3e-15,ok,0.808,7.1e-15,ok,0.808,5.6e-15,false,true,5,0.808,4.4e-15,true,true,0,0.808,7.1e-15,true,true,5,0.808,7.1e-15,true,true,5,0.808,5.3e-15,true,true,4,0.808,1.4e-13,true,true,prefault_v,0.808,false,,0,,NaN,NaN,NaN
0.9,2.0813,rms,power,"fault bus 2 xf=0.02 clear@0.1",2,0.02,0.1,0.581,0.581,ok,0.813,7.1e-15,ok,0.814,3.6e-15,ok,0.814,7.1e-15,false,true,4,0.814,3.6e-15,true,true,0,0.814,3.6e-15,true,true,5,0.814,3.6e-15,true,true,4,0.814,1.4e-11,true,true,4,0.814,3.8e-15,true,true,flat_angle,0.814,false,,0,,NaN,NaN,NaN
0.9,2.0813,rms,power,"fault bus 3 xf=0.001 clear@0.1",3,0.001,0.1,0.064,0.064,ok,0.787,5.3e-15,ok,0.792,4.4e-15,ok,0.792,4.0e-15,false,true,6,0.792,4.1e-15,true,true,0,0.792,4.1e-15,true,true,5,0.792,8.2e-14,true,true,5,0.792,1.2e-14,true,true,5,0.792,1.1e-14,true,true,flat,0.792,false,,0,,NaN,NaN,NaN
0.9,2.0813,rms,power,"fault bus 3 xf=0.005 clear@0.1",3,0.005,0.1,0.245,0.245,ok,0.795,3.7e-14,ok,0.799,4.6e-14,ok,0.799,5.5e-14,false,true,5,0.799,5.5e-14,true,true,0,0.799,3.6e-15,true,true,5,0.799,3.6e-15,true,true,5,0.799,5.3e-15,true,true,4,0.799,3.5e-11,true,true,prefault_v,0.799,false,,0,,NaN,NaN,NaN
0.9,2.0813,rms,power,"fault bus 3 xf=0.02 clear@0.1",3,0.02,0.1,0.514,0.514,ok,0.808,5.3e-15,ok,0.809,4.2e-15,ok,0.810,3.7e-15,false,true,4,0.810,2.2e-12,true,true,0,0.810,4.7e-15,true,true,5,0.810,6.0e-15,true,true,4,0.810,7.0e-11,true,true,4,0.810,3.6e-15,true,true,flat_angle,0.810,false,,0,,NaN,NaN,NaN
0.9,2.0813,rms,power,"fault bus 4 xf=0.001 clear@0.1",4,0.001,0.1,0.055,0.055,ok,0.746,4.6e-15,ok,0.758,5.3e-15,ok,0.759,3.6e-15,false,true,6,0.759,7.1e-15,true,true,0,0.759,5.3e-15,true,true,5,0.759,1.1e-13,true,true,5,0.759,4.5e-14,true,true,5,0.759,8.9e-15,true,true,flat,0.759,false,,0,,NaN,NaN,NaN
0.9,2.0813,rms,power,"fault bus 4 xf=0.005 clear@0.1",4,0.005,0.1,0.217,0.217,ok,0.763,2.0e-14,ok,0.772,5.3e-14,ok,0.773,6.0e-14,false,true,5,0.773,6.1e-14,true,true,0,0.773,4.2e-15,true,true,5,0.773,8.9e-15,true,true,5,0.773,3.6e-15,true,true,5,0.773,4.0e-15,true,true,newton,0.773,false,,0,,NaN,NaN,NaN
0.9,2.0813,rms,power,"fault bus 4 xf=0.02 clear@0.1",4,0.02,0.1,0.480,0.480,ok,0.790,7.1e-15,ok,0.795,3.5e-15,ok,0.795,3.6e-15,false,true,4,0.795,9.8e-12,true,true,0,0.795,5.3e-15,true,true,5,0.795,3.6e-15,true,true,5,0.795,3.8e-15,true,true,4,0.795,1.6e-14,true,true,newton,0.795,false,,0,,NaN,NaN,NaN
0.9,2.0813,rms,power,"fault bus 5 xf=0.001 clear@0.1",5,0.001,0.1,0.053,0.053,ok,0.722,5.3e-15,ok,0.739,5.3e-15,ok,0.741,5.3e-15,false,true,5,0.741,1.2e-11,true,true,0,0.741,5.3e-15,true,true,5,0.741,2.7e-13,true,true,5,0.741,6.2e-15,true,true,5,0.741,1.1e-14,true,true,newton,0.741,false,,0,,NaN,NaN,NaN
0.9,2.0813,rms,power,"fault bus 5 xf=0.005 clear@0.1",5,0.005,0.1,0.210,0.210,ok,0.744,3.6e-15,ok,0.756,4.4e-15,ok,0.758,5.3e-15,false,true,5,0.758,1.2e-11,true,true,0,0.758,7.1e-15,true,true,5,0.758,2.2e-14,true,true,5,0.758,5.3e-15,true,true,5,0.758,7.1e-15,true,true,newton,0.758,false,,0,,NaN,NaN,NaN
0.9,2.0813,rms,power,"fault bus 5 xf=0.02 clear@0.1",5,0.02,0.1,0.480,0.480,ok,0.780,2.7e-15,ok,0.786,5.3e-15,ok,0.786,4.7e-15,false,true,4,0.787,5.0e-11,true,true,0,0.787,7.1e-15,true,true,5,0.787,5.3e-15,true,true,5,0.787,5.3e-15,true,true,4,0.787,1.1e-13,true,true,newton,0.787,false,,0,,NaN,NaN,NaN
0.9,2.0813,rms,power,"fault bus 6 xf=0.001 clear@0.1",6,0.001,0.1,0.053,0.053,ok,0.715,1.1e-12,ok,0.733,7.1e-15,ok,0.735,5.3e-15,false,true,5,0.735,5.1e-12,true,true,0,0.735,6.9e-15,true,true,5,0.735,3.6e-13,true,true,5,0.735,2.8e-14,true,true,5,0.735,2.9e-14,true,true,newton,0.735,false,,0,,NaN,NaN,NaN
0.9,2.0813,rms,power,"fault bus 6 xf=0.005 clear@0.1",6,0.005,0.1,0.210,0.210,ok,0.738,4.7e-15,ok,0.751,5.1e-15,ok,0.753,3.8e-15,false,true,5,0.753,8.3e-12,true,true,0,0.753,3.6e-15,true,true,5,0.753,3.6e-14,true,true,5,0.753,7.1e-15,true,true,5,0.753,4.8e-15,true,true,newton,0.753,false,,0,,NaN,NaN,NaN
0.9,2.0813,rms,power,"fault bus 6 xf=0.02 clear@0.1",6,0.02,0.1,0.484,0.484,ok,0.776,3.6e-15,ok,0.783,5.3e-15,ok,0.784,4.4e-15,false,true,4,0.784,9.0e-11,true,true,0,0.784,3.6e-15,true,true,5,0.784,5.3e-15,true,true,5,0.784,2.2e-15,true,true,4,0.784,1.7e-13,true,true,newton,0.784,false,,0,,NaN,NaN,NaN
0.9,2.0813,rms,power,"fault bus 7 xf=0.001 clear@0.1",7,0.001,0.1,0.046,0.046,ok,0.741,5.3e-15,ok,0.754,4.4e-15,ok,0.756,7.1e-15,false,true,6,0.756,4.0e-15,true,true,0,0.756,5.3e-15,true,true,5,0.756,1.8e-13,true,true,5,0.756,1.5e-14,true,true,5,0.756,5.3e-15,true,true,flat,0.756,false,,0,,NaN,NaN,NaN
0.9,2.0813,rms,power,"fault bus 7 xf=0.005 clear@0.1",7,0.005,0.1,0.189,0.189,ok,0.757,2.7e-15,ok,0.767,4.9e-15,ok,0.768,3.6e-15,false,true,5,0.768,4.4e-12,true,true,0,0.768,5.3e-15,true,true,5,0.768,2.4e-14,true,true,5,0.768,5.3e-15,true,true,5,0.768,5.3e-15,true,true,newton,0.768,false,,0,,NaN,NaN,NaN
0.9,2.0813,rms,power,"fault bus 7 xf=0.02 clear@0.1",7,0.02,0.1,0.447,0.447,ok,0.785,3.6e-15,ok,0.790,7.1e-15,ok,0.791,3.6e-15,false,true,5,0.791,5.3e-15,true,true,0,0.791,5.3e-15,true,true,5,0.791,5.3e-15,true,true,5,0.791,3.6e-15,true,true,4,0.791,5.9e-14,true,true,prefault_v,0.791,false,,0,,NaN,NaN,NaN
0.9,2.0813,rms,power,"fault bus 8 xf=0.001 clear@0.1",8,0.001,0.1,0.049,0.049,ok,0.741,7.2e-15,ok,0.754,5.8e-15,ok,0.755,5.3e-15,false,true,6,0.755,3.6e-15,true,true,0,0.755,5.3e-15,true,true,5,0.755,3.7e-13,true,true,5,0.755,1.7e-12,true,true,5,0.755,3.6e-15,true,true,flat_angle,0.755,false,,0,,NaN,NaN,NaN
0.9,2.0813,rms,power,"fault bus 8 xf=0.005 clear@0.1",8,0.005,0.1,0.199,0.199,ok,0.757,7.1e-15,ok,0.767,3.8e-15,ok,0.768,4.9e-15,false,true,5,0.768,7.8e-12,true,true,0,0.768,5.9e-15,true,true,5,0.768,3.7e-14,true,true,5,0.768,5.3e-15,true,true,5,0.768,5.3e-15,true,true,newton,0.768,false,,0,,NaN,NaN,NaN
0.9,2.0813,rms,power,"fault bus 8 xf=0.02 clear@0.1",8,0.02,0.1,0.460,0.460,ok,0.786,3.6e-15,ok,0.791,8.9e-15,ok,0.791,4.1e-15,false,true,5,0.791,3.6e-15,true,true,0,0.791,4.4e-15,true,true,5,0.791,5.3e-15,true,true,5,0.791,5.3e-15,true,true,4,0.791,6.4e-14,true,true,prefault_v,0.791,false,,0,,NaN,NaN,NaN
0.9,2.0813,rms,power,"fault bus 9 xf=0.001 clear@0.1",9,0.001,0.1,0.051,0.051,ok,0.790,3.2e-15,ok,0.794,4.0e-15,ok,0.795,7.3e-15,false,true,5,0.795,7.1e-15,true,true,0,0.795,8.9e-15,true,true,5,0.795,5.3e-15,true,true,5,0.795,5.3e-15,true,true,4,0.795,6.5e-15,true,true,flat,0.795,false,,0,,NaN,NaN,NaN
0.9,2.0813,rms,power,"fault bus 9 xf=0.005 clear@0.1",9,0.005,0.1,0.210,0.210,ok,0.795,2.9e-13,ok,0.799,4.4e-13,ok,0.799,4.6e-13,false,true,4,0.799,4.6e-13,true,true,0,0.799,5.3e-15,true,true,5,0.799,5.3e-15,true,true,4,0.799,4.4e-11,true,true,4,0.799,3.6e-15,true,true,flat_angle,0.799,false,,0,,NaN,NaN,NaN
0.9,2.0813,rms,power,"fault bus 9 xf=0.02 clear@0.1",9,0.02,0.1,0.507,0.507,ok,0.806,6.4e-15,ok,0.808,5.3e-15,ok,0.808,5.3e-15,false,true,4,0.808,5.3e-15,true,true,0,0.808,3.6e-15,true,true,5,0.808,7.1e-15,true,true,4,0.808,6.4e-12,true,true,4,0.808,4.0e-15,true,true,flat_angle,0.808,false,,0,,NaN,NaN,NaN
0.9,2.0813,rms,power,"fault bus 10 xf=0.001 clear@0.1",10,0.001,0.1,0.045,0.045,ok,0.718,3.8e-15,ok,0.735,5.3e-15,ok,0.737,4.3e-15,false,true,5,0.737,5.4e-12,true,true,0,0.737,3.6e-15,true,true,5,0.737,6.8e-14,true,true,5,0.737,4.4e-15,true,true,5,0.737,8.0e-15,true,true,newton,0.737,false,,0,,NaN,NaN,NaN
0.9,2.0813,rms,power,"fault bus 10 xf=0.005 clear@0.1",10,0.005,0.1,0.185,0.185,ok,0.737,7.1e-15,ok,0.751,2.4e-14,ok,0.752,2.9e-14,false,true,5,0.752,2.7e-14,true,true,0,0.752,5.3e-15,true,true,5,0.752,1.6e-14,true,true,5,0.752,5.3e-15,true,true,5,0.752,5.3e-15,true,true,newton,0.752,false,,0,,NaN,NaN,NaN
0.9,2.0813,rms,power,"fault bus 10 xf=0.02 clear@0.1",10,0.02,0.1,0.457,0.457,ok,0.773,8.0e-13,ok,0.780,3.6e-15,ok,0.781,5.3e-15,false,true,4,0.781,1.4e-12,true,true,0,0.781,7.1e-15,true,true,5,0.781,8.9e-15,true,true,5,0.781,2.7e-15,true,true,4,0.781,2.5e-14,true,true,newton,0.781,false,,0,,NaN,NaN,NaN
0.9,2.0813,rms,power,"fault bus 11 xf=0.001 clear@0.1",11,0.001,0.1,0.046,0.046,ok,0.722,4.4e-15,ok,0.739,3.6e-15,ok,0.740,5.3e-15,false,true,5,0.741,7.0e-12,true,true,0,0.741,5.3e-15,true,true,5,0.741,7.3e-14,true,true,5,0.741,3.8e-15,true,true,5,0.741,4.4e-15,true,true,newton,0.741,false,,0,,NaN,NaN,NaN
0.9,2.0813,rms,power,"fault bus 11 xf=0.005 clear@0.1",11,0.005,0.1,0.187,0.187,ok,0.741,1.2e-13,ok,0.754,3.9e-13,ok,0.755,4.4e-13,false,true,5,0.755,4.4e-13,true,true,0,0.755,5.3e-15,true,true,5,0.755,1.2e-14,true,true,5,0.755,5.3e-15,true,true,5,0.755,5.7e-15,true,true,newton,0.755,false,,0,,NaN,NaN,NaN
0.9,2.0813,rms,power,"fault bus 11 xf=0.02 clear@0.1",11,0.02,0.1,0.457,0.457,ok,0.776,5.3e-15,ok,0.782,4.0e-15,ok,0.783,5.3e-15,false,true,4,0.783,2.6e-12,true,true,0,0.783,1.2e-14,true,true,5,0.783,4.4e-15,true,true,5,0.783,5.3e-15,true,true,4,0.783,3.6e-14,true,true,newton,0.783,false,,0,,NaN,NaN,NaN
0.9,2.0813,rms,power,"fault bus 12 xf=0.001 clear@0.1",12,0.001,0.1,0.022,0.022,ok,0.778,4.9e-14,ok,0.785,1.6e-13,ok,0.785,1.8e-13,false,true,5,0.785,1.8e-13,true,true,0,0.785,4.5e-15,true,true,5,0.785,7.1e-15,true,true,5,0.785,5.3e-15,true,true,4,0.785,6.1e-13,true,true,prefault_v,0.785,false,,0,,NaN,NaN,NaN
0.9,2.0813,rms,power,"fault bus 12 xf=0.005 clear@0.1",12,0.005,0.1,0.101,0.101,ok,0.782,3.6e-15,ok,0.788,2.7e-15,ok,0.789,5.3e-15,false,true,5,0.789,8.9e-15,true,true,0,0.789,7.1e-15,true,true,5,0.789,5.3e-15,true,true,5,0.789,5.3e-15,true,true,4,0.789,9.3e-14,true,true,prefault_v,0.789,false,,0,,NaN,NaN,NaN
0.9,2.0813,rms,power,"fault bus 12 xf=0.02 clear@0.1",12,0.02,0.1,0.301,0.301,ok,0.793,5.3e-15,ok,0.797,4.4e-15,ok,0.797,5.3e-15,false,true,5,0.797,7.1e-15,true,true,0,0.797,8.9e-15,true,true,5,0.797,7.1e-15,true,true,4,0.797,3.5e-11,true,true,4,0.797,1.2e-14,true,true,flat_angle,0.797,false,,0,,NaN,NaN,NaN
0.9,2.0813,rms,power,"fault bus 13 xf=0.001 clear@0.1",13,0.001,0.1,0.044,0.044,ok,0.730,3.6e-15,ok,0.745,4.9e-15,ok,0.746,5.3e-15,false,true,5,0.746,4.3e-12,true,true,0,0.746,5.3e-15,true,true,5,0.746,3.0e-14,true,true,5,0.746,3.9e-15,true,true,5,0.746,3.6e-15,true,true,newton,0.746,false,,0,,NaN,NaN,NaN
0.9,2.0813,rms,power,"fault bus 13 xf=0.005 clear@0.1",13,0.005,0.1,0.182,0.182,ok,0.747,8.9e-15,ok,0.759,3.6e-15,ok,0.760,7.1e-15,false,true,5,0.760,5.3e-15,true,true,0,0.760,7.1e-15,true,true,5,0.760,8.0e-15,true,true,5,0.760,4.5e-15,true,true,5,0.760,5.6e-15,true,true,flat,0.760,false,,0,,NaN,NaN,NaN
0.9,2.0813,rms,power,"fault bus 13 xf=0.02 clear@0.1",13,0.02,0.1,0.450,0.450,ok,0.778,3.0e-13,ok,0.785,5.4e-13,ok,0.785,5.7e-13,false,true,4,0.785,5.7e-13,true,true,0,0.785,2.8e-15,true,true,5,0.785,7.1e-15,true,true,5,0.785,5.3e-15,true,true,4,0.785,1.6e-14,true,true,newton,0.785,false,,0,,NaN,NaN,NaN
0.9,2.0813,rms,power,"fault bus 14 xf=0.001 clear@0.1",14,0.001,0.1,0.050,0.050,ok,0.744,4.1e-13,ok,0.756,5.3e-15,ok,0.758,5.3e-15,false,true,5,0.758,1.4e-12,true,true,0,0.758,3.6e-15,true,true,5,0.758,1.8e-14,true,true,5,0.758,5.3e-15,true,true,5,0.758,3.6e-15,true,true,newton,0.758,false,,0,,NaN,NaN,NaN
0.9,2.0813,rms,power,"fault bus 14 xf=0.005 clear@0.1",14,0.005,0.1,0.200,0.200,ok,0.760,5.3e-15,ok,0.770,3.5e-15,ok,0.771,5.3e-15,false,true,5,0.771,8.9e-15,true,true,0,0.771,7.1e-15,true,true,5,0.771,7.1e-15,true,true,5,0.771,5.3e-15,true,true,5,0.771,5.3e-15,true,true,newton,0.771,false,,0,,NaN,NaN,NaN
0.9,2.0813,rms,power,"fault bus 14 xf=0.02 clear@0.1",14,0.02,0.1,0.468,0.468,ok,0.787,1.1e-14,ok,0.792,3.2e-14,ok,0.793,3.6e-14,false,true,4,0.793,3.4e-14,true,true,0,0.793,4.4e-15,true,true,5,0.793,4.4e-15,true,true,5,0.793,4.5e-15,true,true,4,0.793,1.1e-14,true,true,newton,0.793,false,,0,,NaN,NaN,NaN
0.9,2.0813,rms,power,"fault bus 15 xf=0.001 clear@0.1",15,0.001,0.1,0.052,0.052,ok,0.781,5.3e-15,ok,0.787,5.3e-15,ok,0.787,5.6e-15,false,true,5,0.787,7.0e-12,true,true,0,0.787,5.3e-15,true,true,5,0.787,5.3e-15,true,true,5,0.787,4.0e-15,true,true,5,0.787,3.6e-15,true,true,newton,0.787,false,,0,,NaN,NaN,NaN
0.9,2.0813,rms,power,"fault bus 15 xf=0.005 clear@0.1",15,0.005,0.1,0.210,0.210,ok,0.789,4.0e-15,ok,0.794,3.6e-15,ok,0.794,5.3e-15,false,true,5,0.794,5.3e-15,true,true,0,0.794,5.3e-15,true,true,5,0.794,5.3e-15,true,true,5,0.794,4.0e-15,true,true,5,0.794,3.6e-15,true,true,hc,0.794,false,,0,,NaN,NaN,NaN
0.9,2.0813,rms,power,"fault bus 15 xf=0.02 clear@0.1",15,0.02,0.1,0.475,0.475,ok,0.803,8.9e-13,ok,0.806,3.6e-15,ok,0.806,5.3e-15,false,true,4,0.806,1.5e-12,true,true,0,0.806,8.9e-15,true,true,5,0.806,5.3e-15,true,true,4,0.806,5.6e-11,true,true,4,0.806,7.1e-15,true,true,flat_angle,0.806,false,,0,,NaN,NaN,NaN
0.9,2.0813,rms,power,"fault bus 16 xf=0.001 clear@0.1",16,0.001,0.1,0.071,0.071,ok,0.769,5.3e-15,ok,0.778,7.1e-15,ok,0.779,5.3e-15,false,true,6,0.779,3.9e-15,true,true,0,0.779,5.3e-15,true,true,5,0.779,1.1e-14,true,true,5,0.779,3.7e-13,true,true,5,0.779,1.3e-13,true,true,flat_angle,0.779,false,,0,,NaN,NaN,NaN
0.9,2.0813,rms,power,"fault bus 16 xf=0.005 clear@0.1",16,0.005,0.1,0.266,0.266,ok,0.784,4.8e-15,ok,0.790,3.9e-15,ok,0.791,5.4e-15,false,true,5,0.791,9.6e-12,true,true,0,0.791,5.3e-15,true,true,5,0.791,1.2e-14,true,true,5,0.791,7.1e-15,true,true,5,0.791,8.9e-15,true,true,newton,0.791,false,,0,,NaN,NaN,NaN
0.9,2.0813,rms,power,"fault bus 16 xf=0.02 clear@0.1",16,0.02,0.1,0.552,0.552,ok,0.805,1.2e-13,ok,0.808,3.2e-13,ok,0.808,3.4e-13,false,true,4,0.808,3.5e-13,true,true,0,0.808,5.3e-15,true,true,5,0.808,5.3e-15,true,true,5,0.808,5.3e-15,true,true,4,0.808,8.1e-14,true,true,newton,0.808,false,,0,,NaN,NaN,NaN
0.9,2.0813,rms,power,"fault bus 17 xf=0.001 clear@0.1",17,0.001,0.1,0.062,0.062,ok,0.791,5.8e-15,ok,0.796,3.6e-15,ok,0.796,5.0e-15,false,true,5,0.796,9.1e-12,true,true,0,0.796,4.2e-15,true,true,5,0.796,4.2e-15,true,true,5,0.796,5.3e-15,true,true,5,0.796,3.6e-15,true,true,newton,0.796,false,,0,,NaN,NaN,NaN
0.9,2.0813,rms,power,"fault bus 17 xf=0.005 clear@0.1",17,0.005,0.1,0.240,0.240,ok,0.798,3.6e-15,ok,0.802,3.6e-15,ok,0.802,4.4e-15,false,true,5,0.802,7.1e-15,true,true,0,0.802,7.0e-15,true,true,5,0.802,5.3e-15,true,true,5,0.802,3.6e-15,true,true,5,0.802,7.0e-15,true,true,flat,0.802,false,,0,,NaN,NaN,NaN
0.9,2.0813,rms,power,"fault bus 17 xf=0.02 clear@0.1",17,0.02,0.1,0.520,0.520,ok,0.809,3.6e-15,ok,0.811,3.8e-15,ok,0.811,5.3e-15,false,true,4,0.811,7.1e-15,true,true,0,0.811,7.1e-15,true,true,5,0.811,7.1e-15,true,true,4,0.811,3.7e-11,true,true,4,0.811,5.3e-15,true,true,flat_angle,0.811,false,,0,,NaN,NaN,NaN
0.9,2.0813,rms,power,"fault bus 18 xf=0.001 clear@0.1",18,0.001,0.1,0.054,0.054,ok,0.795,5.0e-13,ok,0.799,8.6e-13,ok,0.799,9.0e-13,false,true,5,0.799,9.1e-13,true,true,0,0.799,7.1e-15,true,true,5,0.799,4.6e-15,true,true,5,0.799,5.3e-15,true,true,5,0.799,5.4e-15,true,true,newton,0.799,false,,0,,NaN,NaN,NaN
0.9,2.0813,rms,power,"fault bus 18 xf=0.005 clear@0.1",18,0.005,0.1,0.215,0.215,ok,0.800,5.3e-15,ok,0.803,4.6e-15,ok,0.804,3.6e-15,false,true,5,0.804,5.3e-15,true,true,0,0.804,8.9e-15,true,true,5,0.804,5.3e-15,true,true,5,0.804,5.6e-15,true,true,4,0.804,4.0e-12,true,true,prefault_v,0.804,false,,0,,NaN,NaN,NaN
0.9,2.0813,rms,power,"fault bus 18 xf=0.02 clear@0.1",18,0.02,0.1,0.486,0.486,ok,0.810,5.8e-15,ok,0.811,8.4e-15,ok,0.811,1.2e-14,false,true,4,0.811,8.9e-15,true,true,0,0.811,7.1e-15,true,true,5,0.811,5.3e-15,true,true,4,0.811,3.7e-11,true,true,4,0.811,3.1e-15,true,true,flat_angle,0.811,false,,0,,NaN,NaN,NaN
0.9,2.0813,rms,power,"fault bus 19 xf=0.001 clear@0.1",19,0.001,0.1,0.049,0.049,ok,0.784,5.3e-15,ok,0.791,4.2e-15,ok,0.792,5.3e-15,false,true,6,0.792,3.6e-15,true,true,0,0.792,4.8e-15,true,true,5,0.792,5.3e-15,true,true,5,0.792,2.3e-14,true,true,5,0.792,4.1e-14,true,true,prefault_v,0.792,false,,0,,NaN,NaN,NaN
0.9,2.0813,rms,power,"fault bus 19 xf=0.005 clear@0.1",19,0.005,0.1,0.202,0.202,ok,0.791,5.3e-15,ok,0.797,3.9e-15,ok,0.798,3.8e-15,false,true,6,0.798,3.6e-15,true,true,0,0.798,7.1e-15,true,true,5,0.798,5.4e-15,true,true,5,0.798,3.6e-15,true,true,5,0.798,3.6e-15,true,true,hc,0.798,false,,0,,NaN,NaN,NaN
0.9,2.0813,rms,power,"fault bus 19 xf=0.02 clear@0.1",19,0.02,0.1,0.494,0.494,ok,0.806,5.3e-15,ok,0.810,5.3e-15,ok,0.810,3.6e-15,false,true,4,0.810,7.4e-11,true,true,0,0.810,7.1e-15,true,true,5,0.810,5.3e-15,true,true,4,0.810,1.4e-11,true,true,4,0.810,1.0e-12,true,true,flat_angle,0.810,false,,0,,NaN,NaN,NaN
0.9,2.0813,rms,power,"fault bus 20 xf=0.001 clear@0.1",20,0.001,0.1,0.037,0.037,ok,0.796,3.6e-15,ok,0.801,5.3e-15,ok,0.802,3.6e-15,false,true,7,0.802,5.3e-15,true,true,0,0.802,5.3e-15,true,true,5,0.802,5.3e-15,true,true,5,0.802,1.4e-12,true,true,5,0.802,1.4e-13,true,true,flat_angle,0.802,false,,0,,NaN,NaN,NaN
0.9,2.0813,rms,power,"fault bus 20 xf=0.005 clear@0.1",20,0.005,0.1,0.158,0.158,ok,0.800,5.3e-15,ok,0.805,3.6e-15,ok,0.805,5.3e-15,false,true,6,0.805,3.6e-15,true,true,0,0.805,5.3e-15,true,true,5,0.805,4.0e-15,true,true,5,0.805,3.6e-15,true,true,5,0.805,5.3e-15,true,true,flat,0.805,false,,0,,NaN,NaN,NaN
0.9,2.0813,rms,power,"fault bus 20 xf=0.02 clear@0.1",20,0.02,0.1,0.414,0.414,ok,0.810,4.4e-14,ok,0.813,8.7e-14,ok,0.813,9.1e-14,false,true,5,0.813,9.4e-14,true,true,0,0.813,5.3e-15,true,true,5,0.813,5.3e-15,true,true,4,0.813,5.4e-11,true,true,4,0.813,7.6e-12,true,true,flat_angle,0.813,false,,0,,NaN,NaN,NaN
0.9,2.0813,rms,power,"fault bus 21 xf=0.001 clear@0.1",21,0.001,0.1,0.046,0.046,ok,0.777,5.5e-15,ok,0.785,3.6e-15,ok,0.786,5.3e-15,false,true,5,0.786,1.0e-11,true,true,0,0.786,3.6e-15,true,true,5,0.786,5.3e-15,true,true,5,0.786,4.1e-15,true,true,5,0.786,6.2e-15,true,true,newton,0.786,false,,0,,NaN,NaN,NaN
0.9,2.0813,rms,power,"fault bus 21 xf=0.005 clear@0.1",21,0.005,0.1,0.188,0.188,ok,0.786,5.3e-15,ok,0.792,5.3e-15,ok,0.793,5.3e-15,false,true,5,0.793,5.0e-15,true,true,0,0.793,3.7e-15,true,true,5,0.793,4.3e-15,true,true,5,0.793,7.1e-15,true,true,5,0.793,4.3e-15,true,true,hc,0.793,false,,0,,NaN,NaN,NaN
0.9,2.0813,rms,power,"fault bus 21 xf=0.02 clear@0.1",21,0.02,0.1,0.454,0.454,ok,0.803,3.6e-15,ok,0.807,5.3e-15,ok,0.807,3.6e-15,false,true,4,0.807,4.6e-12,true,true,0,0.807,5.3e-15,true,true,5,0.807,5.3e-15,true,true,4,0.807,2.4e-11,true,true,4,0.807,1.0e-14,true,true,flat_angle,0.807,false,,0,,NaN,NaN,NaN
0.9,2.0813,rms,power,"fault bus 22 xf=0.001 clear@0.1",22,0.001,0.1,0.047,0.047,ok,0.766,4.9e-14,ok,0.776,9.4e-14,ok,0.777,1.0e-13,false,true,5,0.777,1.0e-13,true,true,0,0.777,3.6e-15,true,true,5,0.777,5.0e-15,true,true,5,0.777,3.6e-15,true,true,5,0.777,5.3e-15,true,true,newton,0.777,false,,0,,NaN,NaN,NaN
0.9,2.0813,rms,power,"fault bus 22 xf=0.005 clear@0.1",22,0.005,0.1,0.195,0.195,ok,0.777,7.1e-15,ok,0.785,6.2e-15,ok,0.786,4.7e-15,false,true,5,0.786,3.6e-15,true,true,0,0.786,5.3e-15,true,true,5,0.786,5.3e-15,true,true,5,0.786,5.3e-15,true,true,4,0.786,3.0e-11,true,true,prefault_v,0.786,false,,0,,NaN,NaN,NaN
0.9,2.0813,rms,power,"fault bus 22 xf=0.02 clear@0.1",22,0.02,0.1,0.479,0.479,ok,0.797,3.4e-14,ok,0.802,5.6e-14,ok,0.802,5.9e-14,false,true,4,0.802,5.8e-14,true,true,0,0.802,4.0e-15,true,true,5,0.802,5.3e-15,true,true,4,0.802,2.1e-11,true,true,4,0.802,3.6e-15,true,true,flat_angle,0.802,false,,0,,NaN,NaN,NaN
0.9,2.0813,rms,power,"fault bus 23 xf=0.001 clear@0.1",23,0.001,0.1,0.044,0.044,ok,0.767,3.0e-13,ok,0.777,5.4e-15,ok,0.778,5.3e-15,false,true,5,0.778,1.6e-12,true,true,0,0.778,3.6e-15,true,true,5,0.778,1.1e-14,true,true,5,0.778,4.4e-15,true,true,5,0.778,5.3e-15,true,true,newton,0.778,false,,0,,NaN,NaN,NaN
0.9,2.0813,rms,power,"fault bus 23 xf=0.005 clear@0.1",23,0.005,0.1,0.183,0.183,ok,0.777,4.6e-15,ok,0.785,5.3e-15,ok,0.786,4.7e-15,false,true,5,0.786,3.6e-15,true,true,0,0.786,7.1e-15,true,true,5,0.786,5.3e-15,true,true,5,0.786,5.3e-15,true,true,4,0.786,3.4e-11,true,true,prefault_v,0.786,false,,0,,NaN,NaN,NaN
0.9,2.0813,rms,power,"fault bus 23 xf=0.02 clear@0.1",23,0.02,0.1,0.457,0.457,ok,0.797,4.3e-15,ok,0.802,3.6e-15,ok,0.802,5.3e-15,false,true,4,0.802,2.7e-12,true,true,0,0.802,7.1e-15,true,true,5,0.802,5.3e-15,true,true,4,0.802,1.9e-11,true,true,4,0.802,5.3e-15,true,true,flat_angle,0.802,false,,0,,NaN,NaN,NaN
0.9,2.0813,rms,power,"fault bus 24 xf=0.001 clear@0.1",24,0.001,0.1,0.052,0.052,ok,0.779,3.6e-15,ok,0.786,5.5e-15,ok,0.787,5.5e-15,false,true,6,0.787,5.8e-15,true,true,0,0.787,3.9e-15,true,true,5,0.787,5.8e-15,true,true,5,0.787,3.6e-15,true,true,5,0.787,5.3e-15,true,true,flat,0.787,false,,0,,NaN,NaN,NaN
0.9,2.0813,rms,power,"fault bus 24 xf=0.005 clear@0.1",24,0.005,0.1,0.210,0.210,ok,0.789,1.6e-14,ok,0.794,3.3e-14,ok,0.795,3.6e-14,false,true,5,0.795,3.6e-14,true,true,0,0.795,5.3e-15,true,true,5,0.795,4.4e-15,true,true,5,0.795,5.3e-15,true,true,5,0.795,5.3e-15,true,true,newton,0.795,false,,0,,NaN,NaN,NaN
0.9,2.0813,rms,power,"fault bus 24 xf=0.02 clear@0.1",24,0.02,0.1,0.491,0.491,ok,0.806,6.1e-13,ok,0.809,5.3e-15,ok,0.809,5.3e-15,false,true,4,0.809,1.3e-12,true,true,0,0.809,4.0e-15,true,true,5,0.809,7.1e-15,true,true,4,0.809,4.0e-11,true,true,4,0.809,1.6e-14,true,true,flat_angle,0.809,false,,0,,NaN,NaN,NaN
0.9,2.0813,rms,power,"fault bus 25 xf=0.001 clear@0.1",25,0.001,0.1,0.057,0.057,ok,0.805,5.3e-15,ok,0.808,5.6e-15,ok,0.808,6.0e-15,false,true,5,0.808,6.2e-15,true,true,0,0.808,4.4e-15,true,true,5,0.808,7.1e-15,true,true,5,0.808,3.6e-15,true,true,4,0.808,2.6e-13,true,true,prefault_v,0.808,false,,0,,NaN,NaN,NaN
0.9,2.0813,rms,power,"fault bus 25 xf=0.005 clear@0.1",25,0.005,0.1,0.230,0.230,ok,0.809,8.9e-15,ok,0.811,3.6e-15,ok,0.811,3.7e-15,false,true,5,0.811,5.3e-15,true,true,0,0.811,5.3e-15,true,true,5,0.811,5.3e-15,true,true,5,0.811,3.7e-15,true,true,4,0.811,7.3e-15,true,true,prefault_v,0.811,false,,0,,NaN,NaN,NaN
0.9,2.0813,rms,power,"fault bus 25 xf=0.02 clear@0.1",25,0.02,0.1,0.535,0.535,ok,0.815,5.3e-15,ok,0.815,3.6e-15,ok,0.815,5.3e-15,false,true,4,0.815,7.1e-15,true,true,0,0.815,5.3e-15,true,true,5,0.815,4.3e-15,true,true,4,0.815,1.0e-11,true,true,4,0.815,3.6e-15,true,true,flat_angle,0.815,false,,0,,NaN,NaN,NaN
0.9,2.0813,rms,power,"fault bus 26 xf=0.001 clear@0.1",26,0.001,0.1,0.044,0.044,ok,0.810,4.3e-15,ok,0.811,3.6e-15,ok,0.812,3.8e-15,false,true,5,0.812,2.8e-12,true,true,0,0.812,4.6e-15,true,true,5,0.812,7.1e-15,true,true,5,0.812,3.7e-15,true,true,4,0.812,2.2e-11,true,true,prefault_v,0.812,false,,0,,NaN,NaN,NaN
0.9,2.0813,rms,power,"fault bus 26 xf=0.005 clear@0.1",26,0.005,0.1,0.185,0.185,ok,0.812,4.9e-15,ok,0.813,1.1e-14,ok,0.813,8.0e-15,false,true,5,0.813,8.0e-15,true,true,0,0.813,7.1e-15,true,true,5,0.813,1.1e-14,true,true,5,0.813,7.1e-15,true,true,4,0.813,8.0e-13,true,true,prefault_v,0.813,false,,0,,NaN,NaN,NaN
0.9,2.0813,rms,power,"fault bus 26 xf=0.02 clear@0.1",26,0.02,0.1,0.458,0.458,ok,0.816,4.0e-13,ok,0.816,6.2e-13,ok,0.816,6.5e-13,false,true,4,0.816,6.5e-13,true,true,0,0.816,3.9e-15,true,true,5,0.816,5.3e-15,true,true,4,0.816,1.1e-11,true,true,4,0.816,5.3e-15,true,true,flat_angle,0.816,false,,0,,NaN,NaN,NaN
0.9,2.0813,rms,power,"fault bus 27 xf=0.001 clear@0.1",27,0.001,0.1,0.043,0.043,ok,0.807,4.1e-15,ok,0.809,4.6e-15,ok,0.809,5.3e-15,false,true,5,0.809,8.5e-12,true,true,0,0.809,4.4e-15,true,true,5,0.809,5.3e-15,true,true,5,0.809,7.1e-15,true,true,4,0.809,2.0e-11,true,true,prefault_v,0.809,false,,0,,NaN,NaN,NaN
0.9,2.0813,rms,power,"fault bus 27 xf=0.005 clear@0.1",27,0.005,0.1,0.181,0.181,ok,0.810,6.5e-15,ok,0.811,5.3e-15,ok,0.811,3.9e-15,false,true,5,0.811,3.6e-15,true,true,0,0.811,3.5e-15,true,true,5,0.811,7.1e-15,true,true,5,0.811,3.7e-15,true,true,4,0.811,7.5e-13,true,true,prefault_v,0.811,false,,0,,NaN,NaN,NaN
0.9,2.0813,rms,power,"fault bus 27 xf=0.02 clear@0.1",27,0.02,0.1,0.443,0.443,ok,0.814,5.3e-15,ok,0.815,4.4e-15,ok,0.815,2.7e-15,false,true,4,0.815,2.4e-11,true,true,0,0.815,5.3e-15,true,true,5,0.815,3.6e-15,true,true,4,0.815,1.6e-11,true,true,4,0.815,5.3e-15,true,true,flat_angle,0.815,false,,0,,NaN,NaN,NaN
0.9,2.0813,rms,power,"fault bus 28 xf=0.001 clear@0.1",28,0.001,0.1,0.028,0.028,ok,0.816,4.4e-15,ok,0.817,4.0e-15,ok,0.817,3.6e-15,false,true,6,0.817,4.4e-15,true,true,0,0.817,3.6e-15,true,true,5,0.817,3.6e-15,true,true,5,0.817,3.6e-15,true,true,4,0.817,7.5e-11,true,true,prefault_v,0.817,false,,0,,NaN,NaN,NaN
0.9,2.0813,rms,power,"fault bus 28 xf=0.005 clear@0.1",28,0.005,0.1,0.126,0.126,ok,0.816,9.3e-13,ok,0.817,3.6e-15,ok,0.817,3.6e-15,false,true,5,0.817,1.7e-12,true,true,0,0.817,5.3e-15,true,true,5,0.817,7.1e-15,true,true,5,0.817,3.6e-15,true,true,4,0.817,5.9e-12,true,true,prefault_v,0.817,false,,0,,NaN,NaN,NaN
0.9,2.0813,rms,power,"fault bus 28 xf=0.02 clear@0.1",28,0.02,0.1,0.357,0.357,ok,0.818,7.0e-15,ok,0.818,8.9e-15,ok,0.818,3.6e-15,false,true,5,0.818,3.6e-15,true,true,0,0.818,4.4e-15,true,true,5,0.818,3.6e-15,true,true,4,0.818,4.2e-12,true,true,4,0.818,3.5e-15,true,true,flat_angle,0.818,false,,0,,NaN,NaN,NaN
0.9,2.0813,rms,power,"fault bus 29 xf=0.001 clear@0.1",29,0.001,0.1,0.035,0.035,ok,0.815,7.1e-15,ok,0.816,5.3e-15,ok,0.816,4.1e-15,false,true,6,0.816,5.3e-15,true,true,0,0.816,3.6e-15,true,true,5,0.816,5.3e-15,true,true,5,0.816,5.6e-15,true,true,5,0.816,3.6e-15,true,true,flat,0.816,false,,0,,NaN,NaN,NaN
0.9,2.0813,rms,power,"fault bus 29 xf=0.005 clear@0.1",29,0.005,0.1,0.152,0.152,ok,0.816,3.6e-15,ok,0.817,3.6e-15,ok,0.817,3.6e-15,false,true,5,0.817,9.9e-12,true,true,0,0.817,3.6e-15,true,true,5,0.817,3.6e-15,true,true,5,0.817,7.1e-15,true,true,5,0.817,4.4e-15,true,true,newton,0.817,false,,0,,NaN,NaN,NaN
0.9,2.0813,rms,power,"fault bus 29 xf=0.02 clear@0.1",29,0.02,0.1,0.404,0.404,ok,0.818,3.6e-15,ok,0.818,4.1e-15,ok,0.818,5.3e-15,false,true,5,0.818,3.6e-15,true,true,0,0.818,3.6e-15,true,true,5,0.818,5.3e-15,true,true,4,0.818,3.6e-12,true,true,4,0.818,1.1e-14,true,true,flat_angle,0.818,false,,0,,NaN,NaN,NaN
0.9,2.0813,rms,power,"fault bus 30 xf=0.001 clear@0.1",30,0.001,0.1,0.060,0.060,ok,0.812,7.1e-14,ok,0.813,8.3e-14,ok,0.813,8.5e-14,false,true,4,0.813,8.7e-14,true,true,0,0.813,5.3e-15,true,true,5,0.813,5.3e-15,true,true,4,0.813,4.3e-11,true,true,4,0.813,3.6e-15,true,true,flat_angle,0.813,false,,0,,NaN,NaN,NaN
0.9,2.0813,rms,power,"fault bus 30 xf=0.005 clear@0.1",30,0.005,0.1,0.244,0.244,ok,0.814,7.1e-15,ok,0.815,7.1e-15,ok,0.815,2.8e-15,false,true,4,0.815,3.6e-15,true,true,0,0.815,3.6e-15,true,true,5,0.815,3.0e-15,true,true,4,0.815,1.8e-11,true,true,4,0.815,2.7e-15,true,true,flat_angle,0.815,false,,0,,NaN,NaN,NaN
0.9,2.0813,rms,power,"fault bus 30 xf=0.02 clear@0.1",30,0.02,0.1,0.573,0.573,ok,0.817,1.1e-14,ok,0.817,5.3e-15,ok,0.817,3.6e-15,false,true,4,0.817,5.3e-15,true,true,0,0.817,2.9e-15,true,true,5,0.817,5.3e-15,true,true,4,0.817,3.9e-12,true,true,4,0.817,4.8e-15,true,true,flat_angle,0.817,false,,0,,NaN,NaN,NaN
0.9,2.0813,rms,power,"fault bus 31 xf=0.001 clear@0.1",31,0.001,0.1,0.035,0.035,ok,0.736,4.4e-15,ok,0.751,4.4e-15,ok,0.753,2.9e-15,false,true,5,0.753,3.6e-15,true,true,0,0.753,5.3e-15,true,true,5,0.753,1.7e-14,true,true,5,0.753,4.9e-15,true,true,4,0.753,7.1e-11,true,true,prefault_v,0.753,false,,0,,NaN,NaN,NaN
0.9,2.0813,rms,power,"fault bus 31 xf=0.005 clear@0.1",31,0.005,0.1,0.155,0.155,ok,0.749,5.3e-15,ok,0.761,3.3e-15,ok,0.763,7.1e-15,false,true,5,0.763,3.6e-15,true,true,0,0.763,5.3e-15,true,true,5,0.763,1.2e-14,true,true,5,0.763,4.5e-15,true,true,4,0.763,4.3e-12,true,true,prefault_v,0.763,false,,0,,NaN,NaN,NaN
0.9,2.0813,rms,power,"fault bus 31 xf=0.02 clear@0.1",31,0.02,0.1,0.424,0.424,ok,0.776,2.0e-14,ok,0.784,1.2e-13,ok,0.784,1.4e-13,false,true,4,0.784,1.5e-13,true,true,0,0.784,7.1e-15,true,true,5,0.784,7.1e-15,true,true,5,0.784,2.8e-15,true,true,4,0.784,3.6e-15,true,true,newton,0.784,false,,0,,NaN,NaN,NaN
0.9,2.0813,rms,power,"fault bus 32 xf=0.001 clear@0.1",32,0.001,0.1,0.035,0.035,ok,0.729,5.3e-15,ok,0.745,6.3e-15,ok,0.746,5.3e-15,false,true,5,0.746,3.6e-15,true,true,0,0.746,3.6e-15,true,true,5,0.746,4.4e-14,true,true,5,0.746,4.5e-15,true,true,4,0.746,2.8e-12,true,true,prefault_v,0.746,false,,0,,NaN,NaN,NaN
0.9,2.0813,rms,power,"fault bus 32 xf=0.005 clear@0.1",32,0.005,0.1,0.155,0.155,ok,0.743,4.4e-15,ok,0.755,4.3e-15,ok,0.757,6.2e-15,false,true,4,0.757,1.5e-11,true,true,0,0.757,3.6e-15,true,true,5,0.757,2.6e-14,true,true,5,0.757,3.6e-15,true,true,4,0.757,1.9e-13,true,true,newton,0.757,false,,0,,NaN,NaN,NaN
0.9,2.0813,rms,power,"fault bus 32 xf=0.02 clear@0.1",32,0.02,0.1,0.426,0.426,ok,0.771,3.6e-15,ok,0.779,5.3e-15,ok,0.779,5.3e-15,false,true,4,0.780,3.1e-15,true,true,0,0.780,2.8e-15,true,true,5,0.780,1.2e-14,true,true,5,0.780,3.6e-15,true,true,4,0.780,3.6e-15,true,true,flat,0.780,false,,0,,NaN,NaN,NaN
0.9,2.0813,rms,power,"fault bus 33 xf=0.001 clear@0.1",33,0.001,0.1,0.048,0.048,ok,0.791,8.9e-15,ok,0.797,4.4e-15,ok,0.798,4.0e-15,false,true,5,0.798,2.2e-11,true,true,0,0.798,7.1e-15,true,true,5,0.798,7.1e-15,true,true,5,0.798,7.1e-15,true,true,5,0.798,7.1e-15,true,true,newton,0.798,false,,0,,NaN,NaN,NaN
0.9,2.0813,rms,power,"fault bus 33 xf=0.005 clear@0.1",33,0.005,0.1,0.201,0.201,ok,0.797,5.3e-15,ok,0.802,3.6e-15,ok,0.803,7.3e-15,false,true,5,0.803,3.9e-15,true,true,0,0.803,3.8e-15,true,true,5,0.803,3.6e-15,true,true,4,0.803,3.1e-11,true,true,4,0.803,6.7e-12,true,true,flat_angle,0.803,false,,0,,NaN,NaN,NaN
0.9,2.0813,rms,power,"fault bus 33 xf=0.02 clear@0.1",33,0.02,0.1,0.504,0.504,ok,0.810,5.6e-15,ok,0.813,5.3e-15,ok,0.813,7.1e-15,false,true,4,0.813,5.3e-15,true,true,0,0.813,3.6e-15,true,true,5,0.813,3.6e-15,true,true,4,0.813,5.1e-12,true,true,4,0.813,7.1e-15,true,true,flat_angle,0.813,false,,0,,NaN,NaN,NaN
0.9,2.0813,rms,power,"fault bus 34 xf=0.001 clear@0.1",34,0.001,0.1,0.027,0.027,ok,0.803,4.4e-15,ok,0.807,3.6e-15,ok,0.807,3.6e-15,false,true,6,0.807,3.6e-15,true,true,0,0.807,3.6e-15,true,true,5,0.807,3.6e-15,true,true,5,0.807,3.6e-15,true,true,5,0.807,7.1e-15,true,true,hc,0.807,false,,0,,NaN,NaN,NaN
0.9,2.0813,rms,power,"fault bus 34 xf=0.005 clear@0.1",34,0.005,0.1,0.120,0.120,ok,0.805,5.3e-15,ok,0.809,5.3e-15,ok,0.809,5.3e-15,false,true,6,0.809,5.3e-15,true,true,0,0.809,3.9e-15,true,true,5,0.809,5.3e-15,true,true,5,0.809,5.5e-15,true,true,4,0.809,5.0e-11,true,true,prefault_v,0.809,false,,0,,NaN,NaN,NaN
0.9,2.0813,rms,power,"fault bus 34 xf=0.02 clear@0.1",34,0.02,0.1,0.352,0.352,ok,0.812,3.4e-15,ok,0.814,3.8e-15,ok,0.815,3.6e-15,false,true,5,0.815,7.1e-15,true,true,0,0.815,3.6e-15,true,true,5,0.815,5.3e-15,true,true,4,0.815,4.0e-12,true,true,4,0.815,5.3e-14,true,true,flat_angle,0.815,false,,0,,NaN,NaN,NaN
0.9,2.0813,rms,power,"fault bus 35 xf=0.001 clear@0.1",35,0.001,0.1,0.045,0.045,ok,0.777,5.3e-15,ok,0.785,4.4e-15,ok,0.786,4.6e-15,false,true,5,0.786,3.8e-15,true,true,0,0.786,5.3e-15,true,true,5,0.786,1.1e-14,true,true,5,0.786,3.6e-15,true,true,4,0.786,4.1e-12,true,true,prefault_v,0.786,false,,0,,NaN,NaN,NaN
0.9,2.0813,rms,power,"fault bus 35 xf=0.005 clear@0.1",35,0.005,0.1,0.192,0.192,ok,0.785,5.3e-15,ok,0.791,5.3e-15,ok,0.792,3.6e-15,false,true,5,0.792,7.1e-15,true,true,0,0.792,4.4e-15,true,true,5,0.792,6.3e-15,true,true,5,0.792,5.3e-15,true,true,4,0.792,1.4e-13,true,true,prefault_v,0.792,false,,0,,NaN,NaN,NaN
0.9,2.0813,rms,power,"fault bus 35 xf=0.02 clear@0.1",35,0.02,0.1,0.498,0.498,ok,0.801,3.6e-15,ok,0.805,7.1e-15,ok,0.805,3.7e-15,false,true,4,0.805,3.6e-15,true,true,0,0.805,5.3e-15,true,true,5,0.805,7.1e-15,true,true,4,0.805,1.1e-11,true,true,4,0.805,5.3e-15,true,true,flat_angle,0.805,false,,0,,NaN,NaN,NaN
0.9,2.0813,rms,power,"fault bus 36 xf=0.001 clear@0.1",36,0.001,0.1,0.037,0.037,ok,0.780,3.6e-15,ok,0.788,5.3e-15,ok,0.789,7.1e-15,false,true,4,0.789,9.2e-11,true,true,0,0.789,3.6e-15,true,true,5,0.789,1.1e-14,true,true,5,0.789,3.6e-15,true,true,4,0.789,5.5e-14,true,true,newton,0.789,false,,0,,NaN,NaN,NaN
0.9,2.0813,rms,power,"fault bus 36 xf=0.005 clear@0.1",36,0.005,0.1,0.161,0.161,ok,0.787,3.6e-15,ok,0.793,5.3e-15,ok,0.794,5.3e-15,false,true,4,0.794,1.9e-12,true,true,0,0.794,5.3e-15,true,true,5,0.794,7.1e-15,true,true,4,0.794,3.9e-11,true,true,4,0.794,5.3e-15,true,true,flat_angle,0.794,false,,0,,NaN,NaN,NaN
0.9,2.0813,rms,power,"fault bus 36 xf=0.02 clear@0.1",36,0.02,0.1,0.443,0.443,ok,0.801,3.6e-15,ok,0.805,5.3e-15,ok,0.806,3.6e-15,false,true,4,0.806,3.6e-15,true,true,0,0.806,5.3e-15,true,true,5,0.806,8.9e-15,true,true,4,0.806,6.6e-12,true,true,4,0.806,5.3e-15,true,true,flat_angle,0.806,false,,0,,NaN,NaN,NaN
0.9,2.0813,rms,power,"fault bus 37 xf=0.001 clear@0.1",37,0.001,0.1,0.039,0.039,ok,0.812,5.3e-15,ok,0.814,5.3e-15,ok,0.814,5.3e-15,false,true,4,0.814,4.4e-15,true,true,0,0.814,4.1e-15,true,true,5,0.814,7.1e-15,true,true,4,0.814,1.4e-11,true,true,4,0.814,4.4e-15,true,true,flat_angle,0.814,false,,0,,NaN,NaN,NaN
0.9,2.0813,rms,power,"fault bus 37 xf=0.005 clear@0.1",37,0.005,0.1,0.168,0.168,ok,0.814,7.1e-15,ok,0.815,4.4e-15,ok,0.815,5.3e-15,false,true,4,0.815,5.3e-15,true,true,0,0.815,5.3e-15,true,true,5,0.815,7.1e-15,true,true,4,0.815,8.5e-12,true,true,4,0.815,5.3e-15,true,true,flat_angle,0.815,false,,0,,NaN,NaN,NaN
0.9,2.0813,rms,power,"fault bus 37 xf=0.02 clear@0.1",37,0.02,0.1,0.451,0.451,ok,0.817,5.3e-15,ok,0.817,5.3e-15,ok,0.817,1.1e-14,false,true,4,0.817,5.9e-15,true,true,0,0.817,5.9e-15,true,true,5,0.817,3.6e-15,true,true,4,0.817,3.1e-12,true,true,4,0.817,5.3e-15,true,true,flat_angle,0.817,false,,0,,NaN,NaN,NaN
0.9,2.0813,rms,power,"fault bus 38 xf=0.001 clear@0.1",38,0.001,0.1,0.044,0.044,ok,0.815,3.6e-15,ok,0.816,7.6e-15,ok,0.816,3.6e-15,false,true,5,0.816,2.2e-11,true,true,0,0.816,3.6e-15,true,true,5,0.816,5.6e-15,true,true,5,0.816,5.6e-14,true,true,5,0.816,3.7e-15,true,true,newton,0.816,false,,0,,NaN,NaN,NaN
0.9,2.0813,rms,power,"fault bus 38 xf=0.005 clear@0.1",38,0.005,0.1,0.185,0.185,ok,0.816,5.3e-15,ok,0.817,4.4e-15,ok,0.817,3.6e-15,false,true,5,0.817,2.9e-12,true,true,0,0.817,5.7e-15,true,true,5,0.817,7.1e-15,true,true,5,0.817,3.7e-15,true,true,4,0.817,1.4e-11,true,true,prefault_v,0.817,false,,0,,NaN,NaN,NaN
0.9,2.0813,rms,power,"fault bus 38 xf=0.02 clear@0.1",38,0.02,0.1,0.478,0.478,ok,0.818,4.4e-15,ok,0.818,5.4e-15,ok,0.818,4.4e-15,false,true,4,0.818,5.5e-11,true,true,0,0.818,7.1e-15,true,true,5,0.818,5.3e-15,true,true,4,0.818,2.3e-12,true,true,4,0.818,7.1e-15,true,true,newton,0.818,false,,0,,NaN,NaN,NaN
0.9,2.0813,rms,power,"fault bus 1 xf=0.001 cleared by trip 1-2",1,0.001,0.1,0.054,0.054,ok,0.802,4.4e-15,ok,0.803,3.6e-15,ok,0.803,3.2e-15,false,true,4,0.803,5.3e-15,true,true,0,0.803,5.3e-15,true,true,5,0.803,1.2e-14,true,true,4,0.803,2.1e-11,true,true,4,0.803,5.3e-15,true,true,flat_angle,0.803,false,,0,,NaN,NaN,NaN
0.9,2.0813,rms,power,"fault bus 1 xf=0.005 cleared by trip 1-2",1,0.005,0.1,0.223,0.223,ok,0.803,5.3e-15,ok,0.803,6.4e-15,ok,0.803,3.6e-15,false,true,4,0.803,3.6e-15,true,true,0,0.803,3.5e-15,true,true,5,0.803,2.0e-14,true,true,4,0.803,1.4e-11,true,true,4,0.803,3.6e-15,true,true,flat_angle,0.803,false,,0,,NaN,NaN,NaN
0.9,2.0813,rms,power,"fault bus 1 xf=0.001 cleared by trip 1-39",1,0.001,0.1,0.054,0.054,ok,0.807,3.6e-15,ok,0.808,3.6e-15,ok,0.808,5.3e-15,false,true,4,0.808,5.3e-15,true,true,0,0.808,5.3e-15,true,true,5,0.808,1.6e-14,true,true,4,0.808,1.8e-11,true,true,4,0.808,4.1e-15,true,true,flat_angle,0.808,false,,0,,NaN,NaN,NaN
0.9,2.0813,rms,power,"fault bus 1 xf=0.005 cleared by trip 1-39",1,0.005,0.1,0.223,0.223,ok,0.808,3.6e-15,ok,0.809,7.1e-15,ok,0.809,5.3e-15,false,true,4,0.809,5.3e-15,true,true,0,0.809,7.1e-15,true,true,5,0.809,1.2e-14,true,true,4,0.809,1.2e-11,true,true,4,0.809,5.3e-15,true,true,flat_angle,0.809,false,,0,,NaN,NaN,NaN
0.9,2.0813,rms,power,"fault bus 2 xf=0.001 cleared by trip 2-3",2,0.001,0.1,0.070,0.070,ok,0.613,5.3e-15,ok,0.615,5.3e-15,ok,0.615,8.9e-15,false,true,5,0.615,5.3e-15,true,true,0,0.615,5.3e-15,true,true,5,0.615,9.5e-11,true,true,5,0.615,1.0e-13,true,true,5,0.615,7.1e-15,true,true,flat,0.615,false,,0,,NaN,NaN,NaN
0.9,2.0813,rms,power,"fault bus 2 xf=0.005 cleared by trip 2-3",2,0.005,0.1,0.269,0.269,ok,0.616,5.3e-15,ok,0.618,3.7e-15,ok,0.618,3.7e-15,false,true,5,0.618,3.4e-15,true,true,0,0.618,3.6e-15,true,true,5,0.618,1.5e-11,true,true,5,0.618,5.6e-15,true,true,5,0.618,5.3e-15,true,true,flat,0.618,false,,0,,NaN,NaN,NaN
0.9,2.0813,rms,power,"fault bus 2 xf=0.001 cleared by trip 2-25",2,0.001,0.1,0.070,0.070,ok,0.798,1.4e-13,ok,0.802,2.0e-13,ok,0.802,2.1e-13,false,true,5,0.802,2.0e-13,true,true,0,0.802,5.3e-15,true,true,5,0.802,1.1e-14,true,true,5,0.802,4.4e-15,true,true,4,0.802,1.7e-11,true,true,prefault_v,0.802,false,,0,,NaN,NaN,NaN
0.9,2.0813,rms,power,"fault bus 2 xf=0.005 cleared by trip 2-25",2,0.005,0.1,0.269,0.269,ok,0.803,5.3e-15,ok,0.806,5.3e-15,ok,0.806,5.3e-15,false,true,5,0.806,5.3e-15,true,true,0,0.806,3.7e-15,true,true,5,0.806,4.0e-15,true,true,5,0.806,3.6e-15,true,true,4,0.806,1.5e-13,true,true,prefault_v,0.806,false,,0,,NaN,NaN,NaN
0.9,2.0813,rms,power,"fault bus 3 xf=0.001 cleared by trip 3-4",3,0.001,0.1,0.064,0.064,ok,0.784,7.1e-15,ok,0.791,4.7e-15,ok,0.791,5.3e-15,false,true,6,0.792,5.3e-15,true,true,0,0.792,5.3e-15,true,true,5,0.792,5.8e-13,true,true,5,0.792,1.4e-13,true,true,5,0.792,7.1e-15,true,true,flat,0.792,false,,0,,NaN,NaN,NaN
0.9,2.0813,rms,power,"fault bus 3 xf=0.005 cleared by trip 3-4",3,0.005,0.1,0.245,0.245,ok,0.795,1.0e-12,ok,0.800,5.3e-15,ok,0.800,3.6e-15,false,true,5,0.800,1.4e-12,true,true,0,0.800,5.9e-15,true,true,5,0.800,1.6e-14,true,true,5,0.800,5.3e-15,true,true,4,0.800,1.9e-11,true,true,prefault_v,0.800,false,,0,,NaN,NaN,NaN
0.9,2.0813,rms,power,"fault bus 3 xf=0.001 cleared by trip 3-18",3,0.001,0.1,0.064,0.064,ok,0.780,3.6e-15,ok,0.785,3.8e-15,ok,0.786,4.4e-15,false,true,6,0.786,5.8e-15,true,true,0,0.786,5.3e-15,true,true,5,0.786,1.0e-12,true,true,5,0.786,2.1e-13,true,true,5,0.786,4.2e-15,true,true,flat,0.786,false,,0,,NaN,NaN,NaN
0.9,2.0813,rms,power,"fault bus 3 xf=0.005 cleared by trip 3-18",3,0.005,0.1,0.245,0.245,ok,0.789,4.3e-13,ok,0.793,6.1e-13,ok,0.793,6.2e-13,false,true,5,0.793,6.2e-13,true,true,0,0.793,3.7e-15,true,true,5,0.793,3.6e-14,true,true,5,0.793,5.3e-15,true,true,4,0.793,3.6e-11,true,true,prefault_v,0.793,false,,0,,NaN,NaN,NaN
0.9,2.0813,rms,power,"fault bus 4 xf=0.001 cleared by trip 4-5",4,0.001,0.1,0.055,0.055,ok,0.708,5.3e-15,ok,0.717,3.8e-15,ok,0.718,5.2e-15,false,true,6,0.718,8.9e-15,true,true,0,0.718,1.1e-14,true,true,5,0.718,3.0e-12,true,true,5,0.718,1.5e-12,true,true,5,0.718,5.3e-15,true,true,flat,0.718,false,,0,,NaN,NaN,NaN
0.9,2.0813,rms,power,"fault bus 4 xf=0.005 cleared by trip 4-5",4,0.005,0.1,0.217,0.217,ok,0.721,2.1e-14,ok,0.728,4.1e-14,ok,0.728,3.9e-14,false,true,5,0.729,4.3e-14,true,true,0,0.729,5.3e-15,true,true,5,0.729,2.5e-13,true,true,5,0.729,7.1e-15,true,true,5,0.729,5.3e-15,true,true,flat,0.729,false,,0,,NaN,NaN,NaN
0.9,2.0813,rms,power,"fault bus 4 xf=0.001 cleared by trip 4-14",4,0.001,0.1,0.055,0.055,ok,0.718,5.3e-15,ok,0.730,3.6e-15,ok,0.731,3.6e-15,false,true,6,0.731,4.0e-15,true,true,0,0.731,3.6e-15,true,true,5,0.731,2.2e-12,true,true,5,0.731,1.3e-12,true,true,5,0.731,7.1e-15,true,true,flat,0.731,false,,0,,NaN,NaN,NaN
0.9,2.0813,rms,power,"fault bus 4 xf=0.005 cleared by trip 4-14",4,0.005,0.1,0.217,0.217,ok,0.735,4.1e-14,ok,0.744,9.6e-14,ok,0.744,1.0e-13,false,true,5,0.744,1.1e-13,true,true,0,0.744,3.6e-15,true,true,5,0.744,1.5e-13,true,true,5,0.744,3.6e-15,true,true,5,0.744,4.4e-15,true,true,flat,0.744,false,,0,,NaN,NaN,NaN
0.9,2.0813,rms,power,"fault bus 5 xf=0.001 cleared by trip 5-6",5,0.001,0.1,0.053,0.053,ok,0.709,3.6e-15,ok,0.724,5.3e-15,ok,0.726,3.8e-15,false,true,5,0.726,7.8e-12,true,true,0,0.726,5.3e-15,true,true,5,0.726,4.4e-13,true,true,5,0.726,8.0e-15,true,true,5,0.726,1.3e-14,true,true,newton,0.726,false,,0,,NaN,NaN,NaN
0.9,2.0813,rms,power,"fault bus 5 xf=0.005 cleared by trip 5-6",5,0.005,0.1,0.210,0.210,ok,0.729,4.9e-15,ok,0.740,5.3e-15,ok,0.741,3.6e-15,false,true,5,0.741,7.5e-12,true,true,0,0.741,5.3e-15,true,true,5,0.741,4.4e-14,true,true,5,0.741,4.1e-15,true,true,5,0.741,5.3e-15,true,true,newton,0.741,false,,0,,NaN,NaN,NaN
0.9,2.0813,rms,power,"fault bus 5 xf=0.001 cleared by trip 5-8",5,0.001,0.1,0.053,0.053,ok,0.715,5.2e-15,ok,0.734,4.2e-15,ok,0.736,5.3e-15,false,true,5,0.736,1.9e-11,true,true,0,0.736,5.3e-15,true,true,5,0.736,1.8e-12,true,true,5,0.736,3.9e-14,true,true,5,0.736,8.9e-15,true,true,newton,0.736,false,,0,,NaN,NaN,NaN
0.9,2.0813,rms,power,"fault bus 5 xf=0.005 cleared by trip 5-8",5,0.005,0.1,0.210,0.210,ok,0.740,5.3e-15,ok,0.754,5.3e-15,ok,0.755,5.3e-15,false,true,5,0.755,1.5e-11,true,true,0,0.755,3.6e-15,true,true,5,0.755,1.3e-13,true,true,5,0.755,3.8e-15,true,true,5,0.755,3.6e-15,true,true,newton,0.755,false,,0,,NaN,NaN,NaN
0.9,2.0813,rms,power,"fault bus 6 xf=0.001 cleared by trip 6-7",6,0.001,0.1,0.053,0.053,ok,0.680,1.8e-13,ok,0.700,3.6e-15,ok,0.702,4.8e-15,false,true,5,0.702,2.9e-12,true,true,0,0.702,3.6e-15,true,true,5,0.702,1.1e-11,true,true,5,0.702,1.9e-13,true,true,5,0.702,1.7e-14,true,true,flat,0.702,false,,0,,NaN,NaN,NaN
0.9,2.0813,rms,power,"fault bus 6 xf=0.005 cleared by trip 6-7",6,0.005,0.1,0.210,0.210,ok,0.705,4.6e-15,ok,0.720,3.6e-15,ok,0.722,4.0e-15,false,true,5,0.722,5.3e-12,true,true,0,0.722,5.1e-15,true,true,5,0.722,8.2e-13,true,true,5,0.722,8.9e-15,true,true,5,0.722,7.1e-15,true,true,newton,0.722,false,,0,,NaN,NaN,NaN
0.9,2.0813,rms,power,"fault bus 6 xf=0.001 cleared by trip 6-11",6,0.001,0.1,0.053,0.053,ok,0.700,9.7e-13,ok,0.722,6.2e-15,ok,0.724,5.3e-15,false,true,5,0.725,4.5e-12,true,true,0,0.725,5.3e-15,true,true,5,0.725,4.8e-12,true,true,5,0.725,6.3e-14,true,true,5,0.725,1.1e-14,true,true,flat,0.725,false,,0,,NaN,NaN,NaN
0.9,2.0813,rms,power,"fault bus 6 xf=0.005 cleared by trip 6-11",6,0.005,0.1,0.210,0.210,ok,0.728,7.1e-15,ok,0.745,5.3e-15,ok,0.746,3.4e-15,false,true,5,0.746,8.6e-12,true,true,0,0.746,3.8e-15,true,true,5,0.746,3.8e-13,true,true,5,0.746,3.6e-15,true,true,5,0.746,3.6e-15,true,true,newton,0.746,false,,0,,NaN,NaN,NaN
0.9,2.0813,rms,power,"fault bus 7 xf=0.001 cleared by trip 7-8",7,0.001,0.1,0.046,0.046,ok,0.743,5.3e-15,ok,0.756,4.3e-15,ok,0.757,5.3e-15,false,true,6,0.757,5.3e-15,true,true,0,0.757,7.1e-15,true,true,5,0.757,2.1e-13,true,true,5,0.757,1.5e-14,true,true,5,0.757,3.6e-15,true,true,flat,0.757,false,,0,,NaN,NaN,NaN
0.9,2.0813,rms,power,"fault bus 7 xf=0.005 cleared by trip 7-8",7,0.005,0.1,0.189,0.189,ok,0.758,3.6e-15,ok,0.769,3.5e-15,ok,0.770,5.3e-15,false,true,5,0.770,4.9e-12,true,true,0,0.770,3.6e-15,true,true,5,0.770,2.7e-14,true,true,5,0.770,3.9e-15,true,true,5,0.770,5.3e-15,true,true,newton,0.770,false,,0,,NaN,NaN,NaN
0.9,2.0813,rms,power,"fault bus 8 xf=0.001 cleared by trip 8-9",8,0.001,0.1,0.049,0.049,ok,0.645,3.6e-15,ok,0.661,5.3e-15,ok,0.662,5.3e-15,false,true,6,0.662,3.6e-15,true,true,0,0.662,5.3e-15,true,true,5,0.662,5.0e-11,true,true,6,0.662,5.3e-15,true,true,5,0.662,1.3e-11,true,true,flat,0.662,false,,0,,NaN,NaN,NaN
0.9,2.0813,rms,power,"fault bus 8 xf=0.005 cleared by trip 8-9",8,0.005,0.1,0.199,0.199,ok,0.664,2.9e-14,ok,0.676,1.0e-13,ok,0.678,1.1e-13,false,true,5,0.678,1.1e-13,true,true,0,0.678,5.3e-15,true,true,5,0.678,1.1e-11,true,true,5,0.678,1.6e-12,true,true,5,0.678,5.3e-15,true,true,flat,0.678,false,,0,,NaN,NaN,NaN
0.9,2.0813,rms,power,"fault bus 9 xf=0.001 cleared by trip 9-39",9,0.001,0.1,0.051,0.051,ok,0.715,5.3e-15,ok,0.721,3.6e-15,ok,0.721,5.3e-15,false,true,5,0.721,7.1e-15,true,true,0,0.721,5.3e-15,true,true,5,0.721,2.1e-12,true,true,5,0.721,4.1e-15,true,true,4,0.721,2.5e-11,true,true,prefault_v,0.721,false,,0,,NaN,NaN,NaN
0.9,2.0813,rms,power,"fault bus 9 xf=0.005 cleared by trip 9-39",9,0.005,0.1,0.210,0.210,ok,0.722,6.9e-13,ok,0.727,5.3e-15,ok,0.727,4.7e-15,false,true,4,0.727,1.7e-12,true,true,0,0.727,3.6e-15,true,true,5,0.727,1.6e-12,true,true,5,0.727,4.1e-15,true,true,4,0.727,2.8e-12,true,true,prefault_v,0.727,false,,0,,NaN,NaN,NaN
0.9,2.0813,rms,power,"fault bus 10 xf=0.001 cleared by trip 10-11",10,0.001,0.1,0.045,0.045,ok,0.709,4.9e-15,ok,0.726,4.4e-15,ok,0.728,5.3e-15,false,true,5,0.728,6.1e-12,true,true,0,0.728,3.6e-15,true,true,5,0.728,4.1e-13,true,true,5,0.728,3.6e-15,true,true,5,0.728,4.9e-15,true,true,newton,0.728,false,,0,,NaN,NaN,NaN
0.9,2.0813,rms,power,"fault bus 10 xf=0.005 cleared by trip 10-11",10,0.005,0.1,0.185,0.185,ok,0.728,8.9e-15,ok,0.742,2.8e-14,ok,0.743,3.7e-14,false,true,5,0.743,3.4e-14,true,true,0,0.743,7.1e-15,true,true,5,0.743,7.1e-14,true,true,5,0.743,7.1e-15,true,true,5,0.743,5.3e-15,true,true,flat,0.743,false,,0,,NaN,NaN,NaN
0.9,2.0813,rms,power,"fault bus 10 xf=0.001 cleared by trip 10-13",10,0.001,0.1,0.045,0.045,ok,0.710,3.8e-15,ok,0.726,7.1e-15,ok,0.728,3.7e-15,false,true,5,0.728,4.7e-12,true,true,0,0.728,5.3e-15,true,true,5,0.728,1.2e-13,true,true,5,0.728,3.6e-15,true,true,5,0.728,2.7e-15,true,true,newton,0.728,false,,0,,NaN,NaN,NaN
0.9,2.0813,rms,power,"fault bus 10 xf=0.005 cleared by trip 10-13",10,0.005,0.1,0.185,0.185,ok,0.728,5.3e-15,ok,0.741,1.9e-14,ok,0.742,2.0e-14,false,true,5,0.743,2.2e-14,true,true,0,0.743,5.3e-15,true,true,5,0.743,2.7e-14,true,true,5,0.743,8.9e-15,true,true,5,0.743,5.3e-15,true,true,flat,0.743,false,,0,,NaN,NaN,NaN
0.9,2.0813,rms,power,"fault bus 13 xf=0.001 cleared by trip 13-14",13,0.001,0.1,0.044,0.044,ok,0.725,8.9e-15,ok,0.739,5.3e-15,ok,0.740,3.1e-15,false,true,5,0.740,6.9e-12,true,true,0,0.740,5.3e-15,true,true,5,0.740,3.0e-14,true,true,5,0.740,4.5e-15,true,true,5,0.740,5.3e-15,true,true,newton,0.740,false,,0,,NaN,NaN,NaN
0.9,2.0813,rms,power,"fault bus 13 xf=0.005 cleared by trip 13-14",13,0.005,0.1,0.182,0.182,ok,0.740,5.3e-15,ok,0.751,5.3e-15,ok,0.752,4.5e-15,false,true,5,0.752,5.3e-15,true,true,0,0.752,5.3e-15,true,true,5,0.752,1.2e-14,true,true,5,0.752,8.9e-15,true,true,5,0.752,5.3e-15,true,true,flat,0.752,false,,0,,NaN,NaN,NaN
0.9,2.0813,rms,power,"fault bus 14 xf=0.001 cleared by trip 14-15",14,0.001,0.1,0.050,0.050,ok,0.743,5.6e-15,ok,0.758,5.3e-15,ok,0.759,6.2e-15,false,true,5,0.760,5.3e-12,true,true,0,0.760,5.3e-15,true,true,5,0.760,1.6e-14,true,true,5,0.760,5.3e-15,true,true,5,0.760,7.1e-15,true,true,newton,0.760,false,,0,,NaN,NaN,NaN
0.9,2.0813,rms,power,"fault bus 14 xf=0.005 cleared by trip 14-15",14,0.005,0.1,0.200,0.200,ok,0.762,1.5e-14,ok,0.774,3.0e-14,ok,0.775,3.2e-14,false,true,5,0.775,3.1e-14,true,true,0,0.775,7.1e-15,true,true,5,0.775,4.2e-15,true,true,5,0.775,5.3e-15,true,true,5,0.775,3.6e-15,true,true,newton,0.775,false,,0,,NaN,NaN,NaN
0.9,2.0813,rms,power,"fault bus 15 xf=0.001 cleared by trip 15-16",15,0.001,0.1,0.052,0.052,ok,0.598,4.4e-15,ok,0.605,5.3e-15,ok,0.606,4.4e-15,false,true,6,0.606,5.3e-15,true,true,0,0.606,3.6e-15,true,true,6,0.606,3.1e-15,true,true,6,0.606,4.9e-15,true,true,5,0.606,5.3e-15,true,true,hc,0.606,false,,0,,NaN,NaN,NaN
0.9,2.0813,rms,power,"fault bus 15 xf=0.005 cleared by trip 15-16",15,0.005,0.1,0.210,0.210,ok,0.608,3.6e-15,ok,0.613,6.3e-15,ok,0.614,5.3e-15,false,true,5,0.614,5.3e-15,true,true,0,0.614,3.6e-15,true,true,5,0.614,9.4e-11,true,true,5,0.614,1.2e-11,true,true,5,0.614,5.3e-15,true,true,flat,0.614,false,,0,,NaN,NaN,NaN
0.9,2.0813,rms,power,"fault bus 16 xf=0.001 cleared by trip 16-17",16,0.001,0.1,0.071,0.071,ok,0.770,4.9e-15,ok,0.772,3.6e-15,ok,0.772,4.6e-15,false,true,6,0.772,5.3e-15,true,true,0,0.772,5.1e-15,true,true,5,0.772,6.6e-14,true,true,5,0.772,4.4e-14,true,true,6,0.772,3.2e-15,true,true,flat,0.772,false,,0,,NaN,NaN,NaN
0.9,2.0813,rms,power,"fault bus 16 xf=0.005 cleared by trip 16-17",16,0.005,0.1,0.266,0.266,ok,0.773,5.5e-15,ok,0.775,5.3e-15,ok,0.775,5.3e-15,false,true,6,0.775,5.3e-15,true,true,0,0.775,5.3e-15,true,true,5,0.775,1.2e-14,true,true,5,0.775,5.3e-15,true,true,5,0.775,5.3e-15,true,true,flat,0.775,false,,0,,NaN,NaN,NaN
0.9,2.0813,rms,power,"fault bus 16 xf=0.001 cleared by trip 16-21",16,0.001,0.1,0.071,0.071,ok,0.756,5.7e-15,ok,0.764,4.4e-15,ok,0.765,3.6e-15,false,true,6,0.765,3.6e-15,true,true,0,0.765,8.9e-15,true,true,5,0.765,1.2e-13,true,true,5,0.765,6.9e-13,true,true,5,0.765,3.6e-12,true,true,prefault_v,0.765,false,,0,,NaN,NaN,NaN
0.9,2.0813,rms,power,"fault bus 16 xf=0.005 cleared by trip 16-21",16,0.005,0.1,0.266,0.266,ok,0.769,7.1e-15,ok,0.775,7.1e-15,ok,0.776,7.1e-15,false,true,5,0.776,9.2e-12,true,true,0,0.776,4.9e-15,true,true,5,0.776,1.2e-14,true,true,5,0.776,5.3e-15,true,true,5,0.776,4.1e-15,true,true,newton,0.776,false,,0,,NaN,NaN,NaN
0.9,2.0813,rms,power,"fault bus 16 xf=0.001 cleared by trip 16-24",16,0.001,0.1,0.071,0.071,ok,0.763,1.1e-14,ok,0.771,4.3e-15,ok,0.772,3.6e-15,false,true,7,0.772,5.3e-15,true,true,0,0.772,8.9e-15,true,true,5,0.772,8.9e-15,true,true,5,0.772,7.9e-11,true,true,6,0.772,5.1e-15,true,true,flat_angle,0.772,false,,0,,NaN,NaN,NaN
0.9,2.0813,rms,power,"fault bus 16 xf=0.005 cleared by trip 16-24",16,0.005,0.1,0.266,0.266,ok,0.776,5.4e-15,ok,0.782,7.1e-15,ok,0.782,2.7e-15,false,true,6,0.783,1.1e-14,true,true,0,0.783,5.3e-15,true,true,5,0.783,4.0e-15,true,true,5,0.783,4.4e-15,true,true,5,0.783,3.6e-15,true,true,flat,0.783,false,,0,,NaN,NaN,NaN
0.9,2.0813,rms,power,"fault bus 17 xf=0.001 cleared by trip 17-18",17,0.001,0.1,0.062,0.062,ok,0.749,5.3e-15,ok,0.752,4.1e-15,ok,0.752,3.6e-15,false,true,5,0.752,8.0e-12,true,true,0,0.752,6.7e-15,true,true,5,0.752,1.7e-13,true,true,5,0.752,7.1e-15,true,true,5,0.752,7.1e-15,true,true,newton,0.752,false,,0,,NaN,NaN,NaN
0.9,2.0813,rms,power,"fault bus 17 xf=0.005 cleared by trip 17-18",17,0.005,0.1,0.240,0.240,ok,0.753,7.1e-15,ok,0.755,4.7e-15,ok,0.756,5.3e-15,false,true,5,0.756,3.6e-15,true,true,0,0.756,4.5e-15,true,true,5,0.756,2.7e-14,true,true,5,0.756,5.3e-15,true,true,5,0.756,8.9e-15,true,true,flat,0.756,false,,0,,NaN,NaN,NaN
0.9,2.0813,rms,power,"fault bus 17 xf=0.001 cleared by trip 17-27",17,0.001,0.1,0.062,0.062,ok,0.794,4.1e-15,ok,0.799,5.3e-15,ok,0.799,6.2e-15,false,true,5,0.799,7.4e-11,true,true,0,0.799,7.1e-15,true,true,5,0.799,5.3e-15,true,true,5,0.799,5.3e-15,true,true,5,0.799,8.9e-15,true,true,newton,0.799,false,,0,,NaN,NaN,NaN
0.9,2.0813,rms,power,"fault bus 17 xf=0.005 cleared by trip 17-27",17,0.005,0.1,0.240,0.240,ok,0.802,8.0e-15,ok,0.805,1.1e-14,ok,0.805,9.8e-15,false,true,5,0.805,1.2e-14,true,true,0,0.805,4.4e-15,true,true,5,0.805,4.1e-15,true,true,5,0.805,3.9e-15,true,true,5,0.805,5.3e-15,true,true,flat_angle,0.805,false,,0,,NaN,NaN,NaN
0.9,2.0813,rms,power,"fault bus 21 xf=0.001 cleared by trip 21-22",21,0.001,0.1,0.046,0.046,ok,0.697,4.7e-15,ok,0.705,4.5e-15,ok,0.706,5.6e-15,false,true,6,0.706,3.6e-15,true,true,0,0.706,4.8e-15,true,true,5,0.706,3.4e-12,true,true,5,0.706,3.8e-12,true,true,5,0.706,7.1e-15,true,true,flat,0.706,false,,0,,NaN,NaN,NaN
0.9,2.0813,rms,power,"fault bus 21 xf=0.005 cleared by trip 21-22",21,0.005,0.1,0.188,0.188,ok,0.706,7.1e-15,ok,0.713,1.8e-14,ok,0.713,1.7e-14,false,true,5,0.713,1.7e-14,true,true,0,0.713,3.6e-15,true,true,5,0.713,7.2e-13,true,true,5,0.713,7.5e-14,true,true,5,0.713,4.9e-15,true,true,flat,0.713,false,,0,,NaN,NaN,NaN
0.9,2.0813,rms,power,"fault bus 22 xf=0.001 cleared by trip 22-23",22,0.001,0.1,0.047,0.047,ok,0.766,8.6e-14,ok,0.776,2.4e-13,ok,0.777,2.6e-13,false,true,5,0.777,2.6e-13,true,true,0,0.777,4.0e-15,true,true,5,0.777,5.3e-15,true,true,5,0.777,7.1e-15,true,true,5,0.777,3.6e-15,true,true,newton,0.777,false,,0,,NaN,NaN,NaN
0.9,2.0813,rms,power,"fault bus 22 xf=0.005 cleared by trip 22-23",22,0.005,0.1,0.195,0.195,ok,0.777,7.7e-15,ok,0.785,1.6e-14,ok,0.786,1.7e-14,false,true,5,0.786,1.7e-14,true,true,0,0.786,3.6e-15,true,true,5,0.786,7.1e-15,true,true,5,0.786,3.6e-15,true,true,5,0.786,3.6e-15,true,true,newton,0.786,false,,0,,NaN,NaN,NaN
0.9,2.0813,rms,power,"fault bus 23 xf=0.001 cleared by trip 23-24",23,0.001,0.1,0.044,0.044,ok,0.751,9.8e-15,ok,0.759,4.1e-14,ok,0.760,4.7e-14,false,true,5,0.760,4.8e-14,true,true,0,0.760,3.6e-15,true,true,5,0.760,3.6e-14,true,true,5,0.760,4.2e-15,true,true,5,0.760,5.3e-15,true,true,flat,0.760,false,,0,,NaN,NaN,NaN
0.9,2.0813,rms,power,"fault bus 23 xf=0.005 cleared by trip 23-24",23,0.005,0.1,0.183,0.183,ok,0.759,5.3e-15,ok,0.766,5.3e-15,ok,0.767,7.1e-15,false,true,5,0.767,3.6e-15,true,true,0,0.767,5.3e-15,true,true,5,0.767,2.1e-14,true,true,5,0.767,5.3e-15,true,true,5,0.767,5.3e-15,true,true,flat,0.767,false,,0,,NaN,NaN,NaN
0.9,2.0813,rms,power,"fault bus 25 xf=0.001 cleared by trip 25-26",25,0.001,0.1,0.057,0.057,ok,0.803,6.0e-15,ok,0.805,1.1e-14,ok,0.806,1.2e-14,false,true,5,0.806,1.2e-14,true,true,0,0.806,3.6e-15,true,true,5,0.806,1.2e-14,true,true,5,0.806,3.6e-15,true,true,4,0.806,4.4e-13,true,true,prefault_v,0.806,false,,0,,NaN,NaN,NaN
0.9,2.0813,rms,power,"fault bus 25 xf=0.005 cleared by trip 25-26",25,0.005,0.1,0.230,0.230,ok,0.807,5.3e-15,ok,0.809,4.2e-15,ok,0.809,7.1e-15,false,true,5,0.809,3.6e-15,true,true,0,0.809,4.0e-15,true,true,5,0.809,4.0e-15,true,true,5,0.809,3.6e-15,true,true,4,0.809,1.6e-14,true,true,prefault_v,0.809,false,,0,,NaN,NaN,NaN
0.9,2.0813,rms,power,"fault bus 26 xf=0.001 cleared by trip 26-27",26,0.001,0.1,0.044,0.044,ok,0.734,6.7e-15,ok,0.736,5.3e-15,ok,0.736,3.6e-15,false,true,5,0.736,6.7e-12,true,true,0,0.736,5.3e-15,true,true,5,0.736,4.3e-13,true,true,5,0.736,5.3e-15,true,true,5,0.736,7.1e-15,true,true,newton,0.736,false,,0,,NaN,NaN,NaN
0.9,2.0813,rms,power,"fault bus 26 xf=0.005 cleared by trip 26-27",26,0.005,0.1,0.185,0.185,ok,0.736,5.3e-15,ok,0.738,5.3e-15,ok,0.738,5.3e-15,false,true,5,0.738,5.3e-15,true,true,0,0.738,5.3e-15,true,true,5,0.738,1.0e-13,true,true,5,0.738,3.6e-15,true,true,4,0.738,1.2e-11,true,true,prefault_v,0.738,false,,0,,NaN,NaN,NaN
0.9,2.0813,rms,power,"fault bus 26 xf=0.001 cleared by trip 26-28",26,0.001,0.1,0.044,0.044,ok,0.805,5.3e-15,ok,0.807,3.6e-15,ok,0.807,5.8e-15,false,true,5,0.807,4.3e-12,true,true,0,0.807,7.1e-15,true,true,5,0.807,5.3e-15,true,true,5,0.807,7.1e-15,true,true,5,0.807,6.2e-15,true,true,newton,0.807,false,,0,,NaN,NaN,NaN
0.9,2.0813,rms,power,"fault bus 26 xf=0.005 cleared by trip 26-28",26,0.005,0.1,0.185,0.185,ok,0.807,5.3e-15,ok,0.809,5.3e-15,ok,0.809,6.2e-15,false,true,5,0.809,6.2e-15,true,true,0,0.809,5.3e-15,true,true,5,0.809,7.1e-15,true,true,5,0.809,3.0e-15,true,true,4,0.809,1.7e-11,true,true,prefault_v,0.809,false,,0,,NaN,NaN,NaN
0.9,2.0813,rms,power,"fault bus 26 xf=0.001 cleared by trip 26-29",26,0.001,0.1,0.044,0.044,ok,0.803,5.3e-15,ok,0.805,4.5e-15,ok,0.805,4.4e-15,false,true,5,0.805,3.8e-12,true,true,0,0.805,3.6e-15,true,true,5,0.805,5.3e-15,true,true,5,0.805,8.9e-15,true,true,5,0.805,7.1e-15,true,true,newton,0.805,false,,0,,NaN,NaN,NaN
0.9,2.0813,rms,power,"fault bus 26 xf=0.005 cleared by trip 26-29",26,0.005,0.1,0.185,0.185,ok,0.806,5.3e-15,ok,0.807,7.1e-15,ok,0.807,8.9e-15,false,true,5,0.807,5.3e-15,true,true,0,0.807,3.6e-15,true,true,5,0.807,4.4e-15,true,true,5,0.807,5.3e-15,true,true,4,0.807,5.3e-12,true,true,prefault_v,0.807,false,,0,,NaN,NaN,NaN
0.9,2.0813,rms,power,"fault bus 28 xf=0.001 cleared by trip 28-29",28,0.001,0.1,0.028,0.028,ok,0.766,3.6e-15,ok,0.770,4.4e-15,ok,0.770,7.5e-15,false,true,9,0.770,7.1e-15,true,true,0,0.770,8.4e-15,true,true,5,0.770,9.6e-11,true,true,5,0.770,1.9e-10,true,true,5,0.770,5.3e-15,true,true,flat_angle,0.770,false,,0,,NaN,NaN,NaN
0.9,2.0813,rms,power,"fault bus 28 xf=0.005 cleared by trip 28-29",28,0.005,0.1,0.126,0.126,ok,0.768,3.6e-15,ok,0.772,5.3e-15,ok,0.772,5.3e-15,false,true,6,0.772,5.3e-15,true,true,0,0.772,6.7e-15,true,true,5,0.772,2.2e-11,true,true,5,0.772,1.1e-11,true,true,5,0.772,7.1e-15,true,true,flat,0.772,false,,0,,NaN,NaN,NaN
0.9,2.0813,rms,power,"fault bus 12 xf=0.001 cleared by trip 12-11",12,0.001,0.1,0.022,0.022,ok,0.777,3.8e-15,ok,0.783,3.6e-15,ok,0.784,7.1e-15,false,true,6,0.784,5.3e-15,true,true,0,0.784,3.9e-15,true,true,5,0.784,1.2e-14,true,true,5,0.784,4.6e-15,true,true,4,0.784,2.4e-12,true,true,prefault_v,0.784,false,,0,,NaN,NaN,NaN
0.9,2.0813,rms,power,"fault bus 12 xf=0.005 cleared by trip 12-11",12,0.005,0.1,0.101,0.101,ok,0.781,3.6e-15,ok,0.787,3.6e-15,ok,0.787,3.6e-15,false,true,5,0.787,5.3e-15,true,true,0,0.787,5.3e-15,true,true,5,0.787,7.1e-15,true,true,5,0.787,3.6e-15,true,true,4,0.787,3.8e-13,true,true,prefault_v,0.787,false,,0,,NaN,NaN,NaN
0.9,2.0813,rms,power,"fault bus 12 xf=0.001 cleared by trip 12-13",12,0.001,0.1,0.022,0.022,ok,0.777,5.3e-15,ok,0.783,5.3e-15,ok,0.784,4.4e-15,false,true,6,0.784,4.8e-15,true,true,0,0.784,8.9e-15,true,true,5,0.784,8.7e-15,true,true,5,0.784,8.9e-15,true,true,4,0.784,1.8e-12,true,true,prefault_v,0.784,false,,0,,NaN,NaN,NaN
0.9,2.0813,rms,power,"fault bus 12 xf=0.005 cleared by trip 12-13",12,0.005,0.1,0.101,0.101,ok,0.781,5.3e-15,ok,0.787,5.3e-15,ok,0.787,3.6e-15,false,true,5,0.788,5.1e-15,true,true,0,0.788,3.7e-15,true,true,5,0.788,5.3e-15,true,true,5,0.788,5.1e-15,true,true,4,0.788,2.6e-13,true,true,prefault_v,0.788,false,,0,,NaN,NaN,NaN
