zf,method,status,t_end,v1_fault,v1_after,v1_end,vmin_end,n_low_end,msg
0.0100,0.0,normal,1.5000,0.3665,1.0606,1.1086,0.9685,0,
0.0100,1.1,lowvoltage,1.5000,0.3664,0.0000,0.0000,0.0000,1,
0.0100,2.1,lowvoltage,1.5000,0.3664,0.0000,0.0000,0.0000,1,
0.0100,1.0,normal,1.5000,0.3664,1.0606,1.1086,0.9685,0,
0.0100,2.0,normal,1.5000,0.3664,1.0604,1.1088,0.9684,0,
0.0110,0.0,normal,1.5000,0.3905,1.0628,1.1090,0.9690,0,
0.0110,1.1,diverge,1.5000,0.3904,0.0000,NaN,NaN,0,
0.0110,2.1,lowvoltage,1.5000,0.3903,0.0000,0.0000,0.0000,1,
0.0110,1.0,normal,1.5000,0.3904,1.0628,1.1090,0.9689,0,
0.0110,2.0,normal,1.5000,0.3903,1.0626,1.1092,0.9688,0,
0.0120,0.0,normal,1.5000,0.4126,1.0649,1.1094,0.9693,0,
0.0120,1.1,diverge,1.4000,0.4129,0.0000,0.0000,0.0000,2,
0.0120,2.1,diverge,1.4100,0.4128,0.0000,0.0000,0.0000,11,
0.0120,1.0,normal,1.5000,0.4129,1.0649,1.1094,0.9693,0,
0.0120,2.0,normal,1.5000,0.4128,1.0647,1.1096,0.9692,0,
0.0130,0.0,normal,1.5000,0.4338,1.0668,1.1097,0.9697,0,
0.0130,1.1,lowvoltage,1.5000,0.4341,0.0000,0.0000,0.0000,1,
0.0130,2.1,diverge,1.4100,0.4340,0.0000,0.0000,0.0000,5,
0.0130,1.0,normal,1.5000,0.4341,1.0669,1.1097,0.9697,0,
0.0130,2.0,normal,1.5000,0.4340,1.0667,1.1099,0.9696,0,
0.0140,0.0,normal,1.5000,0.4537,1.0686,1.1100,0.9700,0,
0.0140,1.1,diverge,1.4100,0.4540,0.0000,0.0000,0.0000,1,
0.0140,2.1,diverge,1.4100,0.4539,0.0000,0.0000,0.0000,2,
0.0140,1.0,normal,1.5000,0.4540,1.0687,1.1100,0.9700,0,
0.0140,2.0,normal,1.5000,0.4539,1.0685,1.1102,0.9699,0,
0.0150,0.0,normal,1.5000,0.4725,1.0703,1.1103,0.9703,0,
0.0150,1.1,lowvoltage,1.5000,0.4728,0.0000,0.0000,0.0000,5,
0.0150,2.1,diverge,1.5000,0.4728,0.0000,NaN,NaN,0,
0.0150,1.0,normal,1.5000,0.4728,1.0704,1.1103,0.9703,0,
0.0150,2.0,normal,1.5000,0.4728,1.0702,1.1105,0.9703,0,
0.0160,0.0,normal,1.5000,0.4907,1.0719,1.1106,0.9706,0,
0.0160,1.1,diverge,1.4200,0.4906,0.0000,0.0000,0.0000,2,
0.0160,2.1,diverge,1.5000,0.4906,0.0000,NaN,NaN,0,
0.0160,1.0,normal,1.5000,0.4906,1.0720,1.1106,0.9706,0,
0.0160,2.0,normal,1.5000,0.4906,1.0718,1.1108,0.9706,0,
0.0170,0.0,normal,1.5000,0.5074,1.0734,1.1108,0.9709,0,
0.0170,1.1,lowvoltage,1.5000,0.5074,0.0000,0.0000,0.0000,1,
0.0170,2.1,diverge,1.4300,0.5074,0.0000,0.0000,0.0000,5,
0.0170,1.0,normal,1.5000,0.5074,1.0734,1.1108,0.9709,0,
0.0170,2.0,normal,1.5000,0.5074,1.0733,1.1110,0.9708,0,
0.0180,0.0,normal,1.5000,0.5231,1.0748,1.1111,0.9712,0,
0.0180,1.1,diverge,1.4300,0.5234,0.0000,0.0000,0.0000,2,
0.0180,2.1,diverge,1.4400,0.5234,0.0000,0.0000,0.0000,10,
0.0180,1.0,normal,1.5000,0.5234,1.0748,1.1111,0.9711,0,
0.0180,2.0,normal,1.5000,0.5234,1.0747,1.1113,0.9711,0,
0.0190,0.0,normal,1.5000,0.5383,1.0761,1.1113,0.9714,0,
0.0190,1.1,diverge,1.4300,0.5386,0.0000,0.0000,0.0000,1,
0.0190,2.1,lowvoltage,1.5000,0.5385,0.0000,0.0000,0.0000,9,
0.0190,1.0,normal,1.5000,0.5386,1.0761,1.1113,0.9714,0,
0.0190,2.0,normal,1.5000,0.5385,1.0760,1.1115,0.9713,0,
0.0200,0.0,normal,1.5000,0.5526,1.0773,1.1115,0.9716,0,
0.0200,1.1,normal,1.5000,0.5530,1.0774,1.1115,0.9716,0,
0.0200,2.1,normal,1.5000,0.5529,1.0772,1.1117,0.9715,0,
0.0200,1.0,normal,1.5000,0.5530,1.0774,1.1115,0.9716,0,
0.0200,2.0,normal,1.5000,0.5529,1.0772,1.1117,0.9715,0,
