run,lambda,iteration,residual_2,scaled_residual_inf,sigma_min,sigma_max,scaled_condition,raw_condition,ild,ilq,vd,vq,icd,icq
homotopy,0.0,0,1.9424999999999997,1.9424999999999997,0.0835923778012506,4.908281903961131,58.71685951596056,5436.959893627589,0.0,-0.0,1.0,0.0,0.32,-0.0
homotopy,0.0,1,17.54304345247703,17.009838726239515,0.044767080697371946,8.821183675356924,197.04621203666676,9622.539983606981,3.0351562500000004,2.3912758314497893,0.4058659589925737,1.2536067540159832,3.3551562499999994,2.792429992734904
homotopy,0.0,2,11.454422004566135,11.440186296517192,0.14051936441692603,7.51783233250748,53.500329749583834,3180.969403083144,0.04757554982675183,3.3481703192075623,-0.16805356773650648,0.284505067975968,0.0889538904467817,3.671127007049957
homotopy,0.0,3,11.238351411945143,10.778051631582402,0.06469362228171642,7.272722056542183,112.4179138535822,6527.629033440948,2.637080663654539,1.5647488160524092,0.6633043674740199,1.0481581375632816,2.9403055173569483,2.043906821795624
homotopy,0.0,4,5.110015073588874,5.108770104918639,0.20105317026186045,5.692870748466073,28.315249846851103,1817.4015655876294,0.5712653119823194,2.2990172969667215,0.2410451710202331,0.3838642429511495,0.7420391369605155,2.5696396681514573
homotopy,0.0,5,1.5176779500237563,1.4831866922549533,0.14906835656952774,4.994414709088128,33.50419112428235,2507.460742850531,0.9126963430925515,1.2506614842891244,0.6352841879462107,0.41949663882552296,1.203111971867962,1.4424313763236494
homotopy,0.0,6,0.1638297203097415,0.15609235709451674,0.14618902077683857,4.943921076919673,33.81868932870616,2554.3184110469247,0.6649426179159728,0.9981350750494176,0.7038481331659818,0.3125807222745438,0.9613931846239793,1.1299183606141994
homotopy,0.0,7,0.003258567122301993,0.003110527536350549,0.14639792705609497,4.940878545561465,33.74964826973458,2550.9927021246112,0.6177471079098189,0.9787116382083146,0.7068706952598754,0.29450841882510176,0.9131962982146353,1.1018543680829318
homotopy,0.0,8,1.3407481596295295e-6,1.2793455512749574e-6,0.14639585083622206,4.940815682048754,33.74969750731672,2551.0643622824396,0.6168157425581313,0.9782873598331375,0.7069446834630524,0.294148498681997,0.9122614472190063,1.101217658441525
homotopy,0.0,9,2.390020131568619e-13,2.1893598045608087e-13,0.14639585036447877,4.940815656514992,33.749697441655236,2551.0643844501137,0.6168153545870252,0.9782871872688207,0.7069447128228747,0.29414834908696447,0.9122610557618107,1.1012174018514986
homotopy,0.2,0,0.17136330754587686,0.15821422672975466,0.14689510247060994,4.93892438711682,33.62211744332985,2556.8715314436577,0.6168153545870252,0.9782871872688207,0.7069447128228747,0.29414834908696447,0.9122610557618107,1.1012174018514986
homotopy,0.2,1,0.015397631186498941,0.013742521769898541,0.13829989085641825,4.9355387739796175,35.68722103406178,2740.221615853825,0.5337697876112856,0.8647090482725286,0.7400534161135178,0.2559961495257522,1.0025366269590714,1.026432089022662
homotopy,0.2,2,4.822259000892379e-5,4.7403253184530314e-5,0.13856199983267953,4.935488023918159,35.61934751142453,2733.5896533433756,0.527569901921195,0.8656852765605738,0.7392157453574948,0.25390428779726415,0.9956516917485501,1.0264624259910513
homotopy,0.2,3,2.977182853631667e-10,2.885585104195343e-10,0.13856164402474305,4.935487071561012,35.61943210402208,2733.597433879461,0.5275600492814834,0.865675137309144,0.7392185058843183,0.2539000282332507,0.9956428230077622,1.0264479379304594
homotopy,0.2,4,5.979412020748135e-14,4.440892098500626e-16,0.1385616440248985,4.9354870715566825,35.61943210395087,2733.597433870019,0.5275600492002334,0.8656751372670782,0.7392185058925413,0.2539000282014479,0.9956428229256707,1.0264479378695255
homotopy,0.4,0,0.17492360670314902,0.1654371016187508,0.1373030784509312,4.944908889860386,36.014552227447524,2802.583152112188,0.5275600492002334,0.8656751372670782,0.7392185058925413,0.2539000282014479,0.9956428229256707,1.0264479378695255
homotopy,0.4,1,0.022561479589445377,0.021470027942088965,0.12669284481217938,4.9413739197704345,39.00278604601517,3077.9752622680767,0.44459904158396735,0.7430138148914417,0.7755130881147128,0.2150507697457039,1.1008189546675,0.9244282865570705
homotopy,0.4,2,6.64854379170574e-5,6.44288699147566e-5,0.12691985569580708,4.941262469867359,38.93214692672077,3070.4960835843212,0.4375887195366022,0.742147359404949,0.775255521771196,0.2125278405902067,1.093207690157604,0.921879262729231
homotopy,0.4,3,5.262112656142161e-10,5.087188448271718e-10,0.12691981030983052,4.941261789417445,38.932155487430016,3070.495646883939,0.4375718338154683,0.74213893544154,0.7752571193006985,0.21252125667073712,1.0931911875692828,0.9218638879626317
homotopy,0.4,4,2.990145555212727e-14,4.440892098500626e-16,0.12691981031089458,4.941261789412764,38.932155487066744,3070.4956468372093,0.4375718336735954,0.7421389353840763,0.775257119309461,0.21252125661648447,1.0931911874263085,0.921863887856259
homotopy,0.6,0,0.1799035876378233,0.17350254330145742,0.1234965901668055,4.96227653621875,40.18148622173501,3230.6524580281725,0.4375718336735954,0.7421389353840763,0.775257119309461,0.21252125661648447,1.0931911874263085,0.921863887856259
homotopy,0.6,1,0.036061892168371856,0.03525018708448879,0.10933264225333604,4.958911141073945,45.35618127277661,3719.749755301629,0.35069218475858516,0.5990263250506473,0.8183961610129602,0.1706643706695566,1.214226327848295,0.7783345115337835
homotopy,0.6,2,0.00015709687274539062,0.0001517642929158569,0.10936483158836784,4.958771716092754,45.3415567333089,3717.4984641938618,0.34117927684129246,0.5944223376997287,0.8192465239523984,0.16696653391043062,1.2047789302832161,0.7704281234732706
homotopy,0.6,3,2.9025984977210147e-9,2.8162756571248337e-9,0.10936543774889398,4.9587712634514185,45.341301287861086,3717.4700515600844,0.34113650570947074,0.5944102179782452,0.8192473441643718,0.16695059443657437,1.2047346610079137,0.7703988573345776
homotopy,0.6,4,4.228198371219168e-14,4.440892098500626e-16,0.10936543775050643,4.958771263440007,45.34130128708825,3717.470051424879,0.341136504948486,0.5944102176726985,0.8192473442104344,0.166950594145786,1.204734660247905,0.7703988566952605
homotopy,0.8,0,0.1871159012492768,0.18334755563429528,0.10322310697843935,4.991621799079771,48.357600785281456,4050.076321266899,0.341136504948486,0.5944102176726985,0.8192473442104344,0.166950594145786,1.204734660247905,0.7703988566952605
homotopy,0.8,1,0.06709598357313067,0.0663660584823873,0.08250358064844032,4.989537526514638,60.47661795159872,5197.455295156526,0.2406159578858278,0.4076005535089373,0.8765890829027382,0.1168236295407547,1.343522879929306,0.5533645539685849
homotopy,0.8,2,0.0008235233100781038,0.0008060489495997913,0.08154934506947915,4.989550093387249,61.18442875459278,5264.300343923874,0.22284575722081096,0.39177522592297515,0.8807063315046236,0.10933803310112183,1.3288302830563201,0.5290710044805514
homotopy,0.8,3,9.590148840634046e-8,9.344440732306225e-8,0.08154573436031795,4.98955129584209,61.18715264486136,5264.551352965732,0.22261920540120606,0.3916637371300872,0.880727228436566,0.1092498208608291,1.3286123278299762,0.5288566684675715
homotopy,0.8,4,3.3446330473545916e-14,8.881784197001252e-16,0.08154573413784967,4.989551295997695,61.18715281369675,5264.551368098991,0.22261917916148627,0.39166372685683903,0.8807272299330252,0.10924981085506733,1.3286123016971676,0.5288566457736493
homotopy,1.0,0,0.19861742184592687,0.1971067540590108,0.07186451149187632,5.034465685985891,70.05496289437653,6143.334031899088,0.22261917916148627,0.39166372685683903,0.8807272299330252,0.10924981085506733,1.3286123016971676,0.5288566457736493
homotopy,1.0,1,0.1828446250906753,0.18188255000897113,0.03693838702110096,5.03867277998557,136.40749329707444,12293.041746717392,0.07368170571167496,0.08780952137403703,0.975161203976021,0.032813358709009185,1.4863361794417687,0.13261716213001085
homotopy,1.0,2,0.02671619810217528,0.02650999744076099,0.02648981238667058,5.0422274659564446,190.3459108111179,17259.895975213316,-0.006474441295327357,-0.01755189607359134,1.0056252083221309,-0.003670206139251883,1.439052626125988,-0.02318483730065754
homotopy,1.0,3,0.000835845996411331,0.0008292804409806287,0.024678074130309008,5.042931512101336,204.34866535665887,18546.53260510351,-0.02153063991250884,-0.03542069524540452,1.010674792142891,-0.010369379589010456,1.4294045626785226,-0.05031775665510188
homotopy,1.0,4,9.290264671186204e-7,9.218660648180332e-7,0.02461749336867175,5.042955371680321,204.85251264850515,18592.812214532118,-0.022032990880053303,-0.03601579656830133,1.010842889528501,-0.010592810533482763,1.429082641388743,-0.05122231884089174
homotopy,1.0,5,1.1761013347348606e-12,1.162625551387464e-12,0.024617425179661683,5.042955398501648,204.85308116902553,18592.86443352359,-0.02203355340068879,-0.03601646628668688,1.0108430789282854,-0.010593060993176027,1.4290822824089902,-0.051223335559816854
direct,1.0,0,2.2417553947743714,1.9424999999999997,0.027098508737592075,5.03907130704388,185.9538233575743,20357.140644537893,0.0,-0.0,1.0,0.0,0.32,-0.0
direct,1.0,1,115.93829654754782,114.69425547945875,0.01811513719819571,21.653990836261684,1195.3533997202323,25078.812726673794,4.361396721669444,7.240323518941131,-1.1852014938958404,2.105714734099596,3.3551562499999994,10.27044702131045
direct,1.0,2,2173.8651296382495,2173.187246885219,0.13116175676995534,93.28433761490143,711.2159817934802,3405.281426409569,32.03168006196718,-21.020864798114722,10.919837084297528,9.529418837839337,45.7316569936264,-9.156838728650865
direct,1.0,3,1471.867658444157,1471.7238336611933,0.0662755823329561,76.7911805443703,1158.6647425983494,6715.895631816455,2.4347548726296786,-32.557741692344024,12.589989982130781,-1.7524551299671352,16.903400290037453,-34.468011145059634
direct,1.0,4,923.4728939565045,923.3489384344861,0.05932376275687745,60.85563099302176,1025.822169143624,8033.409519211743,-19.48284827602791,-18.155432394815072,5.795773476103041,-8.271431488194974,-12.706093457113592,-27.639627846510184
direct,1.0,5,608.2724564351869,608.1363525854132,0.0674873933259775,49.42192252074609,732.3134008455238,6594.943101729799,1.61435654744351,-20.607351798262542,8.34172165318737,-1.0835633522557746,11.293502655990494,-21.969024792751927
direct,1.0,6,356.5452244712676,356.4417440332589,0.04603081601425468,37.89229335187828,823.194038970413,10256.472924810998,-11.962572049173003,-11.627317114893957,4.112555226279044,-5.117085586402068,-7.065559321397274,-17.566004540278218
direct,1.0,7,261.3152370529957,261.17145500691737,0.07371174789186984,32.474683545425336,440.56320022506463,6039.134979395076,1.8373002314647007,-13.156740377988555,5.751843150813171,-0.4094841492264383,8.63467160700423,-13.73531220053306
direct,1.0,8,136.69303969527473,136.61699358316952,0.020077781750593188,23.59328054954991,1175.0939841176855,23070.19393714128,-6.744735141509837,-7.9070212294609785,3.227878618990555,-2.993218997885321,-2.824409242138003,-11.431736789136416
direct,1.0,9,234.71657227049525,234.44541050710617,0.10107189787063876,30.778802979343332,304.52384518134716,4417.088409813045,6.0432089696402524,-10.634295240665889,5.20546005180428,1.264379520120817,12.323531876697743,-9.198960408172262
direct,1.0,10,117.8453211706963,117.76726490381256,0.026687212487812258,21.938374083345344,822.0556603041381,16882.198791319064,-3.0378771973285836,-8.777074076802506,3.8289457510945897,-1.7654229452092047,1.5946032247641835,-10.82909993763952
direct,1.0,11,139.19413935740425,138.99908986549903,0.09296376774519355,23.781305253308446,255.81262281119191,5333.178735229506,-10.7917693989539,-2.252105380622117,0.9248953313014288,-3.957287720083634,-9.568107104965573,-7.035290775327368
direct,1.0,12,53.94938776597826,53.89770993363021,0.015186718544552376,15.027149184559493,989.4928348395498,30424.002459188396,-4.886959135681444,-4.538184828309933,2.197407959053961,-2.0734904837532997,-2.2273498077688334,-7.140134646311815
direct,1.0,13,72.93968216008372,72.76419263859425,0.08175901046714315,17.343109382434616,212.12474665901647,5478.197701549206,2.071812012451046,-6.227025874402047,3.3452040170368003,0.22697213440570252,6.226720956782282,-6.003085770248713
direct,1.0,14,33.5826846435005,33.53099561895452,0.02239962020105717,12.02269588583767,536.7365954388034,20137.24748222954,-2.527183985818084,-4.449145635873872,2.3550262536904083,-1.2404460459062392,0.4363821517228299,-5.94856841909146
direct,1.0,15,22.92284697503016,22.864303656665914,0.03827261614723732,10.064774516314325,262.9758696817187,12380.816406667353,-4.957726925791208,-1.1151636073428288,0.9936891085066932,-1.8244175126143487,-3.6271552165706655,-3.428257384090366
direct,1.0,16,5.253090414654801,5.25205345625095,0.002053614384192634,5.696198393264778,2773.742936897184,222239.57496113877,-3.0965766398486534,-0.39647936100122927,0.8910416451625379,-1.115520172827127,-1.9127671934497101,-1.9074263078592235
direct,1.0,17,1170.7405950709447,1170.5151075336223,0.08566619260469781,68.4966863360249,799.5766387342471,5208.127719510706,8.500359536112036,-27.365547774735635,11.257970484046435,0.7858820156603612,22.924095932485102,-25.437095612743256
direct,1.0,18,695.5302169161317,695.4389357318935,0.014346058286968812,52.838707958333806,3683.1516296242607,32129.236632383363,-11.578863737255187,-19.73360535660843,6.980452775832535,-5.6312907365679905,-3.436461603105517,-26.185388432908056
direct,1.0,19,3682.4888037044548,3681.924240036564,0.13316430353952535,121.39602511812691,911.6258778922279,3338.7203963382917,38.70981427983149,-33.32504080085132,15.76054942268448,10.882431733872917,57.00636393999062,-20.838512671923116
direct,1.0,20,2181.3151584752113,2181.188573896141,0.05418720378035804,93.46023182810741,1724.765725261232,8237.410134270036,-0.7401582603732493,-39.94080737752907,14.920069921305313,-3.454319981332965,16.326191319904765,-43.78000629147976
direct,1.0,21,1665.3672414238638,1665.1961206553285,0.08696262454240906,81.67401520574458,939.1852607428449,5607.655994768822,-29.709548688232296,-19.904242647342585,5.589721031511319,-11.99068145266871,-23.19201044374327,-33.60612551652796
direct,1.0,22,884.7387168187431,884.6396731206803,0.03463609493212662,59.57099154142498,1719.910736419944,12969.867500867082,-4.540159284984366,-24.896529143349014,9.350572457373405,-3.580778081212449,6.210965607170241,-29.122302095597263
direct,1.0,23,1094.0105608079955,1093.7356522973405,0.11899410792452275,66.21569864176632,556.461994603687,4230.009933681966,-27.977774280999594,-8.639418212680862,1.7855744319583318,-10.483374455364327,-25.78547481364876,-20.757886234682616
direct,1.0,24,525.0358543035916,524.9510078853505,0.01211137918263666,45.93453048132374,3792.6754491492807,38007.39766308028,-10.053837019253127,-17.014824943527522,6.150881768694383,-4.880028952220795,-2.961707464423455,-22.7645381411644
direct,1.0,25,3620.5971891965105,3620.0068905142057,0.13397320016976694,120.37154055862723,898.4747726119547,3319.9296291890682,39.23573438866015,-31.93943554404769,15.317661191509504,11.17735219250724,57.08984794599234,-19.047337137187444
direct,1.0,26,2183.4339196358974,2183.3036700560824,0.0569392361986286,93.50540790515882,1642.1963859678704,7833.344133530786,0.09838000548780457,-39.947153074309654,14.989373976447403,-3.1613392440240418,17.243280550645594,-43.45132732043763
direct,1.0,27,1587.2396796744129,1587.0798179453961,0.08143862963197991,79.7384164956369,979.1227683468367,5959.003621489405,-28.251904670909422,-20.48140691047911,5.908340044994933,-11.526679187656626,-21.370723322002966,-33.651402684580546
direct,1.0,28,869.6404222656138,869.5360266330518,0.041716430439582966,59.06153167862499,1415.785844001264,10740.439474534549,-3.192180259684804,-24.830841929720865,9.435420254627518,-3.1037304452673506,7.665498506288909,-28.51001682362068
direct,1.0,29,836.4931356552644,836.2790678069822,0.10313370526988928,57.92076283912599,561.6084740439984,4809.49064440855,-23.470441403732284,-10.299660477038291,2.727245854664818,-9.038627329469364,-20.1925318396485,-20.750557238584314
direct,1.0,30,400.138501927784,400.05750176069756,0.005553712948645603,40.13014277202027,7225.822281975684,82000.25536787484,-7.05292445614441,-15.6285933387551,5.905773712072733,-3.7188110267509504,-0.2033156123130233,-20.05146040872054
direct,1.0,31,11894.521636100515,11893.65282011253,0.17370427743114836,218.13710760283467,1255.795832024334,3041.179641524039,-91.01122746091457,25.822562892715098,-15.318795209323454,-29.78812457990289,-108.69745368691025,-8.975593690365619
direct,1.0,32,8059.807323551203,8059.63288962349,0.08809721447824582,179.57845143090532,2038.412366321177,5529.830376062902,-62.32621279106587,-46.602555285806034,12.324797326746847,-25.542378899737535,-48.48875203019956,-75.56797414366292
direct,1.0,33,4552.410063125064,4552.295457591224,0.04333942349813077,134.97885265326028,3114.458886585834,10333.470681913099,-5.331785727003442,-57.54911932239505,20.715648904677995,-6.4700545502428035,18.149114464684438,-64.99961539685451
direct,1.0,34,4636.754347720104,4636.503581625121,0.11501116650039339,136.21930978224069,1184.4007319217544,4343.586126179472,-54.06529866515497,-24.68399905774899,5.314175776999747,-20.89757445742416,-47.89400734266551,-48.42223190111979
direct,1.0,35,2357.081392415803,2356.9869740991035,0.0051758237107567984,97.15004117051464,18769.967178095707,88016.8311985595,-14.681651948959512,-39.04988988094156,13.492929302412787,-8.26256937261115,0.6545916211314804,-48.56545463504535
direct,1.0,36,106689.57921930254,106688.66889886998,0.17670748664108227,653.2716608879772,3696.9099233178713,2993.976046575701,-272.5599811343899,73.38746362046653,-46.49041075791449,-89.52499630739914,-325.37268320530796,-28.693741872545584
direct,1.0,37,75175.02230506834,75174.84417591408,0.08887257888919592,548.3696591389539,6170.290836531787,5478.194550958288,-185.63573003393793,-147.44216726247453,37.75390013915106,-76.76787889287623,-143.3426651966723,-233.73012088780683
direct,1.0,38,43730.95506278131,43730.83070161799,0.04846108605918121,418.2504177788004,8630.644745931373,9225.562240338004,-8.205628913260313,-179.90205255260253,63.30926808035005,-17.264134323849305,62.94377887736269,-199.42656869699098
direct,1.0,39,40781.77147039881,40781.530592467265,0.11282346525137879,403.90081270146936,3579.936246431975,4409.04007166695,-153.67000670728163,-83.70492791673834,18.003124234275887,-60.480896580887645,-133.28456755779726,-151.71947648010865
direct,1.0,40,21568.342865292885,21568.23966083507,0.01579875601669208,293.7399022458562,18592.596906712595,28680.855697587253,-32.8185444887073,-122.19784925315655,41.14376367950821,-21.26231851130008,13.474798300222602,-146.24880981260458
direct,1.0,41,124046.86948945341,124046.21228226785,0.16820264294698195,704.4104749147749,4187.868053516897,3119.181680615497,-304.556399303651,14.085418864916292,-28.294408547012793,-105.46790624708454,-336.27198408136326,-104.73495072921563
direct,1.0,42,75636.4772355326,75636.33830605245,0.06427678649342848,550.0503488422207,8557.527201495312,7422.875493971413,-160.72469878969218,-175.07901527446336,49.4196794428868,-70.25996579834933,-105.32036578086442,-254.05905565013296
direct,1.0,43,55670.26015501808,55670.07872375531,0.08245106034742532,471.900642486027,5723.402955614784,5376.755531558385,41.420953084669435,-198.7531127769747,73.87726571871468,-1.402915442523664,124.45537587291719,-200.4569356248025
direct,1.0,44,32206.906655028793,32206.78451661322,0.048268967079962345,358.9390362796139,7436.2278290520635,9766.196878929657,-94.04750911640738,-123.48970640483363,36.69759651237918,-42.79580470312928,-52.666417256668154,-171.56654076468334
direct,1.0,45,31762.58623603317,31762.331798071893,0.10365678917624364,356.453428944173,3438.7851657078536,4268.206914521517,58.747615732344855,-141.27248235049768,55.145178081261776,9.259866918280885,120.86972727450654,-130.97666099980677
direct,1.0,46,16853.2122741755,16853.109848491295,0.01019491181849651,259.65865033512716,25469.435632001398,45078.26577800276,-46.26621316314208,-102.14172610117836,33.04830708236106,-24.364512695194,-8.941618223862719,-129.5191190984172
direct,1.0,47,227768.96846203625,227768.1935365474,0.14534334142735997,954.5061525957971,6567.250644040287,3051.6344578431404,349.4398779447006,-215.61712106466373,104.42118260820835,105.0545875954721,467.22239511155044,-97.33176225042693
direct,1.0,48,150119.74957769012,150119.5937162465,0.0700189747428552,774.9118394399795,11067.169182151616,6346.526487871641,36.51425706751803,-332.150699467513,120.17388537903098,-13.792065983769746,171.35991686106502,-347.50167986588986
direct,1.0,49,97473.2977501919,97473.14711232537,0.0726158714570384,624.4217998769977,8598.971372896396,6613.743456539057,-192.32508198809518,-189.51065504608763,51.942722707083036,-82.47463109952034,-133.90619042103475,-282.0360334766658
direct,1.0,50,64821.73774866512,64821.5808962715,0.07117321563380141,509.21144939506854,7154.537628523771,6242.0471686312885,25.709252706158537,-217.70453937619254,79.25332899816007,-8.418124702939906,114.7380997701091,-227.28571063183006
direct,1.0,51,41349.956288373935,41349.810826629684,0.06930990127827603,406.70536223815304,5867.9258625005095,6912.169458516296,-123.59503192007224,-125.2573378422323,34.95246569117552,-53.278848199403875,-84.18591580742242,-185.10696179856464
direct,1.0,52,28271.556537698198,28271.394061473326,0.07443810707238825,336.29678972620036,4517.804159087017,5964.558308929259,20.47700269623587,-143.06014038727807,52.70920935124619,-4.277860287299681,79.80934137580849,-147.99968915721746
direct,1.0,53,17344.609605643986,17344.47493911039,0.061447193812316926,263.415905939045,4286.866325313687,7750.310710340838,-76.86368719464932,-84.25957598156941,24.341756617977342,-33.64305659665281,-49.321760682976475,-122.12241302169552
direct,1.0,54,12990.274338206522,12990.091611779359,0.08348665955371996,227.96985427580069,2730.6141543381814,5310.539149535866,20.87207869898883,-95.41155336664711,36.06380997424559,-0.3276967246856728,61.59627909943977,-95.90638619447236
direct,1.0,55,7377.195051281781,7377.079703510547,0.042593612942216176,171.8092721108686,4033.686279300852,11025.807647050788,-44.190172287653695,-59.844318094893644,18.410297550200475,-20.254105748270288,-23.27068187202717,-82.68978152541857
direct,1.0,56,8159.985408314849,8159.710149112027,0.10754296958143503,180.688973798095,1680.1560762302684,4116.579915234738,33.1005882687507,-69.57860523203637,28.00055889271278,6.0189174754998405,64.8627335980093,-62.88545809092673
direct,1.0,57,4284.060071283117,4283.9614596516685,0.0006376048638990992,130.9428391439065,205366.7507226359,716289.6719079723,-20.729545119153684,-52.546827608387986,17.7330260534035,-11.45908700037483,-0.5383783322383096,-65.46538404701407
direct,1.0,58,1.3345598673741274e7,1.3345597620159991e7,0.17933562554977178,7306.326002871797,40741.074064193905,18866.673523209058,-2959.4219719617845,1074.6996117363935,-611.8986218646806,-949.8217212477133,-3653.1619639606924,-2.7074214388624327
direct,1.0,59,1.0320437364284856e7,1.0320437163515773e7,0.09871849720453103,6425.088210373132,65084.94752570271,27907.635246404025,-2256.423319197574,-1615.3561168393587,385.8607753579696,-918.9766510662996,-1824.6226872415323,-2644.086091189026
direct,1.0,60,5.796032460516345e6,5.796032342988221e6,0.03809758949562738,4814.991121148377,126385.71586533089,49559.297146526296,-226.79765563990168,-2066.533132647532,706.142783975444,-244.70183008576817,563.6646958223946,-2340.580376439072
direct,1.0,61,7.65442571622956e6,7.654425377924815e6,0.13618278082723034,5533.327307597756,40631.622250522756,18032.27932760849,-2252.690026043887,-799.2864827042756,100.53506686298533,-852.3844277317027,-2139.997228425515,-1753.5219659747431
direct,1.0,62,4.078402122162653e6,4.0784020167376716e6,0.011294390449793402,4039.0120378526954,357612.2196064665,143688.62342483172,-701.4143338249391,-1596.863729298519,503.7891585484865,-373.2441151826102,-137.46771825273845,-2014.8217509437548
direct,1.0,63,4.816867892886792e7,4.8168678154615015e7,0.14629721128080722,13880.732035566985,94880.35974194952,36748.32298242976,5079.577780673966,-3180.2210601512984,1520.4435935068718,1523.4345384237847,6781.858189340478,-1474.8151406839122
direct,1.0,64,3.158665837810401e7,3.1586658222721346e7,0.06947779094366005,11240.402256157086,161784.10544560914,62822.063184117476,513.6973457213116,-4826.554252067168,1731.3897758812136,-206.33026916291442,2451.492854679298,-5057.355341586914
direct,1.0,65,2.079645868043871e7,2.079645852415902e7,0.0758169165164976,9120.62739523457,120298.05239111694,50594.88570583363,-2828.2898860613764,-2741.9237100964447,734.4101076488453,-1209.2553569291972,-2006.1914134542158,-4095.3213038346084
direct,1.0,66,1.3603288444711247e7,1.360328829003939e7,0.06912198679108442,7376.527852011193,106717.53221310244,41442.776451254394,328.68714773247075,-3167.964674763748,1136.0826079859096,-138.39667227473524,1600.3035274848917,-3322.9984885429612
direct,1.0,67,8.990446414876452e6,8.990446257705756e6,0.07641356483490051,5996.815406003972,78478.41438834477,33022.89869734836,-1867.2438086867196,-1795.0772101783007,479.8975188674675,-797.141509854616,-1329.9456256264275,-2687.3207727182266
direct,1.0,68,5.84361403440791e6,5.843613881391628e6,0.0682077652072084,4834.714626738086,70882.17319612662,27532.557799256956,201.44538777010393,-2077.5183570558206,744.2470559911455,-95.69558284492916,1034.5962178315162,-2184.7715194821517
direct,1.0,69,3.9026318166335616e6,3.9026316569587803e6,0.0780260878382814,3951.0171604541297,50637.13009222115,21336.115980034203,-1243.0765607120702,-1169.3795773686552,310.8367272220637,-528.627162438717,-894.9592350446635,-1761.159183454764
direct,1.0,70,2.496811432190048e6,2.4968112832120983e6,0.06584970693506237,3160.261878732081,47992.04166312495,18652.366646755836,108.31799643605018,-1359.8370584976637,485.60841018906626,-70.87566592719548,652.0481425063956,-1439.321558223199
direct,1.0,71,1.7169307291028786e6,1.7169305622457378e6,0.08234033339691645,2620.6358389192774,31826.879134514376,13458.64460144143,-846.3190785015242,-751.9897658730548,196.4908917754472,-356.37085874537786,-626.1596612808148,-1151.0241898980373
direct,1.0,72,1.058215945623856e6,1.0582158059632927e6,0.059734934033317616,2057.394776024484,34442.06994314175,13408.107082712237,31.77997596869011,-887.3292728891959,314.10764358871376,-59.8633502420941,383.5904454872308,-954.5031278074476
direct,1.0,73,796108.1915646887,796108.0020514418,0.09387187363290521,1784.5004602724896,19009.958906870725,8118.149868233509,-613.8902867262775,-466.6326976216074,115.2102212294603,-252.19221616392576,-484.698079438385,-749.1180272428256
direct,1.0,74,455473.3807295762,455473.2590654715,0.043886049675275575,1349.7789235636108,30756.446149766954,12034.366619623786,-42.30759159973502,-580.8704721616576,200.92005792860135,-61.27729483283986,182.82004344486688,-649.6553976380774
direct,1.0,75,490384.7755987201,490384.4925652733,0.12443503969507048,1400.552620069226,11255.291303006745,4941.138827705753,-550.2543264827557,-252.5621306721156,45.37639961661998,-212.79398472273377,-499.25662434802166,-491.0492444856134
direct,1.0,76,259388.7457489288,259388.64204383764,0.0034598784241494543,1018.6092221455299,294406.07364576275,131800.39296740148,-141.89643813661706,-416.1097577629191,135.28670016609232,-82.95253396884951,9.721548759190625,-509.2113298362089
direct,1.0,77,3.0849864578427743e7,3.084986361078585e7,0.17804567881189023,11108.531119232483,62391.46714124372,28866.431613131706,-4609.098209249158,1328.8069738679742,-832.8102975937236,-1506.8798153277673,-5542.553044072613,-360.51547723677004
direct,1.0,78,2.268858638425493e7,2.2688586199169688e7,0.09176290756067862,9526.508001170474,103816.54477187342,44247.48760883298,-3230.160319073604,-2548.3847492931195,634.5218367267037,-1334.426891619211,-2520.0898307543716,-4041.9964731550785
direct,1.0,79,1.3180839413480394e7,1.3180839287885476e7,0.047446353669020704,7261.08581722143,153037.80492540638,59806.25993396465,-149.35243044403478,-3131.699368473257,1085.1465845301173,-302.8093001332727,1065.2302515912552,-3470.7529217563597
direct,1.0,80,1.2906572541793246e7,1.290657228221777e7,0.11849403523070715,7185.144316610847,60637.181463365785,26466.06474515007,-2749.8715539813134,-1438.8627478706337,284.61223743621656,-1077.5640637231104,-2431.1556342339322,-2645.005975276876
