run,method,step_s,status,iterations,final_step_residual_inf,max_trajectory_algebraic_residual,max_trajectory_step_residual,final_voltage
direct,Euler,0.0001,Success,25,2.989601569721684e-14,NaN,NaN,NaN
restart,Euler,0.0001,Success,3,1.0837305690241105e-13,1.162625551387464e-12,1.1771556180779133e-13,1.0064826926323798
direct,Euler,1.0e-5,MaxIter,80,31077.957236335093,NaN,NaN,NaN
restart,Euler,1.0e-5,Success,2,5.4186528451205524e-14,1.162625551387464e-12,1.2145256376994342e-13,1.0064743157100655
direct,Euler,1.0e-6,MaxIter,80,22291.084118923336,NaN,NaN,NaN
restart,Euler,1.0e-6,Success,2,3.9238520602597107e-14,1.162625551387464e-12,1.2145256376994342e-13,1.0064734755028257
direct,Trap,0.0001,MaxIter,80,1.7686373732581295e7,NaN,NaN,NaN
restart,Trap,0.0001,Success,3,5.044952648905342e-14,1.162625551387464e-12,1.2145256376994342e-13,1.0064733723006238
direct,Trap,1.0e-5,Success,45,4.440892098500626e-16,NaN,NaN,NaN
restart,Trap,1.0e-5,Success,2,1.0463605494025895e-13,1.162625551387464e-12,1.1958406278886736e-13,1.0064733820199634
direct,Trap,1.0e-6,Success,65,5.979203139443368e-14,NaN,NaN,NaN
restart,Trap,1.0e-6,Success,2,1.8685009810760525e-15,1.162625551387464e-12,1.2145256376994342e-13,1.006473382117155
