run,method,step_s,iteration,residual_2,correction_2
direct,Euler,0.0001,0,2.2417553947743714,13.9216775001346
direct,Euler,0.0001,1,115.05443747749884,62.4880628776822
direct,Euler,0.0001,2,2155.119824464067,50.88229457816854
direct,Euler,0.0001,3,1459.7777400566617,41.14088458531507
direct,Euler,0.0001,4,919.5544171765595,33.297713705574594
direct,Euler,0.0001,5,603.5572095775274,25.591936680284807
direct,Euler,0.0001,6,356.2050733059362,21.665708575188283
direct,Euler,0.0001,7,256.1672853130296,15.755712787170081
direct,Euler,0.0001,8,135.24948300785124,18.925288079326126
direct,Euler,0.0001,9,196.64219035004993,13.31114784301027
direct,Euler,0.0001,10,97.15272479195531,16.07175608471388
direct,Euler,0.0001,11,141.21561742326847,10.040756153330008
direct,Euler,0.0001,12,54.8189465853874,8.090172315727278
direct,Euler,0.0001,13,36.704200466591665,5.281199628861778
direct,Euler,0.0001,14,15.272264338989428,2.7049157378914757
direct,Euler,0.0001,15,3.910683975842519,6.477525055592373
direct,Euler,0.0001,16,23.391700565458088,4.100450927362743
direct,Euler,0.0001,17,9.46893876597496,1.9067924169398314
direct,Euler,0.0001,18,1.9489620138456218,1.6070422586012
direct,Euler,0.0001,19,1.4802201369224852,0.5624072002124291
direct,Euler,0.0001,20,0.17586264794908454,0.3027574087667258
direct,Euler,0.0001,21,0.052674506996978815,0.07280918966563352
direct,Euler,0.0001,22,0.003042663099629644,0.0059732318387038736
direct,Euler,0.0001,23,2.0531718367879004e-5,3.782767846809233e-5
direct,Euler,0.0001,24,8.230030250905431e-10,1.5464588298771058e-9
direct,Euler,0.0001,25,2.991004329778191e-14,NaN
restart,Euler,0.0001,0,3.542039161061102e-5,0.0003273380235955089
restart,Euler,0.0001,1,6.042333135761757e-8,1.2714919520244534e-7
restart,Euler,0.0001,2,1.1249979392283629e-13,1.5153336827460664e-14
restart,Euler,0.0001,3,1.0837381774760094e-13,NaN
direct,Euler,1.0e-5,0,2.2417553947743714,13.971148345774417
direct,Euler,1.0e-5,1,115.84931743586475,62.73497105714714
direct,Euler,1.0e-5,2,2171.9619649039555,51.07495528334672
direct,Euler,1.0e-5,3,1470.639704784479,41.219780928145305
direct,Euler,1.0e-5,4,923.0698680991097,33.41414187057949
direct,Euler,1.0e-5,5,607.7912772092191,25.60264365906937
direct,Euler,1.0e-5,6,356.50404216144966,21.859170005411706
direct,Euler,1.0e-5,7,260.7822754238786,15.829976697150435
direct,Euler,1.0e-5,8,136.53631611284183,20.481842490016312
direct,Euler,1.0e-5,9,230.3501283922762,14.505220068775335
direct,Euler,1.0e-5,10,115.44577951202301,15.945993266057894
direct,Euler,1.0e-5,11,138.85072175820463,9.940766091784727
direct,Euler,1.0e-5,12,53.76185167627624,10.843257094424073
direct,Euler,1.0e-5,13,65.68569923730763,7.35892252098832
direct,Euler,1.0e-5,14,29.80373159698871,5.976213827268029
direct,Euler,1.0e-5,15,19.43817254812005,2.9027300279545374
direct,Euler,1.0e-5,16,4.518258978377957,21.947689814284963
direct,Euler,1.0e-5,17,262.0850183040801,17.394826171391014
direct,Euler,1.0e-5,18,171.67681889338698,14.676425045638712
direct,Euler,1.0e-5,19,117.87056774727209,10.408984888809034
direct,Euler,1.0e-5,20,59.12229144983531,13.911939327626188
direct,Euler,1.0e-5,21,106.82333204390125,9.676622198629175
direct,Euler,1.0e-5,22,51.63126498644483,8.32540950584564
direct,Euler,1.0e-5,23,37.797915945680046,4.4154488030274495
direct,Euler,1.0e-5,24,10.612404173373902,25.57356236547339
direct,Euler,1.0e-5,25,362.08838048912565,19.015347424945784
direct,Euler,1.0e-5,26,205.4174866793206,19.075701170690284
direct,Euler,1.0e-5,27,198.3453678715196,12.347608228813263
direct,Euler,1.0e-5,28,82.96967159554224,323.626437081377
direct,Euler,1.0e-5,29,57558.008918985994,271.7092506922732
direct,Euler,1.0e-5,30,41200.12011299392,217.2084420936186
direct,Euler,1.0e-5,31,25612.755945280645,185.2498495853791
direct,Euler,1.0e-5,32,18638.77168608514,141.05669516397742
direct,Euler,1.0e-5,33,10804.589042719886,137.9907929253669
direct,Euler,1.0e-5,34,10347.659676469068,100.44839394592802
direct,Euler,1.0e-5,35,5481.751212367419,312.14426168254977
direct,Euler,1.0e-5,36,53004.09455351754,249.42090681271102
direct,Euler,1.0e-5,37,33881.55783779409,205.75966546133344
direct,Euler,1.0e-5,38,22983.77567491663,161.70390124134096
direct,Euler,1.0e-5,39,14200.034076689975,137.3920909115547
direct,Euler,1.0e-5,40,10249.708670135182,104.09440921381967
direct,Euler,1.0e-5,41,5884.984067335668,99.82840039859047
direct,Euler,1.0e-5,42,5412.199531100231,71.71963869681532
direct,Euler,1.0e-5,43,2793.164167961003,172.3255311736425
direct,Euler,1.0e-5,44,16147.891135917349,133.46476285292133
direct,Euler,1.0e-5,45,9660.273572425043,111.63106804616169
direct,Euler,1.0e-5,46,6786.947957177993,86.01780533862463
direct,Euler,1.0e-5,47,4018.7120525042405,78.4438245630596
direct,Euler,1.0e-5,48,3345.760403965762,57.57402846626854
direct,Euler,1.0e-5,49,1801.4799828688522,88.90888719127052
direct,Euler,1.0e-5,50,4306.0330607691585,65.94328594422491
direct,Euler,1.0e-5,51,2369.645029474056,72.73721917377998
direct,Euler,1.0e-5,52,2875.702502790767,51.441786858333764
direct,Euler,1.0e-5,53,1436.7625106296048,212.5884899870081
direct,Euler,1.0e-5,54,24650.117578380035,172.53181497008038
direct,Euler,1.0e-5,55,16268.032629641782,138.68154438567532
direct,Euler,1.0e-5,56,10441.17690385043,113.42664846042278
direct,Euler,1.0e-5,57,6989.179082500859,89.3212989313369
direct,Euler,1.0e-5,58,4332.998722929532,75.19096206220556
direct,Euler,1.0e-5,59,3073.0789444357633,57.241321621554505
direct,Euler,1.0e-5,60,1780.1960177013882,54.33024921289555
direct,Euler,1.0e-5,61,1606.5822625280089,39.369996097833415
direct,Euler,1.0e-5,62,843.0616816140181,101.66149856417871
direct,Euler,1.0e-5,63,5639.433105199505,79.19101757717573
direct,Euler,1.0e-5,64,3429.624176023373,67.60968032318142
direct,Euler,1.0e-5,65,2482.448032254882,50.49504495878547
direct,Euler,1.0e-5,66,1385.6088793308925,48.80798227067386
direct,Euler,1.0e-5,67,1294.4901856402555,34.2266797454623
direct,Euler,1.0e-5,68,636.4266049466629,112.21167224079417
direct,Euler,1.0e-5,69,6862.2865620963585,88.8324336145063
direct,Euler,1.0e-5,70,4272.854484908392,68.71365942266037
direct,Euler,1.0e-5,71,2576.069805099742,59.17493440325456
direct,Euler,1.0e-5,72,1902.1869520107218,43.585162304516125
direct,Euler,1.0e-5,73,1032.4177368037617,45.01198476725428
direct,Euler,1.0e-5,74,1101.2691529354324,31.24177316791753
direct,Euler,1.0e-5,75,530.1732737797149,524.0163904903237
direct,Euler,1.0e-5,76,149995.15424846596,447.47631473161516
direct,Euler,1.0e-5,77,110052.65567708056,345.944500222366
direct,Euler,1.0e-5,78,64966.87435676649,325.904178157985
direct,Euler,1.0e-5,79,57680.330417918354,239.23603507943258
direct,Euler,1.0e-5,80,31078.063447506884,NaN
restart,Euler,1.0e-5,0,3.5420391610612957e-6,3.291078142817202e-5
restart,Euler,1.0e-5,1,6.107847591614498e-10,1.2913658879884907e-9
restart,Euler,1.0e-5,2,5.4198961644507036e-14,NaN
direct,Euler,1.0e-6,0,2.2417553947743714,13.976122623676167
direct,Euler,1.0e-6,1,115.92939266389807,62.76001971496383
direct,Euler,1.0e-6,2,2173.674524865103,51.09451099237014
direct,Euler,1.0e-6,3,1471.7446722044315,41.22790943606669
direct,Euler,1.0e-6,4,923.43247924352,33.42602520388772
direct,Euler,1.0e-6,5,608.2242413523262,25.60396885945767
direct,Euler,1.0e-6,6,356.54103471965374,21.879173876920152
direct,Euler,1.0e-6,7,261.2617554316287,15.838091757573357
direct,Euler,1.0e-6,8,136.67724258973183,20.655426123404045
direct,Euler,1.0e-6,9,234.27356727628737,14.639492053690637
direct,Euler,1.0e-6,10,117.6015853462754,15.96432400828675
direct,Euler,1.0e-6,11,139.15473202401688,9.95590047385658
direct,Euler,1.0e-6,12,53.92808094934329,11.367524667040694
direct,Euler,1.0e-6,13,72.14657421976833,7.76059702443758
direct,Euler,1.0e-6,14,33.167459414461376,6.43395415961895
direct,Euler,1.0e-6,15,22.54761882632121,3.0934622531314115
direct,Euler,1.0e-6,16,5.155650021099945,42.180171221003405
direct,Euler,1.0e-6,17,971.4348387038773,31.83113239385493
direct,Euler,1.0e-6,18,578.9712994812337,63.36047320813738
direct,Euler,1.0e-6,19,2192.717454188395,47.79079019031367
direct,Euler,1.0e-6,20,1249.3663715692292,44.2480639476167
direct,Euler,1.0e-6,21,1064.0728168619962,31.225933687468764
direct,Euler,1.0e-6,22,529.9126888519424,53.247115048344604
direct,Euler,1.0e-6,23,1543.863510617629,38.51427299074737
direct,Euler,1.0e-6,24,804.4434716992696,34.00125770678446
direct,Euler,1.0e-6,25,634.2106982852475,24.910105237170285
direct,Euler,1.0e-6,26,337.7197924589206,34.667823920426564
direct,Euler,1.0e-6,27,657.410137660124,25.08494182153911
direct,Euler,1.0e-6,28,344.2073417259112,29.00304327745489
direct,Euler,1.0e-6,29,458.36719531824247,19.52830385711781
direct,Euler,1.0e-6,30,207.17193639207878,31.40242118313337
direct,Euler,1.0e-6,31,543.2401916317506,22.953226242646345
direct,Euler,1.0e-6,32,289.1172691331479,22.997721201455338
direct,Euler,1.0e-6,33,288.0575896712858,15.209259928957202
direct,Euler,1.0e-6,34,125.80981850204209,394.5267144861226
direct,Euler,1.0e-6,35,85406.63440765935,333.82792246495455
direct,Euler,1.0e-6,36,61929.41210584734,263.42525946279767
direct,Euler,1.0e-6,37,37670.951056257094,232.56202215799382
direct,Euler,1.0e-6,38,29373.42878288074,173.88353937075593
direct,Euler,1.0e-6,39,16418.266511623846,201.37709406357476
direct,Euler,1.0e-6,40,22036.362857190237,146.60246852734758
direct,Euler,1.0e-6,41,11677.769181363152,425.1868014529108
direct,Euler,1.0e-6,42,98253.04299947376,337.7082158851641
direct,Euler,1.0e-6,43,61872.9917634663,277.2736781433129
direct,Euler,1.0e-6,44,41789.28120039936,219.295099650244
direct,Euler,1.0e-6,45,26110.074151034154,185.35769634656674
direct,Euler,1.0e-6,46,18660.127301770106,142.0607441080116
direct,Euler,1.0e-6,47,10958.77764766973,133.77178134648756
direct,Euler,1.0e-6,48,9723.94166347981,97.87875503838029
direct,Euler,1.0e-6,49,5204.442256709624,190.32042348264196
direct,Euler,1.0e-6,50,19705.04500004693,145.35805302261892
direct,Euler,1.0e-6,51,11501.023604828819,136.42744994967052
direct,Euler,1.0e-6,52,10106.94863185417,99.0206147706121
direct,Euler,1.0e-6,53,5324.060949260235,176.66364573877624
direct,Euler,1.0e-6,54,16959.159185876644,132.70675184551453
direct,Euler,1.0e-6,55,9555.633372428658,126.29501099857411
direct,Euler,1.0e-6,56,8685.846990687043,92.31694578305871
direct,Euler,1.0e-6,57,4630.172167993596,200.7176682464611
direct,Euler,1.0e-6,58,21920.040958463724,155.03936633762163
direct,Euler,1.0e-6,59,13088.583772487491,138.8460886293598
direct,Euler,1.0e-6,60,10467.54710318502,102.2524086736269
direct,Euler,1.0e-6,61,5677.7626545164585,127.00103272153173
direct,Euler,1.0e-6,62,8761.289250193428,91.56300021604511
direct,Euler,1.0e-6,63,4550.6623855186745,158.6801072837495
direct,Euler,1.0e-6,64,13717.079339690306,119.66445325559742
direct,Euler,1.0e-6,65,7794.372299869215,120.77644976816099
direct,Euler,1.0e-6,66,7922.671975723585,86.6283111668131
direct,Euler,1.0e-6,67,4074.504491963388,469.63959932476536
direct,Euler,1.0e-6,68,119958.29169487063,390.57132104569416
direct,Euler,1.0e-6,69,82692.40499084868,300.87730328243873
direct,Euler,1.0e-6,70,49199.617522289635,275.4312198497973
direct,Euler,1.0e-6,71,41186.53410173455,202.57450752556164
direct,Euler,1.0e-6,72,22279.424577300346,291.9174281248006
direct,Euler,1.0e-6,73,46276.357305609,215.5617784148043
direct,Euler,1.0e-6,74,25220.457742002996,264.29017937246294
direct,Euler,1.0e-6,75,37983.9255138176,193.34269650492465
direct,Euler,1.0e-6,76,20308.794612867885,392.49307168994636
direct,Euler,1.0e-6,77,83691.51075323418,301.1215925041367
direct,Euler,1.0e-6,78,49206.459218561926,273.5704111647734
direct,Euler,1.0e-6,79,40684.63437582816,202.61142269782678
direct,Euler,1.0e-6,80,22291.193615073735,NaN
restart,Euler,1.0e-6,0,3.542039161080625e-7,3.292856942177323e-6
restart,Euler,1.0e-6,1,6.1142342701644624e-12,1.2931836903171804e-11
restart,Euler,1.0e-6,2,3.925731726157795e-14,NaN
direct,Trap,0.0001,0,2.2417553947743714,13.94910042517156
direct,Trap,0.0001,1,115.49472374530362,62.62443226681073
direct,Trap,0.0001,2,2164.413155961854,50.98867927118625
direct,Trap,0.0001,3,1465.77016758371,41.18417997135917
direct,Trap,0.0001,4,921.4826433294384,33.361856954114224
direct,Trap,0.0001,5,605.8880833090745,25.597312971037326
direct,Trap,0.0001,6,356.35522246287996,21.771720845318903
direct,Trap,0.0001,7,258.69121928164157,15.795427125207501
direct,Trap,0.0001,8,135.93702153618088,19.751685315821653
direct,Trap,0.0001,9,214.20792630072404,13.942744129167465
direct,Trap,0.0001,10,106.63198659493712,15.92956612636649
direct,Trap,0.0001,11,138.63511553966853,9.92632416763303
direct,Trap,0.0001,12,53.59409348012924,9.185547314950972
direct,Trap,0.0001,13,47.24075287945727,6.0981943051022744
direct,Trap,0.0001,14,20.414273788731766,4.264295737792193
direct,Trap,0.0001,15,9.832568553212893,5.410094361077449
direct,Trap,0.0001,16,15.872064446684703,29.41848047430405
direct,Trap,0.0001,17,467.53987707292714,7410.243956338298
direct,Trap,0.0001,18,3.0095141156835347e7,6155.224572487352
direct,Trap,0.0001,19,2.0932492149320744e7,4947.461895004094
direct,Trap,0.0001,20,1.3287184598432975e7,4146.186466893886
direct,Trap,0.0001,21,9.331986046001576e6,3224.876503178464
direct,Trap,0.0001,22,5.645457031618066e6,2896.2620528890966
direct,Trap,0.0001,23,4.55365589242678e6,2159.1557352843856
direct,Trap,0.0001,24,2.530737310361872e6,2694.8500375498215
direct,Trap,0.0001,25,3.9425250164384986e6,1979.3112731578692
direct,Trap,0.0001,26,2.126827998974852e6,3819.603952100871
direct,Trap,0.0001,27,7.92022238543482e6,2932.6207804687083
direct,Trap,0.0001,28,4.668384265445248e6,2777.2402644754447
direct,Trap,0.0001,29,4.1875278587474865e6,2041.571675610501
direct,Trap,0.0001,30,2.2626226693472583e6,3809.7830381007775
direct,Trap,0.0001,31,7.879768642149934e6,2915.698822589457
direct,Trap,0.0001,32,4.615406423464545e6,2819.406240680151
direct,Trap,0.0001,33,4.315090922952692e6,2064.8535470772704
direct,Trap,0.0001,34,2.314459754678027e6,4772.400658690125
direct,Trap,0.0001,35,1.2364223389683587e7,3732.858368850861
direct,Trap,0.0001,36,7.563716140502821e6,3279.212448882258
direct,Trap,0.0001,37,5.837914544352608e6,2468.1904938678126
direct,Trap,0.0001,38,3.306998455720729e6,2719.5947959803075
direct,Trap,0.0001,39,4.015188878451614e6,1983.073979091608
direct,Trap,0.0001,40,2.1348706242248067e6,13835.50530720081
direct,Trap,0.0001,41,1.0392053232224922e8,11681.69558218709
direct,Trap,0.0001,42,7.407121108711252e7,9022.454615398656
direct,Trap,0.0001,43,4.419099321270928e7,8338.767186846391
direct,Trap,0.0001,44,3.7746152184985384e7,6161.970962913193
direct,Trap,0.0001,45,2.0611437095563218e7,9334.12672998019
direct,Trap,0.0001,46,4.729555539438789e7,6985.620548604046
direct,Trap,0.0001,47,2.6489548596730627e7,8209.282415320096
direct,Trap,0.0001,48,3.658491064594161e7,6004.860075967232
direct,Trap,0.0001,49,1.957416864110383e7,16872.639996893842
direct,Trap,0.0001,50,1.5454180117196792e8,13443.683573749186
direct,Trap,0.0001,51,9.810641639825656e7,11260.640351438156
direct,Trap,0.0001,52,6.88347583522907e7,8764.618795386652
direct,Trap,0.0001,53,4.169992225363527e7,7854.614307085059
direct,Trap,0.0001,54,3.349061619126869e7,5861.385046790145
direct,Trap,0.0001,55,1.8649703647395704e7,7211.399547293705
direct,Trap,0.0001,56,2.8230599289440118e7,5291.629704661832
direct,Trap,0.0001,57,1.5200551039957955e7,10983.515577069013
direct,Trap,0.0001,58,6.548816871313023e7,8500.996434014078
direct,Trap,0.0001,59,3.9228490014138944e7,7778.813816940645
direct,Trap,0.0001,60,3.2848541117923632e7,5764.668565474091
direct,Trap,0.0001,61,1.8039338249599967e7,8120.942498331034
direct,Trap,0.0001,62,3.580099180729171e7,6032.943892124746
direct,Trap,0.0001,63,1.975794180250017e7,8030.957315738468
direct,Trap,0.0001,64,3.501141427395697e7,5932.103412040009
direct,Trap,0.0001,65,1.9102177171727333e7,9061.488433025164
direct,Trap,0.0001,66,4.457509162295999e7,6788.643312780178
direct,Trap,0.0001,67,2.501784907682985e7,7891.601663514861
direct,Trap,0.0001,68,3.380671761568032e7,5767.599027337616
direct,Trap,0.0001,69,1.805746357470214e7,17846.797898737852
direct,Trap,0.0001,70,1.72905641968447e8,14337.21856827755
direct,Trap,0.0001,71,1.1158932755624369e8,11813.93430433546
direct,Trap,0.0001,72,7.57628897625225e7,9361.68680649661
direct,Trap,0.0001,73,4.7574945628257506e7,7945.745601302088
direct,Trap,0.0001,74,3.42719075994361e7,6112.490315601033
direct,Trap,0.0001,75,2.0281828097905513e7,5755.627102594636
direct,Trap,0.0001,76,1.7982715349845886e7,4234.950520304979
direct,Trap,0.0001,77,9.735677374727177e6,7482.833440407066
direct,Trap,0.0001,78,3.039550685629852e7,5693.269244635307
direct,Trap,0.0001,79,1.7594846945445884e7,5707.814138535267
direct,Trap,0.0001,80,1.768637399912943e7,NaN
restart,Trap,0.0001,0,3.542039161061102e-5,0.00032831889219538053
restart,Trap,0.0001,1,6.078599127716155e-8,1.282022890578872e-7
restart,Trap,0.0001,2,1.106505484427878e-13,1.0706325308272626e-14
restart,Trap,0.0001,3,5.048561386580973e-14,NaN
direct,Trap,1.0e-5,0,2.2417553947743714,13.97391121994987
direct,Trap,1.0e-5,1,115.89379040604693,62.74887891832719
direct,Trap,1.0e-5,2,2172.912746660792,51.08581304304822
direct,Trap,1.0e-5,3,1471.2531515520236,41.22429139847361
direct,Trap,1.0e-5,4,923.271069603003,33.42073830766833
direct,Trap,1.0e-5,5,608.0315970026386,25.60337418321657
direct,Trap,1.0e-5,6,356.52443463206856,21.87026830615516
direct,Trap,1.0e-5,7,261.0482415122904,15.834469555613305
direct,Trap,1.0e-5,8,136.6143315121872,20.577837176540008
direct,Trap,1.0e-5,9,232.5157789786314,14.579449722698795
direct,Trap,1.0e-5,10,116.63510629143153,15.955532937471116
direct,Trap,1.0e-5,11,139.00833489255055,9.948651117460546
direct,Trap,1.0e-5,12,53.84851701794879,11.125848544997648
direct,Trap,1.0e-5,13,69.13077504799455,7.5752683142561885
direct,Trap,1.0e-5,14,31.593099962961325,6.226243920319248
direct,Trap,1.0e-5,15,21.108481145242628,2.9934894541322525
direct,Trap,1.0e-5,16,4.8178602698966815,30.432535350122308
direct,Trap,1.0e-5,17,504.91738849187993,23.269642494486522
direct,Trap,1.0e-5,18,308.4666554397742,28.443585581009536
direct,Trap,1.0e-5,19,442.5855628282286,20.273861854260257
direct,Trap,1.0e-5,20,224.6525609616152,30.990271061925842
direct,Trap,1.0e-5,21,524.4787641687805,21.379933774748377
direct,Trap,1.0e-5,22,248.01442973070135,18.50642067204414
direct,Trap,1.0e-5,23,189.2534070291141,13.29314330090305
direct,Trap,1.0e-5,24,96.38627594495262,21.707674376497256
direct,Trap,1.0e-5,25,259.29274550922565,15.660549755542236
direct,Trap,1.0e-5,26,135.1253680174356,14.36227536073852
direct,Trap,1.0e-5,27,112.4276391218714,8.986131591671153
direct,Trap,1.0e-5,28,44.00950630232964,23.04764579362146
direct,Trap,1.0e-5,29,291.4402931200981,16.35526557784725
direct,Trap,1.0e-5,30,144.41273217100337,10.59377453658758
direct,Trap,1.0e-5,31,62.49971554303246,14.586785157118847
direct,Trap,1.0e-5,32,116.34400198784346,8.972172426154179
direct,Trap,1.0e-5,33,43.73473630231653,5.413237330078748
direct,Trap,1.0e-5,34,16.535142180787805,2.980514460546933
direct,Trap,1.0e-5,35,4.844886353703033,5.412712547068727
direct,Trap,1.0e-5,36,16.424494726855517,3.2757325028053237
direct,Trap,1.0e-5,37,6.017834083363848,1.4717565466007392
direct,Trap,1.0e-5,38,1.1683816988493547,1.0012498770988936
direct,Trap,1.0e-5,39,0.5767997323854109,0.36640497681284323
direct,Trap,1.0e-5,40,0.07627428642405334,0.14076926197276662
direct,Trap,1.0e-5,41,0.011409499768313737,0.019315325116304318
direct,Trap,1.0e-5,42,0.00021443573669234153,0.0004118465942580027
direct,Trap,1.0e-5,43,9.75804836130608e-8,1.825643396987458e-7
direct,Trap,1.0e-5,44,9.170280728940599e-14,3.946604090715962e-14
direct,Trap,1.0e-5,45,6.00444906525954e-16,NaN
restart,Trap,1.0e-5,0,3.5420391610612957e-6,3.2920669813588576e-5
restart,Trap,1.0e-5,1,6.111519567507768e-10,1.2924301653635224e-9
restart,Trap,1.0e-5,2,1.0463920438744224e-13,NaN
direct,Trap,1.0e-6,0,2.2417553947743714,13.97639911820168
direct,Trap,1.0e-6,1,115.93384443971219,62.76141322158783
direct,Trap,1.0e-6,2,2173.769819238071,51.09559897013004
direct,Trap,1.0e-6,3,1471.806160018857,41.228362294663675
direct,Trap,1.0e-6,4,923.4526834844216,33.42668667525727
direct,Trap,1.0e-6,5,608.2483461931979,25.604043834888692
direct,Trap,1.0e-6,6,356.54312760915366,21.88028875867066
direct,Trap,1.0e-6,7,261.288491080318,15.838546278148103
direct,Trap,1.0e-6,8,136.6851376742422,20.665174789572596
direct,Trap,1.0e-6,9,234.49489077290553,14.647038907571988
direct,Trap,1.0e-6,10,117.72334676555963,15.965494964131366
direct,Trap,1.0e-6,11,139.17429554642987,9.95686516687705
direct,Trap,1.0e-6,12,53.93866367278013,11.398765377468273
direct,Trap,1.0e-6,13,72.54109568824805,7.784574432593557
direct,Trap,1.0e-6,14,33.37394673943854,6.460432125944676
direct,Trap,1.0e-6,15,22.734432589148437,3.1074641814638437
direct,Trap,1.0e-6,16,5.20372931551393,44.1618413867295
direct,Trap,1.0e-6,17,1065.0489924163505,33.29487752679266
direct,Trap,1.0e-6,18,633.6704904082876,71.85337801849809
direct,Trap,1.0e-6,19,2819.2612598731407,54.70740079754018
direct,Trap,1.0e-6,20,1637.2167206956578,49.20390506599175
direct,Trap,1.0e-6,21,1315.4108444181777,35.24882163534996
direct,Trap,1.0e-6,22,675.2588328664255,46.47485765329324
direct,Trap,1.0e-6,23,1175.0441201295084,32.568659198956894
direct,Trap,1.0e-6,24,575.7257032139364,38.599912515034966
direct,Trap,1.0e-6,25,817.6013696326121,27.76367782531694
direct,Trap,1.0e-6,26,420.57610873739736,51.50686231700345
direct,Trap,1.0e-6,27,1447.3400490872789,37.48194653147824
direct,Trap,1.0e-6,28,761.6866475637199,31.645067195902463
direct,Trap,1.0e-6,29,549.6140952104091,23.58308256693568
direct,Trap,1.0e-6,30,302.6376937346742,24.572256223326555
direct,Trap,1.0e-6,31,330.1346424000303,17.378600100897348
direct,Trap,1.0e-6,32,164.89574828622094,57.44744603492744
direct,Trap,1.0e-6,33,1806.8050454315173,44.55519248424929
direct,Trap,1.0e-6,34,1072.9376900633965,32.91115304989739
direct,Trap,1.0e-6,35,593.8618564919268,31.082476856389665
direct,Trap,1.0e-6,36,525.3314023147024,21.315509064343864
direct,Trap,1.0e-6,37,247.03031778591077,55.76107289231515
direct,Trap,1.0e-6,38,1697.2641093442605,42.302983463142844
direct,Trap,1.0e-6,39,968.5186901687481,32.1241407048304
direct,Trap,1.0e-6,40,565.9919752780452,27.377355205394718
direct,Trap,1.0e-6,41,407.55825659255794,19.425664951171747
direct,Trap,1.0e-6,42,205.42467069004982,19.705367152518367
direct,Trap,1.0e-6,43,211.44974782396076,12.740916924545548
direct,Trap,1.0e-6,44,88.30350966733842,41.05860452930295
direct,Trap,1.0e-6,45,929.7604030588192,31.62586293876356
direct,Trap,1.0e-6,46,554.5545458192522,26.63177082012904
direct,Trap,1.0e-6,47,385.5890890167783,19.254383397501485
direct,Trap,1.0e-6,48,201.90654393373813,17.40968691920239
direct,Trap,1.0e-6,49,165.00975990597857,11.288123351351654
direct,Trap,1.0e-6,50,69.4053210234475,24.02011419114177
direct,Trap,1.0e-6,51,315.91621411306244,16.739027023768593
direct,Trap,1.0e-6,52,151.62434832326343,11.313486199433783
direct,Trap,1.0e-6,53,71.1920012600608,10.559824792808143
direct,Trap,1.0e-6,54,60.82899992208191,6.0263106261548405
direct,Trap,1.0e-6,55,19.787184410214476,5.114639683504407
direct,Trap,1.0e-6,56,14.82076836812703,2.9027921176468605
direct,Trap,1.0e-6,57,4.631383708741272,1.5677460042379583
direct,Trap,1.0e-6,58,1.3629712465438157,0.7359548872704378
direct,Trap,1.0e-6,59,0.30998322598964795,0.34444259222808354
direct,Trap,1.0e-6,60,0.06823080100019098,0.1025726830022484
direct,Trap,1.0e-6,61,0.006047761245112068,0.01132704296751631
direct,Trap,1.0e-6,62,7.380398175684707e-5,0.00013836556907722666
direct,Trap,1.0e-6,63,1.1011950134822284e-8,2.074561383948939e-8
direct,Trap,1.0e-6,64,1.232694801999914e-13,3.7670858104207826e-15
direct,Trap,1.0e-6,65,5.979916881048013e-14,NaN
restart,Trap,1.0e-6,0,3.542039161080625e-7,3.2929559062517577e-6
restart,Trap,1.0e-6,1,6.1154847155833355e-12,1.2932733766931531e-11
restart,Trap,1.0e-6,2,2.1164455257677024e-15,NaN
