root,t,V_faultbus,minV,kcl,angle_spread_deg
newton,0.0,6.926445739754622e-14,6.926445739754622e-14,14.058582640679228,149.21131596027377
newton,0.01,1.0461796499649541e-13,1.0461796499649541e-13,16.245535029387764,159.7883342257195
newton,0.02,9.781258359825055e-14,9.781258359825055e-14,17.318296026123317,170.88202287636963
newton,0.03,8.949299992414939e-14,8.949299992414939e-14,16.98460422585859,182.50371448865238
newton,0.04,8.061335869345036e-14,8.061335869345036e-14,15.091663945292014,194.66421449817003
newton,0.05,7.20443209209894e-14,7.20443209209894e-14,20.81639701146593,207.3726975635901
newton,0.060000000000000005,6.446755413673914e-14,6.446755413673914e-14,25.81341361203267,220.63564316883185
newton,0.07,5.812168216182902e-14,5.812168216182902e-14,29.489253063319314,234.45605032383145
newton,0.08,5.297319084807948e-14,5.297319084807948e-14,31.348279344612966,248.83288406690536
newton,0.09,4.8891593834653275e-14,4.8891593834653275e-14,30.98204246246739,263.76074228712764
newton,0.09999999999999999,4.573586731373344e-14,4.573586731373344e-14,28.13548509431544,279.2298227449596
newton,0.10999999999999999,4.338658055255895e-14,4.338658055255895e-14,32.2434440315164,295.22617928645593
newton,0.11999999999999998,4.176771476865598e-14,4.176771476865598e-14,38.10419680911444,311.7322657098797
newton,0.12999999999999998,4.0847784771039924e-14,4.0847784771039924e-14,41.52321398842494,328.72784882125086
newton,0.13999999999999999,4.0638355934405216e-14,4.0638355934405216e-14,41.9064788631728,346.19136226708935
newton,0.15,4.120063875402334e-14,4.120063875402334e-14,38.965522403535715,364.1016773130326
newton,0.16,4.265870963167864e-14,4.265870963167864e-14,32.81138764299293,382.44015998112053
newton,0.17,4.522308799694345e-14,4.522308799694345e-14,29.303219824969467,401.19276859507033
newton,0.18000000000000002,4.9226871336152537e-14,4.9226871336152537e-14,32.077170083390556,420.3518708990682
newton,0.19000000000000003,5.5167268691162167e-14,5.5167268691162167e-14,30.954076409350492,439.9173799953173
newton,0.20000000000000004,6.37122962336414e-14,6.37122962336414e-14,25.93347081214416,459.89691988681415
newton,0.21000000000000005,7.532857451046135e-14,7.532857451046135e-14,17.596852539380034,480.30484649550533
newton,0.22000000000000006,8.85799399007505e-14,8.85799399007505e-14,18.056993554550644,501.16013532688817
newton,0.23000000000000007,9.662694849539236e-14,9.662694849539236e-14,17.306344031922432,522.4832438732109
newton,0.24000000000000007,9.098813619537629e-14,9.098813619537629e-14,14.180434061806896,544.2893139794913
newton,0.25000000000000006,8.18474202051869e-14,8.18474202051869e-14,20.66360227096916,566.5902765292711
newton,0.26000000000000006,7.052265212456487e-14,7.052265212456487e-14,22.9235056002375,589.3976025539428
newton,0.2700000000000001,6.093742715007686e-14,6.093742715007686e-14,20.113333082178734,612.7157013504938
newton,0.2800000000000001,5.403605953266241e-14,5.403605953266241e-14,29.727752805249686,636.5408101087045
newton,0.2900000000000001,4.944570112684786e-14,4.944570112684786e-14,34.61577610413765,660.8609302553527
newton,0.3000000000000001,4.672307308698962e-14,4.672307308698962e-14,33.25229166756278,685.6568387155421
newton,0.3100000000000001,4.558253978790557e-14,4.558253978790557e-14,27.655802439331715,710.904250894022
newton,0.3200000000000001,4.590991235434171e-14,4.590991235434171e-14,35.13789706753245,736.5769962380492
newton,0.3300000000000001,4.7723799318503015e-14,4.7723799318503015e-14,35.79707231018317,762.6508178407219
newton,0.34000000000000014,5.112294562829002e-14,5.112294562829002e-14,29.138429292107165,789.1070347382791
newton,0.35000000000000014,5.6177633836821695e-14,5.6177633836821695e-14,25.61784663934771,815.9352096562911
newton,0.36000000000000015,6.263705564195797e-14,6.263705564195797e-14,27.346460631771084,843.1343728822784
newton,0.37000000000000016,6.925375900863707e-14,6.925375900863707e-14,21.126048461780346,870.7122180279025
newton,0.38000000000000017,7.353763042399925e-14,7.353763042399925e-14,21.671005974288224,898.6819931982125
newton,0.3900000000000002,7.321010274545783e-14,7.321010274545783e-14,22.59349359287164,927.0560801077244
newton,0.4000000000000002,6.862868488941236e-14,6.862868488941236e-14,19.675551956599215,955.8458650568668
newton,0.4100000000000002,6.32982565477872e-14,6.32982565477872e-14,27.055571850428077,985.0616172069464
newton,0.4200000000000002,5.865070290779959e-14,5.865070290779959e-14,25.058808816462566,1014.7071278283477
newton,0.4300000000000002,5.5336539428023e-14,5.5336539428023e-14,27.74957781212689,1044.777207297583
newton,0.4400000000000002,5.341502391359089e-14,5.341502391359089e-14,31.901520846165504,1075.257860750524
newton,0.45000000000000023,5.2679067772396936e-14,5.2679067772396936e-14,25.348953199176606,1106.128323124882
newton,0.46000000000000024,5.287034861206456e-14,5.287034861206456e-14,30.882219089175894,1137.3646692218947
newton,0.47000000000000025,5.367098052389377e-14,5.367098052389377e-14,30.543887816723824,1168.9441947657679
newton,0.48000000000000026,5.4738842343019525e-14,5.4738842343019525e-14,24.878677880724958,1200.8493163945025
newton,0.49000000000000027,5.580003466916692e-14,5.580003466916692e-14,30.71053410161725,1233.0699484064696
newton,0.5000000000000002,5.6736617822345e-14,5.6736617822345e-14,24.233788223780373,1265.603669468567
newton,0.5100000000000002,5.773094246508401e-14,5.773094246508401e-14,28.592448500040785,1298.4520638456286
newton,0.5200000000000002,5.978490426648587e-14,5.978490426648587e-14,26.400953166582724,1331.6187486053407
newton,0.5300000000000002,6.145618578269264e-14,6.145618578269264e-14,24.931060388579837,1365.114413974894
newton,0.5400000000000003,6.225470714668947e-14,6.225470714668947e-14,26.61618852326784,1398.946607669299
newton,0.5500000000000003,6.198073918642784e-14,6.198073918642784e-14,23.229370956044438,1433.1150332525738
newton,0.5600000000000003,6.081639259906662e-14,6.081639259906662e-14,27.79307123769846,1467.6103154059062
newton,0.5700000000000003,5.914054180600382e-14,5.914054180600382e-14,22.850370715501594,1503.2187401597048
newton,0.5800000000000003,5.732450507694455e-14,5.732450507694455e-14,29.805633989793257,1539.6539572675595
newton,0.5900000000000003,5.52815274544974e-14,5.52815274544974e-14,22.64029554879036,1576.3559913241677
newton,0.6000000000000003,5.3392904423543315e-14,5.3392904423543315e-14,32.08844234427249,1613.3031830298783
newton,0.6100000000000003,5.2219441721195626e-14,5.035148031273314e-14,25.051019617804155,1650.4699251044706
newton,0.6200000000000003,5.3435498509946586e-14,5.3435498509946586e-14,31.70353623440824,1687.8278473535543
newton,0.6300000000000003,5.6102550632424055e-14,5.6102550632424055e-14,25.397525841636604,1725.3601885303524
newton,0.6400000000000003,5.997536692219795e-14,5.997536692219795e-14,27.97659109083941,1763.0652686447543
newton,0.6500000000000004,6.413950116673026e-14,6.413950116673026e-14,21.831737979826443,1800.9555970707336
newton,0.6600000000000004,6.675625643136374e-14,6.675625643136374e-14,25.584160047761184,1839.052469275512
newton,0.6700000000000004,6.617362893041842e-14,6.617362893041842e-14,22.16017366966124,1877.3781554005566
newton,0.6800000000000004,6.284910685730065e-14,6.284910685730065e-14,27.12038014792224,1915.9492079496185
newton,0.6900000000000004,5.853153529173524e-14,5.853153529173524e-14,24.079535039823668,1954.7716806739534
newton,0.7000000000000004,5.4740296019022036e-14,5.4740296019022036e-14,30.532444063591907,1993.8389855231128
newton,0.7100000000000004,5.2355932967380006e-14,5.2355932967380006e-14,28.046826439791364,2033.1347939295003
newton,0.7200000000000004,5.177218818128718e-14,5.177218818128718e-14,32.00701647349124,2072.64085799645
newton,0.7300000000000004,5.3216838828759036e-14,5.3216838828759036e-14,35.181430939426775,2112.3475001890815
newton,0.7400000000000004,5.682078932748329e-14,5.034707532510915e-14,35.863268055001384,2152.2631320511036
newton,0.7500000000000004,6.221705590470462e-14,4.812862351744625e-14,31.04210767324785,2192.4181928737553
newton,0.7600000000000005,6.746425359008566e-14,4.950344617167363e-14,36.43387178656944,2232.8601826972986
newton,0.7700000000000005,6.884588009994386e-14,5.355538701286793e-14,36.74474352001577,2273.640845635995
newton,0.7800000000000005,6.5145162993963e-14,5.823052811368158e-14,34.80443520133575,2314.8026919293357
newton,0.7900000000000005,5.940373264454298e-14,5.807854537108322e-14,35.123177471388935,2356.369065359945
newton,0.8000000000000005,5.450300945761953e-14,5.194779867439614e-14,39.78308144711807,2398.3396807295494
newton,0.8100000000000005,5.173119909338642e-14,4.5502020817610314e-14,45.79530506736051,2441.9329727132094
newton,0.8200000000000005,5.1473571659365325e-14,4.190297947863722e-14,47.407317808916176,2487.2505530451763
newton,0.8300000000000005,5.3918171201735784e-14,4.165412093874914e-14,40.97986218894336,2532.9128884503543
newton,0.8400000000000005,5.900268357260227e-14,4.48977115946591e-14,36.80867154082784,2578.917435075146
newton,0.8500000000000005,6.539335866121212e-14,5.192205377422199e-14,37.135693344333916,2625.2840964200436
newton,0.8600000000000005,6.902924592820863e-14,6.19475058641098e-14,33.005840714790274,2672.0435712898734
newton,0.8700000000000006,6.653782418038861e-14,6.653782418038861e-14,29.65505943923313,2719.2209905321147
newton,0.8800000000000006,6.068363852112014e-14,6.068363852112014e-14,30.42422685532692,2766.8241142134502
newton,0.8900000000000006,5.530173369045953e-14,5.530173369045953e-14,32.570130810285114,2814.837031730779
newton,0.9000000000000006,5.214259084282251e-14,5.214259084282251e-14,32.156565521843014,2863.2232815980296
newton,0.9100000000000006,5.167067730618898e-14,5.167067730618898e-14,33.49064366622083,2911.9389213683653
newton,0.9200000000000006,5.401427954464161e-14,5.401427954464161e-14,36.43718256024866,2960.9504934691768
newton,0.9300000000000006,5.900361119358822e-14,5.900361119358822e-14,30.115452802193325,3010.2491951551124
newton,0.9400000000000006,6.502681811637229e-14,6.502681811637229e-14,23.916787384486884,3059.8525024535966
newton,0.9500000000000006,6.777722169148983e-14,6.777722169148983e-14,22.303976052837193,3109.7908514587252
newton,0.9600000000000006,6.460508133631479e-14,6.460508133631479e-14,25.141461486407383,3160.0886933583984
newton,0.9700000000000006,5.883290587338325e-14,5.883290587338325e-14,32.9525045650993,3210.75045317156
newton,0.9800000000000006,5.403993105193723e-14,5.047631935782735e-14,41.24433233170686,3261.7546830866286
newton,0.9900000000000007,5.174974462684519e-14,4.5344571902836863e-14,41.39024847874445,3313.061619496905
newton,1.0000000000000007,5.235382059860376e-14,4.535588813876257e-14,34.297323858655425,3364.632009079271
newton,1.0100000000000007,5.591070120423456e-14,5.039474310327989e-14,38.27432237609173,3416.4473765164125
newton,1.0200000000000007,6.170944022760028e-14,5.972959181010414e-14,34.43236111234184,3468.5199614838343
newton,1.0300000000000007,6.658418567352398e-14,6.658418567352398e-14,31.21233930921662,3520.8853188855837
newton,1.0400000000000007,6.593893021187755e-14,6.338262362808332e-14,32.94106688878028,3573.5822376592682
newton,1.0500000000000007,6.071809379913066e-14,5.731435500225253e-14,35.35010100387917,3626.634221846371
newton,1.0600000000000007,5.519233441809092e-14,5.519233441809092e-14,29.623539452838497,3680.0394902087364
newton,1.0700000000000007,5.184051346477716e-14,5.184051346477716e-14,30.92651729752614,3734.552213659754
newton,1.0800000000000007,5.154171370660277e-14,5.154171370660277e-14,33.092278616872115,3789.8072600752316
newton,1.0900000000000007,5.4844458796293756e-14,5.4844458796293756e-14,26.903183310189632,3845.3658931476625
newton,1.1000000000000008,6.151432192800362e-14,6.151432192800362e-14,21.900017367450463,3901.237348861611
newton,1.1100000000000008,6.810539390181546e-14,6.810539390181546e-14,23.182765813437573,3957.443896823751
newton,1.1200000000000008,6.728482522750198e-14,6.728482522750198e-14,24.996632822731787,4014.006455848421
newton,1.1300000000000008,6.014265865143957e-14,6.014265865143957e-14,28.464069910777717,4070.933080809454
newton,1.1400000000000008,5.358119711206416e-14,5.358119711206416e-14,29.609389889620516,4128.214344639202
newton,1.1500000000000008,5.0578751438560747e-14,5.0578751438560747e-14,24.05044238399235,4185.828994803896
newton,1.1600000000000008,5.186923375346612e-14,5.186923375346612e-14,30.61277303050195,4243.757763390415
newton,1.1700000000000008,5.789843162461155e-14,5.789843162461155e-14,29.59178794065115,4301.997067953438
newton,1.1800000000000008,6.708637782268186e-14,6.708637782268186e-14,24.9777101479556,4360.561606706996
newton,1.1900000000000008,7.072008858970895e-14,7.072008858970895e-14,22.87261474593683,4419.471463083695
newton,1.2000000000000008,6.366847770644493e-14,6.366847770644493e-14,23.90018025219961,4478.736765326237
newton,1.2100000000000009,5.535150101261263e-14,5.535150101261263e-14,23.192002865985543,4538.350504928632
newton,1.2200000000000009,5.093885171169885e-14,5.093885171169885e-14,29.193743976018723,4598.290541200339
newton,1.2300000000000009,5.1380480688053506e-14,5.1380480688053506e-14,32.87950959294228,4658.532650495341
newton,1.2400000000000009,5.728959841260736e-14,5.728959841260736e-14,29.603154716248923,4719.067875962073
newton,1.2500000000000009,6.765020725697115e-14,6.765020725697115e-14,23.950233322011112,4779.910500238653
newton,1.260000000000001,7.2426206037395e-14,7.2426206037395e-14,22.000519993091352,4841.085104686034
newton,1.270000000000001,6.418303566995748e-14,6.418303566995748e-14,24.130325983625323,4902.606211319115
newton,1.280000000000001,5.510513750430016e-14,5.510513750430016e-14,25.027030338177873,4964.467268323472
newton,1.290000000000001,5.102492328112872e-14,5.102492328112872e-14,26.623249934639784,5026.642799173905
newton,1.300000000000001,5.2653360254572314e-14,5.2653360254572314e-14,30.45472175179197,5089.107161795102
newton,1.310000000000001,6.0327419894066e-14,6.0327419894066e-14,28.171800214985243,5151.856405891052
newton,1.320000000000001,7.065986992991563e-14,7.065986992991563e-14,24.24134727840809,5214.910795854399
newton,1.330000000000001,7.05888325725211e-14,7.05888325725211e-14,24.219465293537503,5278.292726590792
newton,1.340000000000001,6.096857604653818e-14,6.096857604653818e-14,28.102319902020707,5342.006426769981
newton,1.350000000000001,5.369892499291315e-14,5.369892499291315e-14,31.61147956209602,5406.030699601253
newton,1.360000000000001,5.183660978285412e-14,5.183660978285412e-14,30.85733445488928,5470.330398966519
newton,1.370000000000001,5.589335730215217e-14,5.589335730215217e-14,25.62943754730003,5534.882239826305
newton,1.380000000000001,6.553435150223432e-14,6.553435150223432e-14,28.88357759991678,5599.692873470435
newton,1.390000000000001,7.247199512306285e-14,6.863552373765038e-14,24.380274792309493,5664.7877963330075
newton,1.400000000000001,6.565269894795535e-14,6.565269894795535e-14,24.153558129253536,5730.182615859294
newton,1.410000000000001,5.623360277278924e-14,5.623360277278924e-14,26.35802080812139,5795.8671730175365
newton,1.420000000000001,5.195027226611896e-14,5.195027226611896e-14,35.55686685321838,5861.811063997982
newton,1.430000000000001,5.3944695541385194e-14,5.3473677542501657e-14,33.761312412122955,5927.9916626558215
newton,1.440000000000001,6.238498622766228e-14,6.107445744319158e-14,30.854269273465,5994.419190647148
newton,1.450000000000001,7.161913017584128e-14,7.161913017584128e-14,24.218012486187273,6061.12988760903
newton,1.460000000000001,6.756004290936933e-14,6.756004290936933e-14,19.020253709731836,6128.153603559347
newton,1.470000000000001,5.750117373762268e-14,5.750117373762268e-14,21.852243384981747,6195.493741791047
newton,1.480000000000001,5.194428536578042e-14,5.194428536578042e-14,26.172383643210537,6263.129056115372
newton,1.490000000000001,5.288172534322141e-14,5.288172534322141e-14,28.017458039447263,6331.040783642599
newton,1.500000000000001,6.103381526347357e-14,5.540281727059766e-14,37.12001765270135,6399.240317232217
newton,1.5100000000000011,7.167952231854462e-14,5.733533022143837e-14,33.71257999195569,6467.765650823536
newton,1.5200000000000011,6.7611307514786e-14,6.135794259968819e-14,26.04791580122601,6536.646681840761
newton,1.5300000000000011,5.638747814041398e-14,5.268965833692694e-14,31.350958869912652,6605.882680037918
newton,1.5400000000000011,5.0825246654513463e-14,4.2465111923696505e-14,47.88910969094339,6675.447676443805
newton,1.5500000000000012,5.281945841802338e-14,4.064428641319649e-14,48.24580040768864,6745.322435573576
newton,1.5600000000000012,6.278435677728402e-14,4.795484288961385e-14,34.35889309669844,6815.522029831943
newton,1.5700000000000012,7.218283725828705e-14,6.40454809591102e-14,31.69528669758551,6886.0848667166465
newton,1.5800000000000012,6.407684975516497e-14,6.407684975516497e-14,28.375619557086477,6957.037051989651
newton,1.5900000000000012,5.353651678512779e-14,5.353651678512779e-14,31.04724555377012,7028.3768782303505
newton,1.6000000000000012,5.0038420880095586e-14,5.0038420880095586e-14,37.019103265858234,7100.086046409187
newton,1.6100000000000012,5.481080440144814e-14,5.231673631434963e-14,31.588274398790904,7172.161051144483
newton,1.6200000000000012,6.729601762177587e-14,5.495718831252614e-14,36.87077879061917,7244.63299415848
newton,1.6300000000000012,7.040836971985435e-14,5.767084144279863e-14,35.72743996827589,7317.544359165766
newton,1.6400000000000012,5.796489183155871e-14,4.836655156371866e-14,38.852357162656084,7390.914713676219
newton,1.6500000000000012,5.0230369044081965e-14,3.816204241204439e-14,44.14692481265073,7464.729798658696
newton,1.6600000000000013,5.118557863298916e-14,3.617543676204078e-14,57.615303010068956,7538.963975261725
newton,1.6700000000000013,6.132387027683988e-14,4.23854893819834e-14,42.75569681770738,7613.616688011634
newton,1.6800000000000013,7.106436989871682e-14,5.343928812572692e-14,30.047941054588435,7688.71453138772
newton,1.6900000000000013,6.192984856027756e-14,5.509338356304895e-14,35.12861642526635,7764.275287126175
newton,1.7000000000000013,5.203022078821272e-14,5.0539075756065144e-14,40.20875246658033,7840.284495590616
newton,1.7100000000000013,5.0239937793540177e-14,5.0239937793540177e-14,35.512647831781,7916.703397889201
newton,1.7200000000000013,5.75011990763174e-14,5.75011990763174e-14,33.61699522918576,7993.509011361192
newton,1.7300000000000013,6.913697407873557e-14,6.757090627243981e-14,25.02347694947173,8070.718781742093
newton,1.7400000000000013,6.438575945317584e-14,6.109623804821064e-14,32.824146594095176,8148.35974163145
newton,1.7500000000000013,5.3576043363312815e-14,4.4538763411867144e-14,45.78279553567493,8227.13131925544
newton,1.7600000000000013,5.037325432706437e-14,3.812793241224536e-14,41.55342329163183,8306.705984999388
newton,1.7700000000000014,5.622457616307297e-14,4.176068324691879e-14,49.684200319510666,8386.59444318683
newton,1.7800000000000014,6.712738024091014e-14,5.2065902487372705e-14,38.4686030227525,8466.830662381957
newton,1.7900000000000014,6.474155288914713e-14,5.368930707658048e-14,33.13422210850576,8547.471130333157
newton,1.8000000000000014,5.492830848394482e-14,4.976362784829656e-14,37.52586196846843,8628.510625553668
newton,1.8100000000000014,5.121873682728695e-14,5.121873682728695e-14,34.7258807419667,8709.87747749007
newton,1.8200000000000014,5.5773468320239226e-14,5.5773468320239226e-14,28.36356763593184,8791.515014036904
newton,1.8300000000000014,6.58523193193558e-14,6.58523193193558e-14,26.017447418817596,8873.445452884922
newton,1.8400000000000014,6.49853731865286e-14,6.49853731865286e-14,23.73297216541036,8955.717693051896
newton,1.8500000000000014,5.545985677169468e-14,5.545985677169468e-14,35.22778192648369,9038.322612223254
newton,1.8600000000000014,5.159523831012176e-14,4.893612855114953e-14,34.74220212718353,9121.190742978617
newton,1.8700000000000014,5.6271569421488746e-14,5.577057800218597e-14,35.719494695483085,9204.280130528097
newton,1.8800000000000014,6.59921705940102e-14,6.59921705940102e-14,29.935937299306076,9287.630882765226
newton,1.8900000000000015,6.432693152232419e-14,6.313230878438051e-14,31.8484747836204,9371.300332999157
newton,1.9000000000000015,5.5211567603615634e-14,5.5211567603615634e-14,28.42538319636114,9455.286489706761
newton,1.9100000000000015,5.184399200045437e-14,5.184399200045437e-14,32.26362846355416,9539.53561338206
newton,1.9200000000000015,5.730966800590937e-14,5.730966800590937e-14,29.828896435889618,9624.022994230154
newton,1.9300000000000015,6.718189190464697e-14,6.718189190464697e-14,21.737913986332977,9708.79531151797
newton,1.9400000000000015,6.295128853828837e-14,6.295128853828837e-14,24.663673702705278,9793.901064049129
newton,1.9500000000000015,5.385706002904712e-14,5.385706002904712e-14,31.811010566982144,9879.318731936733
newton,1.9600000000000015,5.246705908569379e-14,5.246705908569379e-14,31.349386711295345,9964.983920415116
newton,1.9700000000000015,6.02211590379772e-14,6.02211590379772e-14,25.062077450284455,10050.884423652196
newton,1.9800000000000015,6.752223022154663e-14,6.752223022154663e-14,25.53294706337933,10137.075596199784
newton,1.9900000000000015,5.977927589208745e-14,5.977927589208745e-14,27.779891236578273,10223.590115579349
newton,2.0,5.2593374019751005e-14,5.2593374019751005e-14,25.71882424609526,10310.390600284903
hc,0.0,0.1873905569222309,0.11913057357870352,1.509903313490213e-14,149.21131596027377
hc,0.01,0.191879191128846,0.07057919451001295,7.16093850883226e-12,159.66127876381225
hc,0.02,0.20649925855537687,0.021917373963796314,2.7397639712489763e-11,170.50421544491095
hc,0.03,0.22267315546042823,0.015792622897860913,3.1086244689504383e-15,181.7425092312645
hc,0.04,0.2568126771329643,0.06812387954501943,5.462535805633717e-15,193.37266974762852
hc,0.05,0.29336575109002977,0.12374113569283221,8.881784197001252e-15,205.39083068889565
hc,0.060000000000000005,0.33189527707182637,0.17969129281952398,9.325873406851315e-15,217.78761400098577
hc,0.07,0.3716817830134777,0.2353519420784091,8.319083269481276e-15,230.54770447433057
hc,0.08,0.41315595024145374,0.2644740514899565,7.105427357601002e-15,243.64999013002353
hc,0.09,0.45457656580678824,0.28297228558262677,8.763585831409598e-15,257.0683752290062
hc,0.09999999999999999,0.4946829320684289,0.3099404139093492,7.105427357601002e-15,270.7730387327024
hc,0.10999999999999999,0.5324105421155274,0.34310214435147823,5.329070518200751e-15,284.7316544912638
hc,0.11999999999999998,0.5656920384086634,0.3799224892568432,5.329070518200751e-15,298.9104922960688
hc,0.12999999999999998,0.5926613217379061,0.41816657172451227,4.884981308350689e-15,313.27568970591153
hc,0.13999999999999999,0.6113177175144195,0.4550682360764129,8.659739592076221e-15,327.79472892524683
hc,0.15,0.6197898852178589,0.4880019377824682,6.091318855566685e-15,342.4383873373398
hc,0.16,0.6166012064186556,0.5146365086515763,8.215650382226158e-15,357.18309163381036
hc,0.17,0.6009272082013664,0.5330859335024614,7.494005416219807e-15,372.0134026160234
hc,0.18000000000000002,0.5728710899716212,0.5420813549667419,6.291354156390261e-15,386.9241673791343
hc,0.19000000000000003,0.5336995619072558,0.5336995619072558,7.105427357601002e-15,401.92177781129726
hc,0.20000000000000004,0.4860007624088203,0.4860007624088203,9.475954092577621e-15,417.02400411667486
hc,0.21000000000000005,0.43372539241487973,0.43372539241487973,5.10702591327572e-15,432.2580749129355
hc,0.22000000000000006,0.3819205565131043,0.3819205565131043,1.8096635301390052e-14,447.6571550760847
hc,0.23000000000000007,0.33573403790744816,0.3318480162909992,1.4432899320127035e-14,463.2562924931872
hc,0.24000000000000007,0.2958730493521311,0.2683740757737419,1.3100631690576847e-14,479.0925893204456
hc,0.25000000000000006,0.2659509266285126,0.20382231942070517,1.7658285586790584e-14,495.9838813547098
hc,0.26000000000000006,0.2504621647294514,0.1431939827387753,1.965094753586527e-14,514.9143713989195
hc,0.2700000000000001,0.2515384681650576,0.09715689999260749,1.887379141862766e-14,534.1891841367507
hc,0.2800000000000001,0.2689462558254907,0.09044762997168239,1.3766033668885513e-14,553.8249711149813
hc,0.2900000000000001,0.299254109745484,0.1275617415042084,1.6017623425540473e-14,573.8302429516697
hc,0.3000000000000001,0.3346588660923482,0.15376695465868415,7.105427357601002e-15,594.2071817057422
hc,0.3100000000000001,0.3708884754914991,0.1203278092196765,6.966649479522857e-15,614.9500132819034
hc,0.3200000000000001,0.4057051134044907,0.10572537216578828,9.860046264707767e-15,636.0445279197851
hc,0.3300000000000001,0.43584970629169273,0.11548817980158618,1.4919645109200824e-14,657.4694117073186
hc,0.34000000000000014,0.459121462690947,0.1420124925318466,1.2418695629137777e-14,679.1974454650953
hc,0.35000000000000014,0.4737867965835265,0.17465050165576032,1.1958424701863368e-14,701.1970691284406
hc,0.36000000000000015,0.4783129303385861,0.20706160137182605,1.7763568394002505e-14,723.4349525807012
hc,0.37000000000000016,0.472673256831476,0.23622236095851973,1.2395696990553928e-14,745.8788407480428
hc,0.38000000000000017,0.4582625515531684,0.25016743006612296,1.0880185641326534e-14,768.5000113994838
hc,0.3900000000000002,0.4378883218498532,0.2523488719494687,1.4520231805120742e-14,791.2746551805209
hc,0.4000000000000002,0.41513530645687186,0.2491328444345883,2.0587623673993388e-14,814.1840139680183
hc,0.4100000000000002,0.39314007014666236,0.23899841020653695,1.554312234475219e-14,837.2141936646198
hc,0.4200000000000002,0.3744341362794859,0.21395652688656314,2.1494064124036316e-14,860.3558590096675
hc,0.4300000000000002,0.3607976808975461,0.18520364742924247,3.1807889655510735e-14,883.6037766412472
hc,0.4400000000000002,0.35272822657687697,0.1462910054880891,3.418080163526682e-14,906.9565717567907
hc,0.45000000000000023,0.3494729879418584,0.09159580363554143,1.2331851035121688e-14,930.4166736813208
hc,0.46000000000000024,0.3494490121509193,0.03810753455954124,1.199040866595169e-14,953.9896683208907
hc,0.47000000000000025,0.34460637951060025,6.492773577667322e-14,1.593250930218773,977.6802227792559
hc,0.48000000000000026,0.32995796715470255,4.0018730616942763e-13,5.10694854954934,1001.5027478061418
hc,0.49000000000000027,0.3177934736154111,2.1320915522213408e-13,9.553086724700849,1025.4719744803842
hc,0.5000000000000002,0.30953953519503175,1.5483323679845391e-13,13.595423135434627,1049.6008696435586
hc,0.5100000000000002,0.30640061916095856,1.2833925761675767e-13,15.969733492445005,1073.8985643948727
hc,0.5200000000000002,0.3088854551595353,1.1511109048191583e-13,15.76188389524578,1098.3686568497742
hc,0.5300000000000002,0.31642737772728363,1.0943006805140389e-13,14.391201390444332,1123.0083300537108
hc,0.5400000000000003,0.32764824005785187,1.0946915485867695e-13,17.808781824277837,1147.8086496244248
hc,0.5500000000000003,0.34149020820707376,1.1493008295637966e-13,18.24913656387222,1172.7551078120803
hc,0.5600000000000003,0.35709985498177393,1.26772098439541e-13,15.347945727821362,1197.8278560404065
hc,0.5700000000000003,0.37338250190910593,1.4811862480575444e-13,10.35103126500606,1223.0024046364883
hc,0.5800000000000003,0.388764563358313,1.8690548422179466e-13,10.919344906659084,1248.2511117472047
hc,0.5900000000000003,0.4015789142095316,2.6430727919648355e-13,7.748037000927448,1273.5452481157195
hc,0.6000000000000003,0.41034206474572094,4.209330759782647e-13,5.020079057780351,1298.8574448428722
hc,0.6100000000000003,0.41401823638393553,4.1044357674088017e-13,4.474166269651162,1324.1641753806957
hc,0.6200000000000003,0.4121071193609697,2.307112652051089e-13,8.840436008794146,1349.4478369073518
hc,0.6300000000000003,0.40460427491131673,1.4614458315791903e-13,11.213988680657208,1374.6983393755268
hc,0.6400000000000003,0.3921083034932952,1.0530435550454264e-13,19.4512932891439,1399.9141255710585
hc,0.6500000000000004,0.3759913256692074,8.291815731572967e-14,24.712309941326577,1425.1023724520453
hc,0.6600000000000004,0.3583234056919093,6.980104809469126e-14,25.03484942803056,1450.2783521652925
hc,0.6700000000000004,0.3416638562493552,6.213378348234364e-14,27.02718268617528,1475.4640294464298
hc,0.6800000000000004,0.32863494421986517,5.82076213940646e-14,34.21600492189808,1500.6860426476499
hc,0.6900000000000004,0.32206003779778236,5.731651067896474e-14,36.414256739413744,1525.9730191256153
hc,0.7000000000000004,0.3240017630627573,5.941209762463927e-14,33.764566123890994,1551.3526484225677
hc,0.7100000000000004,0.3345302589108372,6.495036071008777e-14,28.095177037580292,1576.8491880920835
hc,0.7200000000000004,0.35162367255512206,7.433914662226058e-14,22.362308848137083,1602.482358439627
hc,0.7300000000000004,0.3733496801917887,8.4718049106388e-14,19.495670370767357,1628.2667587700148
hc,0.7400000000000004,0.3973532091843262,8.459234115675995e-14,21.037500202900294,1654.2109420288364
hc,0.7500000000000004,0.42004895052264596,7.029778541332163e-14,26.15680484090569,1680.3175334964224
hc,0.7600000000000005,0.43773895302404237,5.507835408785702e-14,31.66490491711591,1706.5848614923827
hc,0.7700000000000005,0.4475416926886076,4.465634831081056e-14,33.29826592958223,1733.009672403313
hc,0.7800000000000005,0.4477043947196692,3.838979816923795e-14,46.68137191194643,1759.5903584224782
hc,0.7900000000000005,0.43752697771941923,3.506190501391989e-14,57.65347046517938,1786.3795436663715
hc,0.8000000000000005,0.41805144052057774,3.393695632309838e-14,61.33674151865002,1815.327137440817
hc,0.8100000000000005,0.39233803172812426,3.4738414272172266e-14,56.070889858788554,1844.4134058459579
hc,0.8200000000000005,0.36515721921658517,3.757607119838873e-14,43.60741857202734,1873.6638652750837
hc,0.8300000000000005,0.34181467178049,4.297348499899746e-14,39.49900495608237,1904.55861536863
hc,0.8400000000000005,0.3264739864632194,5.1951197948328034e-14,37.384917748943806,1937.0202810559263
hc,0.8500000000000005,0.32238108204487864,6.550093491357876e-14,31.242959816916805,1969.704491604609
hc,0.8600000000000005,0.3299101512994375,8.115825591529664e-14,25.5119716218117,2002.6134448328617
hc,0.8700000000000006,0.34586754096142824,8.730914918432503e-14,23.680728322960185,2035.740058020112
hc,0.8800000000000006,0.36615118627138893,7.916483506697978e-14,26.322945320135787,2069.0690681444366
hc,0.8900000000000006,0.3881065868793366,6.796743003407994e-14,30.35451209416272,2102.5777603622005
hc,0.9000000000000006,0.4083603217504376,5.954138683189406e-14,30.527373073712695,2136.2372259134595
hc,0.9100000000000006,0.4236082914183433,5.396859139406753e-14,31.4240725715069,2170.015090015366
hc,0.9200000000000006,0.4314273116303165,5.039444824432455e-14,40.968033282695565,2203.8792925255743
hc,0.9300000000000006,0.43062502189080204,4.8302021541156545e-14,40.590730832733236,2237.802288593238
hc,0.9400000000000006,0.4211666253009972,4.76631100046013e-14,32.48374454883241,2271.764981786834
hc,0.9500000000000006,0.40415888114173976,4.887091800447672e-14,41.13516330140228,2305.759675741276
hc,0.9600000000000006,0.3821936599849773,5.2707896998775155e-14,39.126332919144986,2339.7908973533763
hc,0.9700000000000006,0.3591342263701394,6.051195428238777e-14,30.053637966642686,2373.873590898723
hc,0.9800000000000006,0.3392138144151289,7.406538532003029e-14,20.33586795837892,2408.029455206513
hc,0.9900000000000007,0.32622353767165635,9.111613672363777e-14,17.05383678853791,2442.2821434543407
hc,1.0000000000000007,0.3233593181725357,9.33901791674224e-14,16.397240052000683,2476.6520237863965
hc,1.0100000000000007,0.33144189584961037,7.640036001412343e-14,19.82406187773547,2511.151950978621
hc,1.0200000000000007,0.34779149259506315,6.111337736195012e-14,28.011008982693312,2545.785583269972
hc,1.0300000000000007,0.36917134070593116,5.284944410086892e-14,37.874937903935795,2580.5481935001876
hc,1.0400000000000007,0.39352910779925077,5.03805356623269e-14,41.181854342569935,2615.4272899880525
hc,1.0500000000000007,0.4171994052238102,5.3400262321822927e-14,33.42110402624494,2650.404690473359
hc,1.0600000000000007,0.43599174938249385,6.397113573912723e-14,27.981264161530394,2685.4600175901123
hc,1.0700000000000007,0.44577606424109056,8.98867524206647e-14,23.274286447934134,2720.5751888621908
hc,1.0800000000000007,0.4439170454662496,1.6636680718888529e-13,9.391698104587023,2755.7420701511455
hc,1.0900000000000007,0.42921685252488573,3.4221010351694287e-13,4.811664848807481,2790.965713549344
hc,1.1000000000000008,0.40286635357573847,1.9245517744001245e-13,9.11465237658039,2826.2659128113046
hc,1.1100000000000008,0.3700333037240312,1.3544382143025255e-13,15.131121716997896,2861.6754226406865
hc,1.1200000000000008,0.3390692059654316,1.2749424969715203e-13,15.067163200201838,2897.234270001753
hc,1.1300000000000008,0.31829459588304576,1.5031394094399661e-13,12.526293346097917,2932.9823881903462
hc,1.1400000000000008,0.315138836239631,2.1341949673715874e-13,8.975953311601852,2970.569977596393
hc,1.1500000000000008,0.3308821360014957,2.419938160939732e-13,8.655246265417325,3008.765788508901
hc,1.1600000000000008,0.35925904225247435,1.7104757532748981e-13,12.004362364336586,3047.2442157536216
hc,1.1700000000000008,0.39351542617782354,1.3489063974179901e-13,13.289282093897258,3085.9867163766785
hc,1.1800000000000008,0.42626152408429235,1.3536386766470655e-13,14.754929992710212,3124.957085430827
hc,1.1900000000000008,0.4503126506988008,1.8465853800515682e-13,10.229415848800427,3164.107626005075
hc,1.2000000000000008,0.46037301391906155,3.318842835871123e-13,6.22506599124108,3203.388013863648
hc,1.2100000000000009,0.45289603393889327,1.6821770227475496e-13,11.377354675472432,3242.755943374287
hc,1.2200000000000009,0.4277968002658194,9.061673337633508e-14,21.84033700775035,3282.1881313788126
hc,1.2300000000000009,0.3899607238514933,6.527671198982742e-14,30.74857402907735,3321.6870468892275
hc,1.2400000000000009,0.34935281297745663,5.646565195949594e-14,27.142096261282415,3361.279158210189
hc,1.2500000000000009,0.31732951203556803,5.642150907016333e-14,35.92853884625406,3401.0049026173083
hc,1.260000000000001,0.30394757397584815,6.486838400816174e-14,31.38922592027565,3440.9044339784296
hc,1.270000000000001,0.3141118122721094,8.76531941861755e-14,19.614632113881296,3481.0033476361837
hc,1.280000000000001,0.3411669376341382,1.3913644487881994e-13,11.168308518497469,3521.3053937898253
hc,1.290000000000001,0.37504983208845366,1.6204072605083093e-13,11.727293216408997,3561.791965116078
hc,1.300000000000001,0.40750092305244195,1.137288004491711e-13,15.9819898320436,3602.425512177762
hc,1.310000000000001,0.4304301992197833,8.839735587757879e-14,19.992583095279425,3643.158292973977
hc,1.320000000000001,0.43859569104597823,7.821030945203054e-14,26.53116897146696,3683.9444044294405
hc,1.330000000000001,0.4294292743633352,7.18579482062212e-14,23.187879105624443,3724.7524732738107
hc,1.340000000000001,0.4039741387878356,6.420556665457338e-14,32.00943300418407,3765.5756128980465
hc,1.350000000000001,0.36794048381120154,5.696068535741422e-14,29.40755807572865,3806.4339939849365
hc,1.360000000000001,0.33125251233400166,5.322278961423553e-14,39.20358267129465,3847.368011384561
hc,1.370000000000001,0.3044596148737446,5.44693177172839e-14,32.46991470075627,3888.4252379708996
hc,1.380000000000001,0.2987515692399254,6.164985785773707e-14,28.17228598518092,3929.643765361703
hc,1.390000000000001,0.31668028673601484,7.336800808854954e-14,26.715439639547046,3971.039082727513
hc,1.400000000000001,0.3491574773466796,7.478174709786874e-14,26.694759706037612,4012.601198260234
hc,1.410000000000001,0.3862578251633334,6.077078783143008e-14,34.028502405215285,4054.2976107203035
hc,1.420000000000001,0.41804693374271346,4.9377818100566767e-14,40.94528681438435,4096.082484883866
hc,1.430000000000001,0.43547178694455696,4.4476610686679154e-14,33.23479408334895,4137.911800611406
hc,1.440000000000001,0.432801362101223,4.4598008857790965e-14,46.196057917110636,4179.760047090409
hc,1.450000000000001,0.40906240394225585,4.855783705968982e-14,36.62474836231446,4221.6328833093785
hc,1.460000000000001,0.3703727011077536,5.498163389553224e-14,36.64694040427175,4263.569153374996
hc,1.470000000000001,0.329701760905985,6.228130555058118e-14,29.71757262967039,4305.630704621028
hc,1.480000000000001,0.3018764812894854,7.062436832679861e-14,26.500903922491116,4347.8843841933785
hc,1.490000000000001,0.3017241558222555,7.98330769860985e-14,26.151672192012384,4390.381222283058
hc,1.500000000000001,0.3300657721839414,7.759714698188199e-14,26.73583517153599,4433.142443587391
hc,1.5100000000000011,0.3733664912386696,5.877919237918645e-14,33.64097617429559,4476.157578243569
hc,1.5200000000000011,0.41783670793414096,4.359123251383913e-14,35.79425818626502,4519.390281874563
hc,1.5300000000000011,0.4484849973550725,3.612115182088183e-14,54.75174202723626,4562.793460455498
hc,1.5400000000000011,0.4545093725613261,3.419079722765664e-14,58.91439382728945,4606.32850412067
hc,1.5500000000000012,0.4322604890138927,3.69708649509149e-14,43.25386589230309,4649.983024813696
hc,1.5600000000000012,0.3887998816268298,4.5548503985690893e-14,45.676644606623285,4693.779135972729
hc,1.5700000000000012,0.34168552233032823,6.341200254297228e-14,28.21047479673694,4737.766866808582
hc,1.5800000000000012,0.31092816936571044,9.511169324778183e-14,19.364274863904306,4782.0066753038645
hc,1.5900000000000012,0.3127694455541288,1.229481781970901e-13,16.832092373393863,4826.548589726865
hc,1.6000000000000012,0.34552203169454954,9.830397198688955e-14,21.115264260874643,4871.417107283128
hc,1.6100000000000012,0.39260596157765176,6.409637602532869e-14,25.626049767346398,4916.607508296851
hc,1.6200000000000012,0.43660608953137414,4.520019907370871e-14,44.5567459274616,4962.088785459813
hc,1.6300000000000012,0.46065671517123846,3.6572408513361556e-14,52.57279317925066,5007.816007726889
hc,1.6400000000000012,0.45459653450418397,3.431984684792753e-14,52.43783144607195,5053.749146244984
hc,1.6500000000000012,0.4193738051931998,3.753615737472129e-14,55.39889416166506,5099.873498676252
hc,1.6600000000000013,0.37035799223343957,4.802296398668498e-14,35.94044027088641,5146.208299764202
hc,1.6700000000000013,0.3308673215636705,6.945925468302769e-14,24.337312790994705,5192.7963271825865
hc,1.6800000000000013,0.3186205605737514,8.834207749527086e-14,20.429550171574018,5239.683736963911
hc,1.6900000000000013,0.3382417237707652,7.934610832613064e-14,25.28986161135949,5288.418768516416
hc,1.7000000000000013,0.37578282109234595,6.781013498115242e-14,28.95965992372513,5337.493911633976
hc,1.7100000000000013,0.41630837426353107,5.968637350222856e-14,32.78789608714139,5386.766850257674
hc,1.7200000000000013,0.4436428232087808,5.216079658455378e-14,33.62703070281444,5436.179335982625
hc,1.7300000000000013,0.4466140876606055,4.750992440524172e-14,43.46755997692855,5485.678346233524
hc,1.7400000000000013,0.4226257719440494,4.895415769426164e-14,35.258816936812146,5535.237742652872
hc,1.7500000000000013,0.3812491785507924,6.003842220909388e-14,32.081509205838636,5584.868156960738
hc,1.7600000000000013,0.34216997296605184,8.417994343391668e-14,24.663850085515154,5634.6060355343
hc,1.7700000000000014,0.3233589502936825,8.793535415301841e-14,23.444006067691962,5684.491796730612
hc,1.7800000000000014,0.33362297287989595,6.653160344045687e-14,31.272253362112828,5734.548226318684
hc,1.7900000000000014,0.36401184599923697,5.800674090673526e-14,28.008703544385845,5784.770748902859
hc,1.8000000000000014,0.4020056845844208,6.226579835880064e-14,33.40869208610729,5835.1285395824925
hc,1.8100000000000014,0.43309784403659307,7.658977118517813e-14,22.3133801614151,5885.573388683076
hc,1.8200000000000014,0.44315149231158946,8.652634178389477e-14,19.672103604468887,5936.059891041661
hc,1.8300000000000014,0.4248587630968532,9.196950848590163e-15,23.54501261009749,5986.5683261456625
hc,1.8400000000000014,0.3833851745203018,1.0999397103940657e-13,14.745819078493657,6037.111662150074
hc,1.8500000000000014,0.3411849235383531,1.8997372426152908e-13,9.553789373315018,6087.726190446338
hc,1.8600000000000014,0.3207620321342942,1.2951650811597486e-13,13.454882148202259,6138.450212118635
hc,1.8700000000000014,0.33441140038904194,7.334637232348608e-14,24.13876698815129,6189.302705385203
hc,1.8800000000000014,0.3703574251438458,5.972146756094312e-14,34.68518394561962,6240.276712593784
hc,1.8900000000000015,0.41130276739444516,6.519723851872675e-14,25.730594779655746,6291.3439512881105
hc,1.9000000000000015,0.4385480517527139,9.536621708180192e-14,20.584865735132563,6342.467174641647
hc,1.9100000000000015,0.4393874825155747,7.698813338079151e-14,12.810416381139953,6393.6197229171785
hc,1.9200000000000015,0.41222576772431335,6.075078385731779e-14,12.459371031292791,6444.802170328866
hc,1.9300000000000015,0.36958593511212134,5.5866224456156014e-14,15.734798120501006,6496.045073975489
hc,1.9400000000000015,0.33478476043787025,5.840995098985818e-14,11.746906699846798,6547.393780670756
hc,1.9500000000000015,0.32824924140650313,6.67926772201809e-14,16.238865974188165,6598.885762746116
hc,1.9600000000000015,0.35268740118616687,7.114897906522618e-14,22.231772564946176,6650.5332652719835
hc,1.9700000000000015,0.39150020203566105,6.100671508797122e-14,34.15260515993248,6702.323126239988
hc,1.9800000000000015,0.42695579816704116,7.220935961959424e-14,20.183214046442316,6754.223634265673
hc,1.9900000000000015,0.44123468819702755,6.192869666676349e-14,14.31011986106176,6806.201651237141
hc,2.0,0.426887969062367,5.49248153107334e-14,14.705111201289485,6859.217466295102
flat,0.0,0.18739055692223067,0.11913057357870345,5.676015213396113e-15,149.21131596027377
flat,0.01,0.191879191128846,0.07057919451001296,7.16227077646181e-12,159.66127876381225
flat,0.02,0.20649925855537687,0.02191737396379631,2.7397417667884838e-11,170.50421544491095
flat,0.03,0.2226731554604282,0.01579262289786086,1.0658141036401503e-14,181.7425092312645
flat,0.04,0.2568126771329643,0.06812387954501942,5.462535805633717e-15,193.37266974762852
flat,0.05,0.2933657510900298,0.12374113569283222,8.881784197001252e-15,205.39083068889565
flat,0.060000000000000005,0.33189527707182637,0.17969129281952398,9.325873406851315e-15,217.78761400098577
flat,0.07,0.3716817830134777,0.23535194207840915,7.69818779035314e-15,230.54770447433057
flat,0.08,0.4131559502414538,0.2644740514899565,5.329070518200751e-15,243.64999013002353
flat,0.09,0.4545765658067881,0.2829722855826267,8.763589219541387e-15,257.0683752290062
flat,0.09999999999999999,0.49468293206842895,0.30994041390934923,8.881784197001252e-15,270.7730387327024
flat,0.10999999999999999,0.5324105421155274,0.34310214435147823,7.105427357601002e-15,284.7316544912638
flat,0.11999999999999998,0.5656920384086634,0.3799224892568432,4.485723858332902e-15,298.9104922960688
flat,0.12999999999999998,0.5926613217379061,0.41816657172451227,4.6629367034256575e-15,313.27568970591153
flat,0.13999999999999999,0.6113177175144194,0.45506823607641284,8.659739592076221e-15,327.79472892524683
flat,0.15,0.6197898852178589,0.4880019377824682,7.16093850883226e-15,342.4383873373398
flat,0.16,0.6166012064186558,0.5146365086515764,8.909539772616881e-15,357.18309163381036
flat,0.17,0.6009272082013662,0.5330859335024614,6.6058269965196814e-15,372.0134026160234
flat,0.18000000000000002,0.5728710899716212,0.5420813549667419,6.291408366498885e-15,386.9241673791343
flat,0.19000000000000003,0.5336995619072558,0.5336995619072558,7.105427357601002e-15,401.92177781129726
flat,0.20000000000000004,0.4860007624088202,0.4860007624088202,1.1252310931977871e-14,417.02400411667486
flat,0.21000000000000005,0.43372539241487973,0.43372539241487973,8.715250743307479e-15,432.2580749129355
flat,0.22000000000000006,0.38192055651310436,0.38192055651310436,1.8096635301390052e-14,447.6571550760847
flat,0.23000000000000007,0.33573403790744816,0.33184801629099914,1.354472090042691e-14,463.2562924931872
flat,0.24000000000000007,0.29587304935213105,0.2683740757737419,1.3322676295501878e-14,479.0925893204456
flat,0.25000000000000006,0.26595092662851266,0.20382231942070514,1.7658292363054162e-14,495.9838813547098
flat,0.26000000000000006,0.2504621647294514,0.14319398273877534,1.9456658506555868e-14,514.9143713989195
flat,0.2700000000000001,0.2515384681650576,0.09715689999260747,2.042810365310288e-14,534.1891841367507
flat,0.2800000000000001,0.26894625582549075,0.09044762997168243,1.3543975511433326e-14,553.8249711149813
flat,0.2900000000000001,0.29925410974548394,0.1275617415042084,1.6017616649276895e-14,573.8302429516697
flat,0.3000000000000001,0.3346588660923482,0.15376695465868417,8.471630515149986e-15,594.2071817057422
flat,0.3100000000000001,0.37088847549149917,0.12032780921967647,6.994405055138486e-15,614.9500132819034
flat,0.3200000000000001,0.40570511340449067,0.10572537216578828,9.693512811013993e-15,636.0445279197851
flat,0.3300000000000001,0.43584970629169284,0.11548817980158617,1.4919645109200824e-14,657.4694117073186
flat,0.34000000000000014,0.45912146269094695,0.14201249253184667,1.3100631690576847e-14,679.1974454650953
flat,0.35000000000000014,0.4737867965835266,0.1746505016557603,1.2846603121563493e-14,701.1970691284406
flat,0.36000000000000015,0.47831293033858613,0.20706160137182603,1.9872992140790302e-14,723.4349525807012
flat,0.37000000000000016,0.4726732568314759,0.23622236095851967,1.2395683438026772e-14,745.8788407480428
flat,0.38000000000000017,0.4582625515531685,0.25016743006612296,1.0880185641326534e-14,768.5000113994838
flat,0.3900000000000002,0.43788832184985327,0.2523488719494687,1.4520231805120742e-14,791.2746551805209
flat,0.4000000000000002,0.41513530645687186,0.24913284443458827,1.7034923547720043e-14,814.1840139680183
flat,0.4100000000000002,0.3931400701466624,0.23899841020653695,1.4876988529977098e-14,837.2141936646198
flat,0.4200000000000002,0.37443413627948596,0.21395652688656314,2.1494064124036316e-14,860.3558590096675
flat,0.4300000000000002,0.3607976808975461,0.1852036474292425,3.2029934260435766e-14,883.6037766412472
flat,0.4400000000000002,0.35272822657687697,0.14629100548808907,3.418077453021251e-14,906.9565717567907
flat,0.45000000000000023,0.3494729879418583,0.0915958036355414,1.1872257734205083e-14,930.4166736813208
flat,0.46000000000000024,0.3494490121509193,0.038107534559541204,8.43769498715119e-15,953.9896683208907
flat,0.47000000000000025,0.34460637951060025,6.492773576738855e-14,1.593250930218772,977.6802227792559
flat,0.48000000000000026,0.32995796715470255,4.0018730616942753e-13,5.106948549549341,1001.5027478061418
flat,0.49000000000000027,0.31779347361541105,2.1320915522213408e-13,9.553086724700849,1025.4719744803842
flat,0.5000000000000002,0.30953953519503175,1.5483323679845396e-13,13.595423135434624,1049.6008696435586
flat,0.5100000000000002,0.30640061916095856,1.2833925761675765e-13,15.969733492445007,1073.8985643948727
flat,0.5200000000000002,0.3088854551595353,1.1511109048191583e-13,15.76188389524578,1098.3686568497742
flat,0.5300000000000002,0.3164273777272837,1.0943006805140389e-13,14.391201390444335,1123.0083300537108
flat,0.5400000000000003,0.32764824005785187,1.0946915485867693e-13,17.808781824277833,1147.8086496244248
flat,0.5500000000000003,0.34149020820707376,1.1493008295637964e-13,18.24913656387222,1172.7551078120803
flat,0.5600000000000003,0.3570998549817739,1.2677209843954096e-13,15.347945727821362,1197.8278560404065
flat,0.5700000000000003,0.3733825019091059,1.481186248057544e-13,10.351031265006055,1223.0024046364883
flat,0.5800000000000003,0.388764563358313,1.869054842217946e-13,10.919344906659086,1248.2511117472047
flat,0.5900000000000003,0.4015789142095317,2.643072791964835e-13,7.74803700092745,1273.5452481157195
flat,0.6000000000000003,0.4103420647457209,4.209330759782647e-13,5.02007905778035,1298.8574448428722
flat,0.6100000000000003,0.41401823638393553,4.1044357674088e-13,4.474166269651165,1324.1641753806957
flat,0.6200000000000003,0.41210711936096966,2.30711265205109e-13,8.840436008794146,1349.4478369073518
flat,0.6300000000000003,0.4046042749113168,1.4614458315791906e-13,11.213988680657213,1374.6983393755268
flat,0.6400000000000003,0.39210830349329506,1.0530435550454267e-13,19.451293289143898,1399.9141255710585
flat,0.6500000000000004,0.3759913256692074,8.291815731572966e-14,24.71230994132658,1425.1023724520453
flat,0.6600000000000004,0.3583234056919092,6.980104809469124e-14,25.034849428030558,1450.2783521652925
flat,0.6700000000000004,0.34166385624935525,6.213378348234363e-14,27.027182686175287,1475.4640294464298
flat,0.6800000000000004,0.32863494421986506,5.82076213940646e-14,34.21600492189808,1500.6860426476499
flat,0.6900000000000004,0.3220600377977824,5.731651067896474e-14,36.414256739413744,1525.9730191256153
flat,0.7000000000000004,0.32400176306275724,5.941209762463927e-14,33.76456612389099,1551.3526484225677
flat,0.7100000000000004,0.33453025891083715,6.495036071008778e-14,28.095177037580285,1576.8491880920835
flat,0.7200000000000004,0.35162367255512206,7.43391466222606e-14,22.362308848137072,1602.4823584396272
flat,0.7300000000000004,0.3733496801917886,8.471804910638809e-14,19.495670370767364,1628.2667587700155
flat,0.7400000000000004,0.3973532091843263,8.459234115675995e-14,21.03750020290033,1654.2109420288366
flat,0.7500000000000004,0.4200489505226461,7.029778541332153e-14,26.156804840905753,1680.3175334964228
flat,0.7600000000000005,0.4377389530240425,5.5078354087856925e-14,31.664904917115965,1706.5848614923834
flat,0.7700000000000005,0.4475416926886077,4.4656348310810506e-14,33.298265929582264,1733.0096724033135
flat,0.7800000000000005,0.44770439471966916,3.8389798169237927e-14,46.681371911946485,1759.5903584224784
flat,0.7900000000000005,0.4375269777194191,3.506190501391988e-14,57.65347046517941,1786.3795436663715
flat,0.8000000000000005,0.4180514405205777,3.393695632309837e-14,61.33674151865002,1815.327137440817
flat,0.8100000000000005,0.392338031728124,3.473841427217229e-14,56.07088985878848,1844.4134058459579
flat,0.8200000000000005,0.3651572192165848,3.7576071198388796e-14,43.607418572027235,1873.6638652750837
flat,0.8300000000000005,0.34181467178048996,4.297348499899755e-14,39.49900495608231,1904.55861536863
flat,0.8400000000000005,0.3264739864632195,5.1951197948328166e-14,37.3849177489437,1937.0202810559263
flat,0.8500000000000005,0.322381082044879,6.550093491357893e-14,31.242959816916706,1969.704491604609
flat,0.8600000000000005,0.3299101512994382,8.115825591529676e-14,25.511971621811647,2002.6134448328617
flat,0.8700000000000006,0.3458675409614289,8.730914918432483e-14,23.680728322960217,2035.740058020112
flat,0.8800000000000006,0.3661511862713898,7.916483506697947e-14,26.32294532013589,2069.0690681444366
flat,0.8900000000000006,0.38810658687933747,6.796743003407964e-14,30.35451209416285,2102.5777603622005
flat,0.9000000000000006,0.4083603217504386,5.954138683189386e-14,30.527373073712788,2136.2372259134595
flat,0.9100000000000006,0.4236082914183442,5.396859139406737e-14,31.424072571507033,2170.015090015366
flat,0.9200000000000006,0.43142731163031744,5.039444824432444e-14,40.96803328269566,2203.8792925255743
flat,0.9300000000000006,0.43062502189080265,4.830202154115648e-14,40.59073083273324,2237.802288593238
flat,0.9400000000000006,0.42116662530099763,4.766311000460128e-14,32.48374454883249,2271.764981786834
flat,0.9500000000000006,0.40415888114174015,4.887091800447676e-14,41.13516330140228,2305.759675741276
flat,0.9600000000000006,0.3821936599849775,5.270789699877523e-14,39.126332919144915,2339.7908973533763
flat,0.9700000000000006,0.3591342263701396,6.051195428238793e-14,30.053637966642597,2373.873590898723
flat,0.9800000000000006,0.3392138144151291,7.406538532003054e-14,20.33586795837888,2408.029455206513
flat,0.9900000000000007,0.32622353767165685,9.111613672363796e-14,17.053836788537808,2442.2821434543407
flat,1.0000000000000007,0.32335931817253627,9.339017916742219e-14,16.397240052000797,2476.6520237863965
flat,1.0100000000000007,0.33144189584961126,7.640036001412312e-14,19.824061877735595,2511.151950978621
flat,1.0200000000000007,0.34779149259506403,6.111337736194989e-14,28.01100898269343,2545.785583269972
flat,1.0300000000000007,0.36917134070593205,5.284944410086879e-14,37.874937903935916,2580.5481935001876
flat,1.0400000000000007,0.3935291077992518,5.0380535662326815e-14,41.18185434256999,2615.4272899880525
flat,1.0500000000000007,0.4171994052238111,5.340026232182291e-14,33.42110402624489,2650.404690473359
flat,1.0600000000000007,0.43599174938249446,6.39711357391273e-14,27.981264161530426,2685.4600175901123
flat,1.0700000000000007,0.445776064241091,8.988675242066491e-14,23.274286447934077,2720.5751888621908
flat,1.0800000000000007,0.4439170454662497,1.6636680718888617e-13,9.391698104586931,2755.7420701511455
flat,1.0900000000000007,0.4292168525248855,3.4221010351694464e-13,4.811664848807398,2790.965713549344
flat,1.1000000000000008,0.40286635357573813,1.9245517744001222e-13,9.114652376580345,2826.2659128113046
flat,1.1100000000000008,0.37003330372403037,1.3544382143025258e-13,15.131121716997924,2861.675422640687
flat,1.1200000000000008,0.3390692059654309,1.2749424969715239e-13,15.067163200201737,2897.2342700017534
flat,1.1300000000000008,0.31829459588304526,1.5031394094399747e-13,12.526293346097928,2932.9823881903467
flat,1.1400000000000008,0.31513883623963124,2.1341949673716045e-13,8.975953311601693,2970.569977596394
flat,1.1500000000000008,0.3308821360014964,2.419938160939724e-13,8.655246265417311,3008.7657885089016
flat,1.1600000000000008,0.35925904225247524,1.7104757532748875e-13,12.004362364336709,3047.244215753622
flat,1.1700000000000008,0.39351542617782465,1.348906397417986e-13,13.289282093897182,3085.986716376679
flat,1.1800000000000008,0.4262615240842934,1.3536386766470658e-13,14.754929992710279,3124.9570854308276
flat,1.1900000000000008,0.4503126506988015,1.8465853800515735e-13,10.229415848800299,3164.107626005076
flat,1.2000000000000008,0.46037301391906166,3.318842835871085e-13,6.225065991241077,3203.388013863649
flat,1.2100000000000009,0.45289603393889294,1.6821770227475148e-13,11.377354675472603,3242.7559433742877
flat,1.2200000000000009,0.42779680026581846,9.061673337633392e-14,21.84033700775071,3282.188131378813
flat,1.2300000000000009,0.38996072385149183,6.527671198982708e-14,30.748574029077425,3321.6870468892284
flat,1.2400000000000009,0.34935281297745535,5.64656519594959e-14,27.142096261282692,3361.27915821019
flat,1.2500000000000009,0.3173295120355677,5.642150907016354e-14,35.92853884625401,3401.0049026173097
flat,1.260000000000001,0.3039475739758493,6.486838400816232e-14,31.38922592027531,3440.90443397843
flat,1.270000000000001,0.3141118122721119,8.765319418617693e-14,19.614632113880944,3481.003347636184
flat,1.280000000000001,0.34116693763414147,1.3913644487882264e-13,11.168308518497415,3521.3053937898258
flat,1.290000000000001,0.37504983208845727,1.6204072605082886e-13,11.727293216409297,3561.791965116079
flat,1.300000000000001,0.40750092305244534,1.1372880044916861e-13,15.981989832043975,3602.4255121777624
flat,1.310000000000001,0.4304301992197861,8.839735587757736e-14,19.992583095279823,3643.1582929739775
flat,1.320000000000001,0.4385956910459802,7.821030945202963e-14,26.53116897146724,3683.9444044294405
flat,1.330000000000001,0.4294292743633362,7.185794820622051e-14,23.187879105624862,3724.752473273812
flat,1.340000000000001,0.4039741387878357,6.4205566654573e-14,32.009433004184196,3765.575612898048
flat,1.350000000000001,0.36794048381120126,5.696068535741412e-14,29.407558075728918,3806.4339939849383
flat,1.360000000000001,0.3312525123340016,5.322278961423563e-14,39.20358267129457,3847.3680113845617
flat,1.370000000000001,0.30445961487374534,5.446931771728421e-14,32.46991470075595,3888.4252379709
flat,1.380000000000001,0.2987515692399275,6.164985785773767e-14,28.172285985180693,3929.6437653617036
flat,1.390000000000001,0.3166802867360179,7.336800808855023e-14,26.715439639546716,3971.0390827275132
flat,1.400000000000001,0.3491574773466831,7.478174709786859e-14,26.69475970603756,4012.6011982602354
flat,1.410000000000001,0.38625782516333695,6.077078783142946e-14,34.0285024052156,4054.2976107203035
flat,1.420000000000001,0.4180469337427166,4.937781810056631e-14,40.94528681438471,4096.0824848838665
flat,1.430000000000001,0.43547178694455796,4.4476610686678946e-14,33.234794083348945,4137.911800611407
flat,1.440000000000001,0.4328013621012234,4.459800885779088e-14,46.196057917110764,4179.760047090409
flat,1.450000000000001,0.40906240394225557,4.855783705968985e-14,36.6247483623143,4221.632883309379
flat,1.460000000000001,0.37037270110775244,5.4981633895532405e-14,36.64694040427166,4263.569153374996
flat,1.470000000000001,0.3297017609059841,6.228130555058147e-14,29.717572629670222,4305.630704621028
flat,1.480000000000001,0.3018764812894849,7.062436832679904e-14,26.500903922490945,4347.8843841933785
flat,1.490000000000001,0.3017241558222557,7.983307698609894e-14,26.15167219201223,4390.381222283058
flat,1.500000000000001,0.3300657721839422,7.759714698188198e-14,26.735835171536014,4433.142443587392
flat,1.5100000000000011,0.37336649123867055,5.877919237918619e-14,33.64097617429579,4476.15757824357
flat,1.5200000000000011,0.4178367079341417,4.359123251383896e-14,35.79425818626517,4519.390281874564
flat,1.5300000000000011,0.44848499735507275,3.6121151820881744e-14,54.75174202723642,4562.7934604554985
flat,1.5400000000000011,0.4545093725613251,3.4190797227656655e-14,58.91439382728944,4606.32850412067
flat,1.5500000000000012,0.4322604890138916,3.697086495091494e-14,43.25386589230305,4649.983024813698
flat,1.5600000000000012,0.3887998816268288,4.5548503985690994e-14,45.67664460662317,4693.77913597273
flat,1.5700000000000012,0.34168552233032745,6.341200254297248e-14,28.21047479673689,4737.766866808582
flat,1.5800000000000012,0.3109281693657096,9.511169324778172e-14,19.364274863904278,4782.006675303865
flat,1.5900000000000012,0.31276944555412806,1.229481781970898e-13,16.832092373393895,4826.548589726866
flat,1.6000000000000012,0.34552203169454887,9.830397198688926e-14,21.115264260874717,4871.417107283129
flat,1.6100000000000012,0.3926059615776503,6.409637602532879e-14,25.626049767346384,4916.607508296851
flat,1.6200000000000012,0.4366060895313729,4.520019907370879e-14,44.55674592746147,4962.088785459814
flat,1.6300000000000012,0.46065671517123774,3.657240851336158e-14,52.57279317925069,5007.81600772689
flat,1.6400000000000012,0.4545965345041838,3.4319846847927523e-14,52.43783144607185,5053.749146244986
flat,1.6500000000000012,0.4193738051932,3.753615737472123e-14,55.39889416166516,5099.873498676254
flat,1.6600000000000013,0.3703579922334398,4.80229639866848e-14,35.94044027088664,5146.208299764202
flat,1.6700000000000013,0.3308673215636706,6.945925468302723e-14,24.337312790994815,5192.796327182587
flat,1.6800000000000013,0.31862056057375143,8.834207749527037e-14,20.429550171574142,5239.6837369639115
flat,1.6900000000000013,0.33824172377076506,7.934610832613074e-14,25.289861611359466,5288.418768516415
flat,1.7000000000000013,0.3757828210923459,6.781013498115246e-14,28.959659923725166,5337.493911633973
flat,1.7100000000000013,0.41630837426353107,5.96863735022286e-14,32.78789608714126,5386.766850257671
flat,1.7200000000000013,0.44364282320878135,5.216079658455373e-14,33.62703070281476,5436.179335982622
flat,1.7300000000000013,0.4466140876606072,4.750992440524151e-14,43.467559976928655,5485.6783462335225
flat,1.7400000000000013,0.4226257719440519,4.8954157694261196e-14,35.2588169368127,5535.237742652868
flat,1.7500000000000013,0.38124917855079477,6.003842220909296e-14,32.08150920583905,5584.868156960734
flat,1.7600000000000013,0.34216997296605367,8.417994343391532e-14,24.663850085515577,5634.606035534298
flat,1.7700000000000014,0.32335895029368383,8.793535415301846e-14,23.44400606769199,5684.491796730609
flat,1.7800000000000014,0.3336229728798967,6.653160344045713e-14,31.27225336211271,5734.548226318681
flat,1.7900000000000014,0.3640118459992375,5.800674090673523e-14,28.00870354438601,5784.770748902855
flat,1.8000000000000014,0.40200568458442026,6.226579835880028e-14,33.40869208610744,5835.12853958249
flat,1.8100000000000014,0.4330978440365932,7.658977118517701e-14,22.31338016141507,5885.573388683073
flat,1.8200000000000014,0.4431514923115907,8.652634178389326e-14,19.67210360446966,5936.0598910416575
flat,1.8300000000000014,0.4248587630968555,9.196950861713544e-15,23.545012610098063,5986.568326145659
flat,1.8400000000000014,0.38338517452030413,1.099939710394028e-13,14.745819078493918,6037.1116621500705
flat,1.8500000000000014,0.3411849235383547,1.8997372426151974e-13,9.553789373315634,6087.726190446334
flat,1.8600000000000014,0.32076203213429383,1.2951650811597854e-13,13.454882148201618,6138.450212118632
flat,1.8700000000000014,0.3344114003890405,7.334637232348723e-14,24.138766988150813,6189.302705385199
flat,1.8800000000000014,0.37035742514384395,5.972146756094322e-14,34.685183945619634,6240.276712593781
flat,1.8900000000000015,0.4113027673944438,6.519723851872587e-14,25.7305947796557,6291.343951288108
flat,1.9000000000000015,0.43854805175271355,9.536621708179869e-14,20.584865735133466,6342.467174641643
flat,1.9100000000000015,0.4393874825155755,7.698813338079335e-14,12.81041638114083,6393.619722917175
flat,1.9200000000000015,0.4122257677243151,6.075078385731858e-14,12.459371031292436,6444.802170328862
flat,1.9300000000000015,0.3695859351121228,5.5866224456156304e-14,15.734798120500956,6496.045073975485
flat,1.9400000000000015,0.33478476043787075,5.840995098985812e-14,11.746906699847035,6547.393780670753
flat,1.9500000000000015,0.32824924140650225,6.679267722018059e-14,16.238865974187615,6598.885762746112
flat,1.9600000000000015,0.35268740118616565,7.114897906522676e-14,22.231772564946237,6650.533265271981
flat,1.9700000000000015,0.39150020203566,6.100671508797079e-14,34.15260515993268,6702.323126239985
flat,1.9800000000000015,0.42695579816704066,7.220935961959439e-14,20.183214046443176,6754.22363426567
flat,1.9900000000000015,0.4412346881970279,6.192869666676353e-14,14.310119861062809,6806.201651237137
flat,2.0,0.4268879690623681,5.49248153107332e-14,14.705111201289364,6859.217466295098
