k,G_2,dx_2,V_faultbus,minV,maxV
1.0,54.62666915952669,57.78659805447207,0.05462666913088922,0.05462666913088922,0.9014888334813362
2.0,6.682810211067167,10.908519664023283,0.1586032628947612,0.1331271809577338,0.8995980053904863
3.0,1.5656185318044271,74.40277768711697,0.028958909939379635,0.028958909939379635,0.8914766050035187
4.0,25.466414771970065,37.84312784144608,0.0667399824824214,0.0667399824824214,0.8925344435399879
5.0,6.557664256951507,19.01725290619483,0.0270838232314505,0.0270838232314505,0.8920921154294013
6.0,1.6361597356808892,10.00308147750743,0.015131445553895862,0.015131445553895862,0.8924935921257972
7.0,0.5807091639498304,57.79173127115295,0.013312813274869119,0.013312813274869119,0.8929293129204768
8.0,20.85640776379497,29.642040627317755,0.011711519782680084,0.011711519782680084,0.9060566355556967
9.0,5.3782516026366745,16.282601118966724,0.010808180326537048,0.010808180326537048,0.899548482330227
10.0,1.5265017349467176,15.056386463495146,0.010450605341396893,0.010450605341396893,0.8962046335870701
11.0,1.2950485893967782,12.475033975365996,0.009480582766157689,0.009480582766157689,0.894479629266891
12.0,0.9189649538746382,28.72902564633107,0.011234899315186017,0.011234899315186017,0.8930927265345787
13.0,4.677488403832048,16.009745532609475,0.01210415035105657,0.01210415035105657,0.8873337403679052
14.0,1.4098866210978762,14.4990321961702,0.0121057210369887,0.0121057210369887,0.8902789554098917
15.0,1.2233489763628764,13.079879647411877,0.013487808600120084,0.013487808600120084,0.8918214934808968
16.0,1.0341115791109592,26.366174058621993,0.009579334910481158,0.009579334910481158,0.8931891622681741
17.0,4.5030108226990295,15.608876227997927,0.015516320422625626,0.015516320422625626,0.8866714903408821
18.0,1.399079788908475,90.5969461636531,0.011867896281805587,0.011867896281805587,0.8900044401970854
19.0,53.38837630277895,45.90917141426915,0.01327956608405266,0.01327956608405266,0.892507646295739
20.0,13.72307887297244,25.753768564775495,0.0066047436032373825,0.0066047436032373825,0.8932655239909131
21.0,3.784570545039412,14.549636187817157,0.007740698837295724,0.007740698837295724,0.8965177967525804
22.0,1.2035040287893675,13.407212763115702,0.00918043629875288,0.00918043629875288,0.8944736413412256
23.0,1.0748955187259919,24.054241969738584,0.011490551263242686,0.011490551263242686,0.8930705856121663
24.0,4.094988991177836,15.386540942920412,0.013945350287261144,0.013945350287261144,0.886909770197904
25.0,1.3430554530430334,24.032091804445272,0.014297736766562399,0.014297736766562399,0.8900468568790187
26.0,3.6191745954864323,13.919430272194964,0.006944516282224107,0.006944516282224107,0.8919536565304271
27.0,1.1957298548545428,192.4131079461318,0.009929996168221584,0.009929996168221584,0.8930804588055763
28.0,376.88279500590477,104.5973024424942,0.01968006332844325,0.01968006332844325,1.7678165232970673
29.0,94.83951952223056,52.650195161925,0.006498027805928805,0.006498027805928805,0.9515118404836527
30.0,23.964479647576965,26.952283437430673,0.003567824087182537,0.003567824087182537,0.908429353329001
31.0,6.0613647311554075,17.794737437910634,0.0075671219840745705,0.0075671219840745705,0.900559174930241
32.0,1.8562613748537653,13.818946358861172,0.008830096421105781,0.008830096421105781,0.896777773116669
33.0,1.0490333112615775,16.48753182839331,0.01044666730683633,0.01044666730683633,0.8946019404093478
34.0,1.6575181480673065,13.712424947599425,0.009522501123838324,0.009522501123838324,0.8934719285332781
35.0,1.0317424603668672,496.3307701670373,0.011726828899290697,0.011726828899290697,0.8910287431394176
36.0,1607.9592851247942,248.3597423730296,0.12236004982259066,0.05276860160741083,2.966453017712584
37.0,402.5627922755259,124.59900184763231,0.06618172895702476,0.06618172895702476,1.4729607218775373
38.0,101.06903758061326,62.22201711955218,0.038522573380199224,0.03589925446878759,0.8906597120120292
39.0,25.408445212538645,32.00212240520312,0.024494250910934292,0.024494250910934292,0.8924117770422939
40.0,6.320853486311419,21.53418879276019,0.017490012993757083,0.017490012993757083,0.8953329792162884
41.0,2.783337055545797,13.470708798492252,0.008715592082996822,0.008715592082996822,0.8929566084255153
42.0,0.9253068487967167,24.49818080198094,0.013087596286324133,0.013087596286324133,0.8910155201519246
43.0,3.8876195560549487,14.693425725739543,0.008017713773675153,0.008017713773675153,0.8928303239751204
44.0,1.2688861626945676,12.801841295035493,0.00958698519800401,0.00958698519800401,0.8943605945098705
45.0,0.975553826545257,163.69857074620882,0.011488623467585059,0.011488623467585059,0.8929498296046356
46.0,270.96977630544484,83.130879811519,0.024765396167297782,0.024765396167297782,1.507160113162095
47.0,67.77380330855964,42.10916315883442,0.0070775538838495355,0.0070775538838495355,0.9342296242349015
48.0,17.044521159301933,148.2732654804893,0.00322249570743658,0.00322249570743658,0.9059825823862673
49.0,137.12779603201017,79.59612933304767,0.00966104011003477,0.00966104011003477,0.8987936523687432
50.0,39.47941932772623,39.571927649492366,0.0067826725425806835,0.0067826725425806835,0.895330953649894
