k,g_inf,dy_2,V_faultbus,minV,maxV
1.0,53.655034973702925,57.785425488948285,0.05462666913088922,0.05462666913088922,0.9014888334813362
2.0,5.460340876767983,10.912591682357844,0.15866820367001433,0.13328679479128047,0.8996234773288885
3.0,1.3150341064854763,74.4832910056853,0.028957728713148643,0.028957728713148643,0.8914862045019765
4.0,23.0131883438105,37.883896962019506,0.06679332908500919,0.06679332908500919,0.892558404015451
5.0,5.900820929650913,19.039657262818793,0.02710149507425513,0.02710149507425513,0.8921092288905311
6.0,1.4255720350363146,10.001590486685195,0.015125718318087235,0.015125718318087235,0.892506551497876
7.0,0.5265071001949894,59.45318896546725,0.013314891342522195,0.013314891342522195,0.892943802443818
8.0,20.076270727431293,30.44942320994597,0.011505262340879651,0.011505262340879651,0.9066930334344573
9.0,5.039575403741244,16.637962668488314,0.010677921206121892,0.010677921206121892,0.8998737540404487
10.0,1.292871509209451,14.916166877262627,0.010395473170852496,0.010395473170852496,0.8963801982993753
11.0,1.2039140795743064,12.629416805821686,0.009494092563423552,0.009494092563423552,0.8945824630592963
12.0,0.9255809215380654,22.19566037841041,0.0112644970796406,0.0112644970796406,0.8931829729476237
13.0,2.3208137439940564,13.337479957683694,0.011120458240835435,0.011120458240835435,0.8896594836401293
14.0,0.91194603528631,20.25114742694901,0.011645954383021233,0.011645954383021233,0.8915172522324027
15.0,2.556984747433562,16.735169145367855,0.01444008366164997,0.01444008366164997,0.892620933479333
16.0,1.240494535482045,17.2084590741247,0.007853956939632773,0.007853956939632773,0.8962685192878692
17.0,1.6414115019480158,12.155102690913985,0.00913607298658625,0.00913607298658625,0.8944428186028206
18.0,0.8463409010789559,125.82583137725507,0.01064731337148488,0.01064731337148488,0.893121311431686
19.0,96.89201515509086,63.3807386204493,0.03643565051983677,0.03643565051983677,0.882316267210156
20.0,24.738703515797088,32.35228276976285,0.023087150230075792,0.023087150230075792,0.8879008493904603
21.0,6.299743904771391,17.66781913401373,0.01646971929088443,0.01646971929088443,0.8906686360153158
22.0,1.9096589402345467,12.10498939012423,0.012097562757592283,0.012097562757592283,0.8921854117737438
23.0,0.8059970753684271,92.27680258355619,0.01058339314649322,0.01058339314649322,0.8938228132800402
24.0,55.093717750302496,47.29498985863324,0.010068123625521478,0.010068123625521478,0.8936062693927931
25.0,14.08015414970218,24.433658262113866,0.0066145905725159245,0.0066145905725159245,0.8959572268350753
26.0,3.7101921244789824,14.295717575984394,0.007795962012398446,0.007795962012398446,0.8941560825271961
27.0,1.2171200436834337,14.343053695713715,0.009794083500893537,0.009794083500893537,0.8927345942488597
28.0,0.9530536056992588,15.79512475553255,0.010811042785149168,0.010811042785149168,0.8951186419035245
29.0,1.485523280497162,12.396436070343654,0.009471649182449788,0.009471649182449788,0.8938305256148485
30.0,0.8580294528547286,59.85465455450476,0.011362124377243063,0.011362124377243063,0.8922529567374411
31.0,23.181207069587156,31.06927124206173,0.006941915804998124,0.006941915804998124,0.8940431154472002
32.0,6.064138038966773,16.88410000784456,0.007189261171950186,0.007189261171950186,0.8919342402128494
33.0,1.7702419803674365,24.17762573925902,0.00938320089809043,0.00938320089809043,0.8930299668809467
34.0,4.7874486650446615,99.90751855392111,0.008261720355277868,0.008261720355277868,0.8999475861452633
35.0,63.21112301300057,51.78411468205095,0.018292835061965374,0.018292835061965374,0.8954707531226567
36.0,16.939504068766386,26.505410529022406,0.012624969637149062,0.012624969637149062,0.8937643674534378
37.0,4.2533200208202455,28.163179342799957,0.014785760733101819,0.014785760733101819,0.8921716331508104
38.0,6.778002591873933,17.12119685492514,0.00816093507192186,0.00816093507192186,0.9017699838912238
39.0,1.7280220007076985,80.92259104914142,0.008572462662572574,0.008572462662572574,0.8969909927501696
40.0,41.822068333442665,42.181294210581726,0.01862803106419861,0.01862803106419861,0.894031425900335
41.0,11.340583047124728,24.381739817791495,0.012830204342344666,0.012830204342344666,0.8927513248521077
42.0,2.879876401480017,11.940129833787912,0.01715551429369396,0.01715551429369396,0.8889909839169805
43.0,0.7900336589749979,16.598864054028752,0.015098834442654452,0.015098834442654452,0.8918872010335781
44.0,1.6214472378363,24.704258045296516,0.00738642432564187,0.00738642432564187,0.8928146966781082
45.0,4.873168210223982,24.371019821182305,0.008631734170484868,0.008631734170484868,0.9000924359303358
46.0,3.0037494172535704,14.215824410868525,0.007991789139097248,0.007991789139097248,0.8965669094348593
47.0,1.0660017911762476,14.31875678291454,0.009289705724139195,0.009289705724139195,0.8945279687338695
48.0,1.2194755463371418,18.384964968457933,0.0117111549471958,0.0117111549471958,0.8931172053976272
49.0,1.9447445074085299,17.181460466036906,0.01339420000597429,0.01339420000597429,0.8887694668668958
50.0,1.5829694429591257,12.615514610433456,0.015259500863247455,0.015259500863247455,0.8909761302526704
