lf,lf_abs,mode,form,label,fault_bus,xf,tfault,Vfb_preclear,minV_preclear,direct_h0.01_state,direct_h0.01_minV,direct_h0.01_kcl,direct_h0.001_state,direct_h0.001_minV,direct_h0.001_kcl,direct_h0.0001_state,direct_h0.0001_minV,direct_h0.0001_kcl,direct_low,newton_conv,newton_it,newton_minV,newton_kcl,newton_reaches_hv,hc_conv,hc_it,hc_minV,hc_kcl,hc_reaches_hv,flat_conv,flat_it,flat_minV,flat_kcl,flat_reaches_hv,hv_exists,hv_source,hv_minV,newton_low,newton_root,lv_bus,persist,V_lvbus_end_newton,V_lvbus_end_hv,kcl_end_newton,N_ok,N_tend,N_vend,N_maxspread,N_maxkcl,HV_ok,HV_tend,HV_vend,HV_maxspread,HV_maxkcl,clean
0.97,2.2431,rms,power,"fault bus 1 xf=0.001 clear@0.15",1,0.001,0.15,0.054,0.054,ok,0.731,7.1e-15,ok,0.732,7.1e-15,ok,0.732,7.1e-15,false,true,4,0.732,4.4e-15,true,true,0,0.732,5.3e-15,true,true,5,0.732,1.3e-12,true,true,flat,0.732,false,,0,,NaN,NaN,NaN,,NaN,NaN,NaN,NaN,,NaN,NaN,NaN,NaN,false
0.97,2.2431,rms,power,"fault bus 1 xf=0.003 clear@0.15",1,0.003,0.15,0.145,0.145,ok,0.732,5.3e-15,ok,0.733,3.9e-15,ok,0.733,7.1e-15,false,true,4,0.733,7.1e-15,true,true,0,0.733,4.4e-15,true,true,5,0.733,1.5e-12,true,true,flat,0.733,false,,0,,NaN,NaN,NaN,,NaN,NaN,NaN,NaN,,NaN,NaN,NaN,NaN,false
0.97,2.2431,rms,power,"fault bus 1 xf=0.005 clear@0.15",1,0.005,0.15,0.220,0.220,ok,0.733,5.7e-15,ok,0.734,5.3e-15,ok,0.734,5.3e-15,false,true,4,0.734,7.6e-15,true,true,0,0.734,8.9e-15,true,true,5,0.734,1.8e-12,true,true,flat,0.734,false,,0,,NaN,NaN,NaN,,NaN,NaN,NaN,NaN,,NaN,NaN,NaN,NaN,false
0.97,2.2431,rms,power,"fault bus 2 xf=0.001 clear@0.15",2,0.001,0.15,0.068,0.068,ok,0.700,5.3e-15,ok,0.705,5.3e-15,ok,0.706,7.1e-15,false,true,5,0.706,5.3e-15,true,true,0,0.706,4.3e-15,true,true,5,0.706,3.2e-13,true,true,flat,0.706,false,,0,,NaN,NaN,NaN,,NaN,NaN,NaN,NaN,,NaN,NaN,NaN,NaN,false
0.97,2.2431,rms,power,"fault bus 2 xf=0.003 clear@0.15",2,0.003,0.15,0.176,0.176,ok,0.707,5.8e-15,ok,0.711,5.3e-15,ok,0.711,8.9e-15,false,true,5,0.712,5.3e-15,true,true,0,0.712,7.1e-15,true,true,5,0.712,2.2e-13,true,true,flat,0.712,false,,0,,NaN,NaN,NaN,,NaN,NaN,NaN,NaN,,NaN,NaN,NaN,NaN,false
0.97,2.2431,rms,power,"fault bus 2 xf=0.005 clear@0.15",2,0.005,0.15,0.259,0.259,ok,0.712,4.9e-15,ok,0.715,5.3e-15,ok,0.716,7.1e-15,false,true,5,0.716,7.1e-15,true,true,0,0.716,7.1e-15,true,true,5,0.716,1.9e-13,true,true,flat,0.716,false,,0,,NaN,NaN,NaN,,NaN,NaN,NaN,NaN,,NaN,NaN,NaN,NaN,false
0.97,2.2431,rms,power,"fault bus 3 xf=0.001 clear@0.15",3,0.001,0.15,0.063,0.063,ok,0.669,5.0e-15,ok,0.677,7.1e-15,ok,0.678,7.1e-15,false,true,5,0.678,3.9e-11,true,true,0,0.678,7.8e-15,true,true,5,0.678,4.2e-12,true,true,newton,0.678,false,,0,,NaN,NaN,NaN,,NaN,NaN,NaN,NaN,,NaN,NaN,NaN,NaN,false
0.97,2.2431,rms,power,"fault bus 3 xf=0.003 clear@0.15",3,0.003,0.15,0.162,0.162,ok,0.682,7.1e-15,ok,0.689,1.8e-14,ok,0.690,3.0e-14,false,true,5,0.690,2.5e-14,true,true,0,0.690,3.6e-15,true,true,5,0.690,1.6e-12,true,true,flat,0.690,false,,0,,NaN,NaN,NaN,,NaN,NaN,NaN,NaN,,NaN,NaN,NaN,NaN,false
0.97,2.2431,rms,power,"fault bus 3 xf=0.005 clear@0.15",3,0.005,0.15,0.236,0.236,ok,0.691,1.1e-14,ok,0.697,7.1e-15,ok,0.698,7.1e-15,false,true,5,0.698,5.3e-15,true,true,0,0.698,5.3e-15,true,true,5,0.698,7.5e-13,true,true,flat,0.698,false,,0,,NaN,NaN,NaN,,NaN,NaN,NaN,NaN,,NaN,NaN,NaN,NaN,false
0.97,2.2431,rms,power,"fault bus 4 xf=0.001 clear@0.15",4,0.001,0.15,0.048,0.048,ok,0.540,2.0e-13,ok,0.569,2.2e-12,ok,0.572,2.8e-12,false,true,5,0.572,2.8e-12,true,true,0,0.572,4.7e-15,true,true,5,0.572,3.5e-11,true,true,flat,0.572,false,,0,,NaN,NaN,NaN,,NaN,NaN,NaN,NaN,,NaN,NaN,NaN,NaN,false
0.97,2.2431,rms,power,"fault bus 4 xf=0.003 clear@0.15",4,0.003,0.15,0.127,0.127,ok,0.574,5.5e-15,ok,0.595,7.1e-15,ok,0.597,7.1e-15,false,true,5,0.597,5.3e-15,true,true,0,0.597,8.0e-15,true,true,5,0.597,8.3e-12,true,true,flat,0.597,false,,0,,NaN,NaN,NaN,,NaN,NaN,NaN,NaN,,NaN,NaN,NaN,NaN,false
0.97,2.2431,rms,power,"fault bus 4 xf=0.005 clear@0.15",4,0.005,0.15,0.191,0.191,ok,0.597,7.8e-15,ok,0.615,7.1e-15,ok,0.616,5.3e-15,false,true,5,0.617,1.1e-14,true,true,0,0.617,5.1e-15,true,true,5,0.617,3.2e-12,true,true,flat,0.617,false,,0,,NaN,NaN,NaN,,NaN,NaN,NaN,NaN,,NaN,NaN,NaN,NaN,false
0.97,2.2431,rms,power,"fault bus 5 xf=0.001 clear@0.15",5,0.001,0.15,0.040,0.040,ok,0.445,3.6e-15,ok,0.486,7.8e-15,ok,0.490,6.0e-15,false,true,5,0.491,5.3e-15,true,true,0,0.491,4.4e-15,true,true,6,0.491,5.9e-15,true,true,hc,0.491,false,,0,,NaN,NaN,NaN,,NaN,NaN,NaN,NaN,,NaN,NaN,NaN,NaN,false
0.97,2.2431,rms,power,"fault bus 5 xf=0.003 clear@0.15",5,0.003,0.15,0.110,0.110,ok,0.487,5.3e-15,ok,0.523,5.3e-15,ok,0.527,8.4e-15,false,true,5,0.527,1.1e-14,true,true,0,0.527,4.3e-15,true,true,5,0.527,1.9e-10,true,true,flat,0.527,false,,0,,NaN,NaN,NaN,,NaN,NaN,NaN,NaN,,NaN,NaN,NaN,NaN,false
0.97,2.2431,rms,power,"fault bus 5 xf=0.005 clear@0.15",5,0.005,0.15,0.170,0.170,ok,0.522,7.1e-15,ok,0.554,3.6e-15,ok,0.557,7.1e-15,false,true,5,0.557,3.9e-15,true,true,0,0.557,5.0e-15,true,true,5,0.557,2.1e-11,true,true,flat,0.557,false,,0,,NaN,NaN,NaN,,NaN,NaN,NaN,NaN,,NaN,NaN,NaN,NaN,false
0.97,2.2431,rms,power,"fault bus 6 xf=0.001 clear@0.15",6,0.001,0.15,0.038,0.038,ok,0.419,6.9e-15,ok,0.463,3.6e-15,ok,0.467,5.3e-15,false,true,5,0.467,5.8e-15,true,true,0,0.467,6.2e-15,true,true,6,0.467,6.5e-15,true,true,flat,0.467,false,,0,,NaN,NaN,NaN,,NaN,NaN,NaN,NaN,,NaN,NaN,NaN,NaN,false
0.97,2.2431,rms,power,"fault bus 6 xf=0.003 clear@0.15",6,0.003,0.15,0.107,0.107,ok,0.461,3.7e-15,ok,0.501,7.6e-15,ok,0.505,4.7e-15,false,true,5,0.505,7.1e-15,true,true,0,0.505,8.9e-15,true,true,6,0.505,7.1e-15,true,true,hc,0.505,false,,0,,NaN,NaN,NaN,,NaN,NaN,NaN,NaN,,NaN,NaN,NaN,NaN,false
0.97,2.2431,rms,power,"fault bus 6 xf=0.005 clear@0.15",6,0.005,0.15,0.165,0.165,ok,0.498,5.3e-15,ok,0.533,7.1e-15,ok,0.536,5.3e-15,false,true,5,0.536,5.3e-15,true,true,0,0.536,4.2e-15,true,true,5,0.536,7.8e-11,true,true,flat,0.536,false,,0,,NaN,NaN,NaN,,NaN,NaN,NaN,NaN,,NaN,NaN,NaN,NaN,false
0.97,2.2431,rms,power,"fault bus 7 xf=0.001 clear@0.15",7,0.001,0.15,0.038,0.038,ok,0.511,1.8e-14,ok,0.544,3.9e-13,ok,0.548,5.1e-13,false,true,5,0.548,5.3e-13,true,true,0,0.548,7.1e-15,true,true,5,0.548,1.5e-10,true,true,flat,0.548,false,,0,,NaN,NaN,NaN,,NaN,NaN,NaN,NaN,,NaN,NaN,NaN,NaN,false
0.97,2.2431,rms,power,"fault bus 7 xf=0.003 clear@0.15",7,0.003,0.15,0.104,0.104,ok,0.542,5.6e-15,ok,0.572,4.4e-15,ok,0.575,3.6e-15,false,true,5,0.575,7.1e-15,true,true,0,0.575,7.1e-15,true,true,5,0.575,2.7e-11,true,true,flat,0.575,false,,0,,NaN,NaN,NaN,,NaN,NaN,NaN,NaN,,NaN,NaN,NaN,NaN,false
0.97,2.2431,rms,power,"fault bus 7 xf=0.005 clear@0.15",7,0.005,0.15,0.160,0.160,ok,0.568,7.1e-15,ok,0.593,8.9e-15,ok,0.595,5.3e-15,false,true,5,0.595,5.2e-15,true,true,0,0.595,7.1e-15,true,true,5,0.595,8.5e-12,true,true,flat,0.595,false,,0,,NaN,NaN,NaN,,NaN,NaN,NaN,NaN,,NaN,NaN,NaN,NaN,false
0.97,2.2431,rms,power,"fault bus 8 xf=0.001 clear@0.15",8,0.001,0.15,0.041,0.041,ok,0.510,7.9e-15,ok,0.543,5.3e-15,ok,0.547,7.1e-15,false,true,6,0.547,5.3e-15,true,true,0,0.547,4.0e-15,true,true,6,0.547,3.6e-15,true,true,hc,0.547,false,,0,,NaN,NaN,NaN,,NaN,NaN,NaN,NaN,,NaN,NaN,NaN,NaN,false
0.97,2.2431,rms,power,"fault bus 8 xf=0.003 clear@0.15",8,0.003,0.15,0.112,0.112,ok,0.543,4.2e-15,ok,0.572,8.0e-15,ok,0.575,1.3e-14,false,true,5,0.576,1.3e-14,true,true,0,0.576,5.3e-15,true,true,5,0.576,4.5e-11,true,true,flat,0.576,false,,0,,NaN,NaN,NaN,,NaN,NaN,NaN,NaN,,NaN,NaN,NaN,NaN,false
0.97,2.2431,rms,power,"fault bus 8 xf=0.005 clear@0.15",8,0.005,0.15,0.172,0.172,ok,0.571,5.3e-15,ok,0.594,1.1e-14,ok,0.597,5.6e-15,false,true,5,0.597,5.3e-15,true,true,0,0.597,5.3e-15,true,true,5,0.597,1.3e-11,true,true,flat,0.597,false,,0,,NaN,NaN,NaN,,NaN,NaN,NaN,NaN,,NaN,NaN,NaN,NaN,false
0.97,2.2431,rms,power,"fault bus 9 xf=0.001 clear@0.15",9,0.001,0.15,0.049,0.049,ok,0.663,3.6e-15,ok,0.673,4.4e-15,ok,0.674,8.9e-15,false,true,5,0.674,7.1e-15,true,true,0,0.674,5.9e-15,true,true,5,0.674,7.2e-13,true,true,flat,0.674,false,,0,,NaN,NaN,NaN,,NaN,NaN,NaN,NaN,,NaN,NaN,NaN,NaN,false
0.97,2.2431,rms,power,"fault bus 9 xf=0.003 clear@0.15",9,0.003,0.15,0.134,0.134,ok,0.672,7.1e-15,ok,0.680,4.1e-15,ok,0.681,7.1e-15,false,true,4,0.681,1.5e-10,true,true,0,0.681,8.9e-15,true,true,5,0.681,1.1e-12,true,true,newton,0.681,false,,0,,NaN,NaN,NaN,,NaN,NaN,NaN,NaN,,NaN,NaN,NaN,NaN,false
0.97,2.2431,rms,power,"fault bus 9 xf=0.005 clear@0.15",9,0.005,0.15,0.203,0.203,ok,0.679,6.6e-15,ok,0.687,5.0e-15,ok,0.687,6.4e-15,false,true,4,0.687,2.2e-11,true,true,0,0.687,1.1e-14,true,true,5,0.687,1.1e-12,true,true,newton,0.687,false,,0,,NaN,NaN,NaN,,NaN,NaN,NaN,NaN,,NaN,NaN,NaN,NaN,false
0.97,2.2431,rms,power,"fault bus 10 xf=0.001 clear@0.15",10,0.001,0.15,0.032,0.032,lowV,0.413,5.3e-15,ok,0.459,5.8e-15,ok,0.463,8.9e-15,true,true,4,0.464,1.8e-10,true,true,0,0.464,5.3e-15,true,true,6,0.464,7.1e-15,true,true,newton,0.464,false,,0,,NaN,NaN,NaN,,NaN,NaN,NaN,NaN,,NaN,NaN,NaN,NaN,false
0.97,2.2431,rms,power,"fault bus 10 xf=0.003 clear@0.15",10,0.003,0.15,0.089,0.089,ok,0.452,6.5e-15,ok,0.494,6.1e-15,ok,0.498,5.3e-15,false,true,5,0.498,1.4e-14,true,true,0,0.498,5.3e-15,true,true,5,0.498,8.4e-11,true,true,flat,0.498,false,,0,,NaN,NaN,NaN,,NaN,NaN,NaN,NaN,,NaN,NaN,NaN,NaN,false
0.97,2.2431,rms,power,"fault bus 10 xf=0.005 clear@0.15",10,0.005,0.15,0.140,0.140,ok,0.485,5.3e-15,ok,0.523,8.9e-15,ok,0.527,5.3e-15,false,true,5,0.527,5.3e-15,true,true,0,0.527,4.6e-15,true,true,5,0.527,1.7e-11,true,true,flat,0.527,false,,0,,NaN,NaN,NaN,,NaN,NaN,NaN,NaN,,NaN,NaN,NaN,NaN,false
0.97,2.2431,rms,power,"fault bus 11 xf=0.001 clear@0.15",11,0.001,0.15,0.034,0.034,ok,0.438,5.3e-15,ok,0.481,7.1e-15,ok,0.485,7.1e-15,false,true,5,0.486,5.3e-15,true,true,0,0.486,5.0e-15,true,true,6,0.486,3.6e-15,true,true,hc,0.486,false,,0,,NaN,NaN,NaN,,NaN,NaN,NaN,NaN,,NaN,NaN,NaN,NaN,false
0.97,2.2431,rms,power,"fault bus 11 xf=0.003 clear@0.15",11,0.003,0.15,0.094,0.094,ok,0.476,5.9e-15,ok,0.515,7.1e-15,ok,0.518,4.2e-15,false,true,5,0.519,5.3e-15,true,true,0,0.519,5.3e-15,true,true,5,0.519,7.4e-11,true,true,flat,0.519,false,,0,,NaN,NaN,NaN,,NaN,NaN,NaN,NaN,,NaN,NaN,NaN,NaN,false
0.97,2.2431,rms,power,"fault bus 11 xf=0.005 clear@0.15",11,0.005,0.15,0.147,0.147,ok,0.507,7.1e-15,ok,0.543,5.3e-15,ok,0.546,4.9e-15,false,true,5,0.547,5.3e-15,true,true,0,0.547,5.0e-15,true,true,5,0.547,1.3e-11,true,true,flat,0.547,false,,0,,NaN,NaN,NaN,,NaN,NaN,NaN,NaN,,NaN,NaN,NaN,NaN,false
0.97,2.2431,rms,power,"fault bus 12 xf=0.001 clear@0.15",12,0.001,0.15,0.019,0.019,ok,0.633,3.0e-13,ok,0.646,2.9e-12,ok,0.647,4.4e-15,false,true,5,0.648,3.7e-12,true,true,0,0.648,7.1e-15,true,true,5,0.648,8.1e-13,true,true,newton,0.648,false,,0,,NaN,NaN,NaN,,NaN,NaN,NaN,NaN,,NaN,NaN,NaN,NaN,false
0.97,2.2431,rms,power,"fault bus 12 xf=0.003 clear@0.15",12,0.003,0.15,0.055,0.055,ok,0.640,7.1e-15,ok,0.652,7.1e-15,ok,0.653,1.1e-14,false,true,5,0.653,7.1e-15,true,true,0,0.653,5.3e-15,true,true,5,0.653,7.5e-13,true,true,flat,0.653,false,,0,,NaN,NaN,NaN,,NaN,NaN,NaN,NaN,,NaN,NaN,NaN,NaN,false
0.97,2.2431,rms,power,"fault bus 12 xf=0.005 clear@0.15",12,0.005,0.15,0.088,0.088,ok,0.645,5.8e-15,ok,0.657,5.3e-15,ok,0.658,6.0e-15,false,true,5,0.658,5.3e-15,true,true,0,0.658,4.4e-15,true,true,5,0.658,7.3e-13,true,true,flat,0.658,false,,0,,NaN,NaN,NaN,,NaN,NaN,NaN,NaN,,NaN,NaN,NaN,NaN,false
0.97,2.2431,rms,power,"fault bus 13 xf=0.001 clear@0.15",13,0.001,0.15,0.033,0.033,ok,0.461,5.9e-15,ok,0.502,7.1e-15,ok,0.506,7.1e-15,false,true,5,0.506,7.1e-15,true,true,0,0.506,5.3e-15,true,true,5,0.506,7.6e-11,true,true,flat,0.506,false,,0,,NaN,NaN,NaN,,NaN,NaN,NaN,NaN,,NaN,NaN,NaN,NaN,false
0.97,2.2431,rms,power,"fault bus 13 xf=0.003 clear@0.15",13,0.003,0.15,0.092,0.092,ok,0.496,3.8e-15,ok,0.533,5.3e-15,ok,0.536,5.5e-15,false,true,5,0.537,5.3e-15,true,true,0,0.537,4.4e-15,true,true,5,0.537,1.4e-11,true,true,flat,0.537,false,,0,,NaN,NaN,NaN,,NaN,NaN,NaN,NaN,,NaN,NaN,NaN,NaN,false
0.97,2.2431,rms,power,"fault bus 13 xf=0.005 clear@0.15",13,0.005,0.15,0.144,0.144,ok,0.526,7.1e-15,ok,0.559,7.1e-15,ok,0.562,7.1e-15,false,true,5,0.563,4.6e-15,true,true,0,0.563,7.1e-15,true,true,5,0.563,4.0e-12,true,true,flat,0.563,false,,0,,NaN,NaN,NaN,,NaN,NaN,NaN,NaN,,NaN,NaN,NaN,NaN,false
0.97,2.2431,rms,power,"fault bus 14 xf=0.001 clear@0.15",14,0.001,0.15,0.041,0.041,ok,0.529,7.1e-15,ok,0.562,7.1e-15,ok,0.565,5.3e-15,false,true,5,0.565,5.1e-15,true,true,0,0.565,4.9e-15,true,true,5,0.565,9.2e-12,true,true,flat,0.565,false,,0,,NaN,NaN,NaN,,NaN,NaN,NaN,NaN,,NaN,NaN,NaN,NaN,false
0.97,2.2431,rms,power,"fault bus 14 xf=0.003 clear@0.15",14,0.003,0.15,0.112,0.112,ok,0.563,4.1e-15,ok,0.587,9.5e-15,ok,0.589,4.2e-15,false,true,5,0.589,7.1e-15,true,true,0,0.589,7.1e-15,true,true,5,0.589,2.5e-12,true,true,flat,0.589,false,,0,,NaN,NaN,NaN,,NaN,NaN,NaN,NaN,,NaN,NaN,NaN,NaN,false
0.97,2.2431,rms,power,"fault bus 14 xf=0.005 clear@0.15",14,0.005,0.15,0.171,0.171,ok,0.586,3.6e-15,ok,0.605,4.0e-15,ok,0.607,7.1e-15,false,true,5,0.607,7.1e-15,true,true,0,0.607,4.9e-15,true,true,5,0.607,1.1e-12,true,true,flat,0.607,false,,0,,NaN,NaN,NaN,,NaN,NaN,NaN,NaN,,NaN,NaN,NaN,NaN,false
0.97,2.2431,rms,power,"fault bus 15 xf=0.001 clear@0.15",15,0.001,0.15,0.049,0.049,ok,0.649,9.8e-14,ok,0.660,6.1e-13,ok,0.661,7.3e-13,false,true,5,0.661,7.4e-13,true,true,0,0.661,8.9e-15,true,true,5,0.661,8.2e-13,true,true,flat,0.661,false,,0,,NaN,NaN,NaN,,NaN,NaN,NaN,NaN,,NaN,NaN,NaN,NaN,false
0.97,2.2431,rms,power,"fault bus 15 xf=0.003 clear@0.15",15,0.003,0.15,0.131,0.131,ok,0.662,5.3e-15,ok,0.672,5.3e-15,ok,0.673,5.3e-15,false,true,5,0.673,5.1e-15,true,true,0,0.673,7.1e-15,true,true,5,0.673,3.9e-13,true,true,flat,0.673,false,,0,,NaN,NaN,NaN,,NaN,NaN,NaN,NaN,,NaN,NaN,NaN,NaN,false
0.97,2.2431,rms,power,"fault bus 15 xf=0.005 clear@0.15",15,0.005,0.15,0.196,0.196,ok,0.672,7.3e-15,ok,0.680,1.1e-14,ok,0.681,7.1e-15,false,true,5,0.681,4.7e-15,true,true,0,0.681,7.1e-15,true,true,5,0.681,2.5e-13,true,true,flat,0.681,false,,0,,NaN,NaN,NaN,,NaN,NaN,NaN,NaN,,NaN,NaN,NaN,NaN,false
0.97,2.2431,rms,power,"fault bus 16 xf=0.001 clear@0.15",16,0.001,0.15,0.065,0.065,ok,0.607,5.3e-15,ok,0.624,5.7e-15,ok,0.626,4.7e-15,false,true,5,0.626,2.8e-11,true,true,0,0.626,4.1e-15,true,true,6,0.626,4.4e-15,true,true,newton,0.626,false,,0,,NaN,NaN,NaN,,NaN,NaN,NaN,NaN,,NaN,NaN,NaN,NaN,false
0.97,2.2431,rms,power,"fault bus 16 xf=0.003 clear@0.15",16,0.003,0.15,0.168,0.168,ok,0.630,7.5e-15,ok,0.644,5.9e-14,ok,0.646,7.2e-14,false,true,5,0.646,7.2e-14,true,true,0,0.646,8.9e-15,true,true,5,0.646,3.4e-11,true,true,flat,0.646,false,,0,,NaN,NaN,NaN,,NaN,NaN,NaN,NaN,,NaN,NaN,NaN,NaN,false
0.97,2.2431,rms,power,"fault bus 16 xf=0.005 clear@0.15",16,0.005,0.15,0.246,0.246,ok,0.648,4.9e-15,ok,0.660,1.1e-14,ok,0.661,1.2e-14,false,true,5,0.661,1.5e-14,true,true,0,0.661,5.3e-15,true,true,5,0.661,2.7e-12,true,true,flat,0.661,false,,0,,NaN,NaN,NaN,,NaN,NaN,NaN,NaN,,NaN,NaN,NaN,NaN,false
0.97,2.2431,rms,power,"fault bus 17 xf=0.001 clear@0.15",17,0.001,0.15,0.060,0.060,ok,0.676,2.1e-14,ok,0.685,6.6e-14,ok,0.686,7.4e-14,false,true,5,0.686,7.1e-14,true,true,0,0.686,5.3e-15,true,true,5,0.686,7.5e-13,true,true,flat,0.686,false,,0,,NaN,NaN,NaN,,NaN,NaN,NaN,NaN,,NaN,NaN,NaN,NaN,false
0.97,2.2431,rms,power,"fault bus 17 xf=0.003 clear@0.15",17,0.003,0.15,0.155,0.155,ok,0.688,4.3e-15,ok,0.695,5.5e-15,ok,0.696,6.2e-15,false,true,5,0.696,7.1e-15,true,true,0,0.696,7.1e-15,true,true,5,0.696,3.1e-13,true,true,flat,0.696,false,,0,,NaN,NaN,NaN,,NaN,NaN,NaN,NaN,,NaN,NaN,NaN,NaN,false
0.97,2.2431,rms,power,"fault bus 17 xf=0.005 clear@0.15",17,0.005,0.15,0.228,0.228,ok,0.696,5.3e-15,ok,0.702,5.6e-15,ok,0.703,7.1e-15,false,true,5,0.703,8.9e-15,true,true,0,0.703,5.6e-15,true,true,5,0.703,2.0e-13,true,true,flat,0.703,false,,0,,NaN,NaN,NaN,,NaN,NaN,NaN,NaN,,NaN,NaN,NaN,NaN,false
0.97,2.2431,rms,power,"fault bus 18 xf=0.001 clear@0.15",18,0.001,0.15,0.052,0.052,ok,0.691,2.3e-14,ok,0.697,5.9e-14,ok,0.698,6.0e-14,false,true,5,0.698,6.2e-14,true,true,0,0.698,5.4e-15,true,true,5,0.698,4.3e-13,true,true,flat,0.698,false,,0,,NaN,NaN,NaN,,NaN,NaN,NaN,NaN,,NaN,NaN,NaN,NaN,false
0.97,2.2431,rms,power,"fault bus 18 xf=0.003 clear@0.15",18,0.003,0.15,0.138,0.138,ok,0.699,5.5e-15,ok,0.704,7.1e-15,ok,0.704,7.1e-15,false,true,5,0.704,3.8e-15,true,true,0,0.704,4.8e-15,true,true,5,0.704,2.6e-13,true,true,flat,0.704,false,,0,,NaN,NaN,NaN,,NaN,NaN,NaN,NaN,,NaN,NaN,NaN,NaN,false
0.97,2.2431,rms,power,"fault bus 18 xf=0.005 clear@0.15",18,0.005,0.15,0.206,0.206,ok,0.704,6.9e-15,ok,0.709,5.1e-15,ok,0.709,5.3e-15,false,true,5,0.709,7.1e-15,true,true,0,0.709,5.3e-15,true,true,5,0.709,1.8e-13,true,true,flat,0.709,false,,0,,NaN,NaN,NaN,,NaN,NaN,NaN,NaN,,NaN,NaN,NaN,NaN,false
0.97,2.2431,rms,power,"fault bus 19 xf=0.001 clear@0.15",19,0.001,0.15,0.044,0.044,ok,0.630,5.2e-15,ok,0.646,4.7e-15,ok,0.648,5.5e-15,false,true,6,0.648,5.7e-15,true,true,0,0.648,7.1e-15,true,true,6,0.648,5.3e-15,true,true,hc,0.648,false,,0,,NaN,NaN,NaN,,NaN,NaN,NaN,NaN,,NaN,NaN,NaN,NaN,false
0.97,2.2431,rms,power,"fault bus 19 xf=0.003 clear@0.15",19,0.003,0.15,0.119,0.119,ok,0.642,8.9e-15,ok,0.657,7.1e-15,ok,0.658,5.3e-15,false,true,5,0.659,1.1e-10,true,true,0,0.659,6.3e-15,true,true,6,0.659,5.3e-15,true,true,newton,0.659,false,,0,,NaN,NaN,NaN,,NaN,NaN,NaN,NaN,,NaN,NaN,NaN,NaN,false
0.97,2.2431,rms,power,"fault bus 19 xf=0.005 clear@0.15",19,0.005,0.15,0.182,0.182,ok,0.653,5.0e-15,ok,0.666,7.1e-15,ok,0.668,6.7e-15,false,true,5,0.668,9.4e-11,true,true,0,0.668,5.3e-15,true,true,5,0.668,4.4e-11,true,true,newton,0.668,false,,0,,NaN,NaN,NaN,,NaN,NaN,NaN,NaN,,NaN,NaN,NaN,NaN,false
0.97,2.2431,rms,power,"fault bus 20 xf=0.001 clear@0.15",20,0.001,0.15,0.033,0.033,ok,0.664,6.2e-15,ok,0.676,7.1e-15,ok,0.677,6.3e-15,false,true,7,0.677,7.1e-15,true,true,0,0.677,7.1e-15,true,true,6,0.677,4.0e-15,true,true,hc,0.677,false,,0,,NaN,NaN,NaN,,NaN,NaN,NaN,NaN,,NaN,NaN,NaN,NaN,false
0.97,2.2431,rms,power,"fault bus 20 xf=0.003 clear@0.15",20,0.003,0.15,0.092,0.092,ok,0.670,3.8e-15,ok,0.681,4.7e-15,ok,0.682,5.3e-15,false,true,6,0.683,4.9e-15,true,true,0,0.683,3.9e-15,true,true,6,0.683,5.3e-15,true,true,hc,0.683,false,,0,,NaN,NaN,NaN,,NaN,NaN,NaN,NaN,,NaN,NaN,NaN,NaN,false
0.97,2.2431,rms,power,"fault bus 20 xf=0.005 clear@0.15",20,0.005,0.15,0.144,0.144,ok,0.676,5.3e-15,ok,0.687,4.7e-15,ok,0.688,5.3e-15,false,true,6,0.688,8.9e-15,true,true,0,0.688,5.3e-15,true,true,6,0.688,5.3e-15,true,true,hc,0.688,false,,0,,NaN,NaN,NaN,,NaN,NaN,NaN,NaN,,NaN,NaN,NaN,NaN,false
0.97,2.2431,rms,power,"fault bus 21 xf=0.001 clear@0.15",21,0.001,0.15,0.039,0.039,ok,0.599,7.8e-14,ok,0.623,1.5e-12,ok,0.625,1.9e-12,false,true,5,0.625,2.0e-12,true,true,0,0.625,5.3e-15,true,true,5,0.625,2.1e-11,true,true,flat,0.625,false,,0,,NaN,NaN,NaN,,NaN,NaN,NaN,NaN,,NaN,NaN,NaN,NaN,false
0.97,2.2431,rms,power,"fault bus 21 xf=0.003 clear@0.15",21,0.003,0.15,0.106,0.106,ok,0.620,5.3e-15,ok,0.640,5.3e-15,ok,0.643,5.8e-15,false,true,5,0.643,6.2e-15,true,true,0,0.643,7.1e-15,true,true,5,0.643,3.5e-12,true,true,flat,0.643,false,,0,,NaN,NaN,NaN,,NaN,NaN,NaN,NaN,,NaN,NaN,NaN,NaN,false
0.97,2.2431,rms,power,"fault bus 21 xf=0.005 clear@0.15",21,0.005,0.15,0.163,0.163,ok,0.637,5.3e-15,ok,0.656,5.3e-15,ok,0.658,5.3e-15,false,true,5,0.658,7.1e-15,true,true,0,0.658,5.3e-15,true,true,5,0.658,1.8e-12,true,true,flat,0.658,false,,0,,NaN,NaN,NaN,,NaN,NaN,NaN,NaN,,NaN,NaN,NaN,NaN,false
0.97,2.2431,rms,power,"fault bus 22 xf=0.001 clear@0.15",22,0.001,0.15,0.040,0.040,ok,0.527,5.3e-15,ok,0.559,7.1e-15,ok,0.562,3.5e-15,false,true,5,0.562,4.0e-15,true,true,0,0.562,4.4e-15,true,true,6,0.562,5.4e-15,true,true,flat,0.562,false,,0,,NaN,NaN,NaN,,NaN,NaN,NaN,NaN,,NaN,NaN,NaN,NaN,false
0.97,2.2431,rms,power,"fault bus 22 xf=0.003 clear@0.15",22,0.003,0.15,0.108,0.108,ok,0.551,7.1e-15,ok,0.580,4.4e-15,ok,0.583,5.3e-15,false,true,5,0.583,5.3e-15,true,true,0,0.583,4.2e-15,true,true,5,0.583,1.0e-11,true,true,flat,0.583,false,,0,,NaN,NaN,NaN,,NaN,NaN,NaN,NaN,,NaN,NaN,NaN,NaN,false
0.97,2.2431,rms,power,"fault bus 22 xf=0.005 clear@0.15",22,0.005,0.15,0.166,0.166,ok,0.572,5.3e-15,ok,0.599,4.4e-15,ok,0.601,5.2e-15,false,true,5,0.602,5.3e-15,true,true,0,0.602,5.3e-15,true,true,5,0.602,2.5e-12,true,true,flat,0.602,false,,0,,NaN,NaN,NaN,,NaN,NaN,NaN,NaN,,NaN,NaN,NaN,NaN,false
0.97,2.2431,rms,power,"fault bus 23 xf=0.001 clear@0.15",23,0.001,0.15,0.036,0.036,ok,0.538,7.1e-15,ok,0.568,6.4e-14,ok,0.571,9.8e-14,false,true,5,0.572,1.0e-13,true,true,0,0.572,5.3e-15,true,true,5,0.572,4.4e-11,true,true,flat,0.572,false,,0,,NaN,NaN,NaN,,NaN,NaN,NaN,NaN,,NaN,NaN,NaN,NaN,false
0.97,2.2431,rms,power,"fault bus 23 xf=0.003 clear@0.15",23,0.003,0.15,0.098,0.098,ok,0.559,7.1e-15,ok,0.588,4.4e-15,ok,0.590,7.3e-15,false,true,5,0.591,7.1e-15,true,true,0,0.591,5.3e-15,true,true,5,0.591,5.6e-12,true,true,flat,0.591,false,,0,,NaN,NaN,NaN,,NaN,NaN,NaN,NaN,,NaN,NaN,NaN,NaN,false
0.97,2.2431,rms,power,"fault bus 23 xf=0.005 clear@0.15",23,0.005,0.15,0.152,0.152,ok,0.579,3.6e-15,ok,0.605,5.0e-15,ok,0.607,5.3e-15,false,true,5,0.608,5.3e-15,true,true,0,0.608,5.3e-15,true,true,5,0.608,2.3e-12,true,true,flat,0.608,false,,0,,NaN,NaN,NaN,,NaN,NaN,NaN,NaN,,NaN,NaN,NaN,NaN,false
0.97,2.2431,rms,power,"fault bus 24 xf=0.001 clear@0.15",24,0.001,0.15,0.046,0.046,ok,0.632,5.5e-15,ok,0.646,5.3e-15,ok,0.647,3.6e-15,false,true,5,0.648,1.3e-10,true,true,0,0.648,6.5e-15,true,true,5,0.648,9.5e-12,true,true,newton,0.648,false,,0,,NaN,NaN,NaN,,NaN,NaN,NaN,NaN,,NaN,NaN,NaN,NaN,false
0.97,2.2431,rms,power,"fault bus 24 xf=0.003 clear@0.15",24,0.003,0.15,0.125,0.125,ok,0.646,5.3e-15,ok,0.659,2.9e-14,ok,0.660,3.5e-14,false,true,5,0.660,3.6e-14,true,true,0,0.660,7.1e-15,true,true,5,0.660,2.0e-12,true,true,flat,0.660,false,,0,,NaN,NaN,NaN,,NaN,NaN,NaN,NaN,,NaN,NaN,NaN,NaN,false
0.97,2.2431,rms,power,"fault bus 24 xf=0.005 clear@0.15",24,0.005,0.15,0.190,0.190,ok,0.658,5.3e-15,ok,0.669,8.9e-15,ok,0.670,5.3e-15,false,true,5,0.670,5.3e-15,true,true,0,0.670,5.0e-15,true,true,5,0.670,9.7e-13,true,true,flat,0.670,false,,0,,NaN,NaN,NaN,,NaN,NaN,NaN,NaN,,NaN,NaN,NaN,NaN,false
0.97,2.2431,rms,power,"fault bus 25 xf=0.001 clear@0.15",25,0.001,0.15,0.055,0.055,ok,0.708,8.9e-15,ok,0.712,2.0e-14,ok,0.713,2.2e-14,false,true,5,0.713,2.3e-14,true,true,0,0.713,7.1e-15,true,true,5,0.713,5.3e-13,true,true,flat,0.713,false,,0,,NaN,NaN,NaN,,NaN,NaN,NaN,NaN,,NaN,NaN,NaN,NaN,false
0.97,2.2431,rms,power,"fault bus 25 xf=0.003 clear@0.15",25,0.003,0.15,0.146,0.146,ok,0.713,5.4e-15,ok,0.717,7.1e-15,ok,0.717,5.3e-15,false,true,5,0.717,7.1e-15,true,true,0,0.717,4.0e-15,true,true,5,0.717,4.2e-13,true,true,flat,0.717,false,,0,,NaN,NaN,NaN,,NaN,NaN,NaN,NaN,,NaN,NaN,NaN,NaN,false
0.97,2.2431,rms,power,"fault bus 25 xf=0.005 clear@0.15",25,0.005,0.15,0.221,0.221,ok,0.717,7.1e-15,ok,0.720,7.1e-15,ok,0.721,5.3e-15,false,true,5,0.721,3.6e-15,true,true,0,0.721,7.1e-15,true,true,5,0.721,3.8e-13,true,true,flat,0.721,false,,0,,NaN,NaN,NaN,,NaN,NaN,NaN,NaN,,NaN,NaN,NaN,NaN,false
0.97,2.2431,rms,power,"fault bus 26 xf=0.001 clear@0.15",26,0.001,0.15,0.042,0.042,ok,0.722,4.6e-13,ok,0.725,7.1e-15,ok,0.725,6.2e-15,false,true,5,0.725,1.6e-12,true,true,0,0.725,4.4e-15,true,true,5,0.725,2.3e-13,true,true,newton,0.725,false,,0,,NaN,NaN,NaN,,NaN,NaN,NaN,NaN,,NaN,NaN,NaN,NaN,false
0.97,2.2431,rms,power,"fault bus 26 xf=0.003 clear@0.15",26,0.003,0.15,0.116,0.116,ok,0.725,9.8e-15,ok,0.727,2.3e-14,ok,0.728,2.6e-14,false,true,5,0.728,2.7e-14,true,true,0,0.728,7.1e-15,true,true,5,0.728,2.3e-13,true,true,flat,0.728,false,,0,,NaN,NaN,NaN,,NaN,NaN,NaN,NaN,,NaN,NaN,NaN,NaN,false
0.97,2.2431,rms,power,"fault bus 26 xf=0.005 clear@0.15",26,0.005,0.15,0.177,0.177,ok,0.727,7.1e-15,ok,0.729,5.3e-15,ok,0.729,5.3e-15,false,true,5,0.729,7.1e-15,true,true,0,0.729,4.3e-15,true,true,5,0.729,2.3e-13,true,true,flat,0.729,false,,0,,NaN,NaN,NaN,,NaN,NaN,NaN,NaN,,NaN,NaN,NaN,NaN,false
0.97,2.2431,rms,power,"fault bus 27 xf=0.001 clear@0.15",27,0.001,0.15,0.042,0.042,ok,0.719,3.6e-15,ok,0.721,5.1e-15,ok,0.722,5.8e-15,false,true,5,0.722,1.9e-11,true,true,0,0.722,7.1e-15,true,true,5,0.722,1.9e-13,true,true,newton,0.722,false,,0,,NaN,NaN,NaN,,NaN,NaN,NaN,NaN,,NaN,NaN,NaN,NaN,false
0.97,2.2431,rms,power,"fault bus 27 xf=0.003 clear@0.15",27,0.003,0.15,0.114,0.114,ok,0.722,8.9e-15,ok,0.724,5.3e-15,ok,0.724,4.4e-15,false,true,5,0.724,6.2e-15,true,true,0,0.724,3.6e-15,true,true,5,0.724,1.7e-13,true,true,flat,0.724,false,,0,,NaN,NaN,NaN,,NaN,NaN,NaN,NaN,,NaN,NaN,NaN,NaN,false
0.97,2.2431,rms,power,"fault bus 27 xf=0.005 clear@0.15",27,0.005,0.15,0.174,0.174,ok,0.724,6.8e-15,ok,0.726,5.3e-15,ok,0.727,3.9e-15,false,true,5,0.727,5.9e-15,true,true,0,0.727,3.6e-15,true,true,5,0.727,1.7e-13,true,true,flat,0.727,false,,0,,NaN,NaN,NaN,,NaN,NaN,NaN,NaN,,NaN,NaN,NaN,NaN,false
0.97,2.2431,rms,power,"fault bus 28 xf=0.001 clear@0.15",28,0.001,0.15,0.026,0.026,ok,0.732,5.3e-15,ok,0.734,5.9e-15,ok,0.734,8.0e-15,false,true,6,0.734,5.3e-15,true,true,0,0.734,5.3e-15,true,true,5,0.734,1.2e-12,true,true,flat,0.734,false,,0,,NaN,NaN,NaN,,NaN,NaN,NaN,NaN,,NaN,NaN,NaN,NaN,false
0.97,2.2431,rms,power,"fault bus 28 xf=0.003 clear@0.15",28,0.003,0.15,0.074,0.074,ok,0.733,7.1e-15,ok,0.735,7.1e-15,ok,0.735,7.1e-15,false,true,5,0.735,6.2e-11,true,true,0,0.735,7.1e-15,true,true,5,0.735,1.2e-12,true,true,newton,0.735,false,,0,,NaN,NaN,NaN,,NaN,NaN,NaN,NaN,,NaN,NaN,NaN,NaN,false
0.97,2.2431,rms,power,"fault bus 28 xf=0.005 clear@0.15",28,0.005,0.15,0.116,0.116,ok,0.734,7.8e-13,ok,0.735,7.1e-15,ok,0.735,4.8e-15,false,true,5,0.736,2.9e-12,true,true,0,0.736,4.6e-15,true,true,5,0.736,1.2e-12,true,true,flat,0.736,false,,0,,NaN,NaN,NaN,,NaN,NaN,NaN,NaN,,NaN,NaN,NaN,NaN,false
0.97,2.2431,rms,power,"fault bus 29 xf=0.001 clear@0.15",29,0.001,0.15,0.032,0.032,ok,0.716,1.1e-14,ok,0.726,5.7e-15,ok,0.727,4.1e-15,false,true,6,0.727,5.3e-15,true,true,0,0.727,7.1e-15,true,true,5,0.727,2.4e-12,true,true,flat,0.727,false,,0,,NaN,NaN,NaN,,NaN,NaN,NaN,NaN,,NaN,NaN,NaN,NaN,false
0.97,2.2431,rms,power,"fault bus 29 xf=0.003 clear@0.15",29,0.003,0.15,0.088,0.088,ok,0.720,5.3e-15,ok,0.729,7.1e-15,ok,0.730,3.6e-15,false,true,5,0.731,1.3e-11,true,true,0,0.731,7.1e-15,true,true,5,0.731,1.8e-12,true,true,newton,0.731,false,,0,,NaN,NaN,NaN,,NaN,NaN,NaN,NaN,,NaN,NaN,NaN,NaN,false
0.97,2.2431,rms,power,"fault bus 29 xf=0.005 clear@0.15",29,0.005,0.15,0.138,0.138,ok,0.725,4.2e-13,ok,0.733,5.3e-15,ok,0.733,5.3e-15,false,true,5,0.733,2.5e-12,true,true,0,0.733,5.3e-15,true,true,5,0.733,1.6e-12,true,true,flat,0.733,false,,0,,NaN,NaN,NaN,,NaN,NaN,NaN,NaN,,NaN,NaN,NaN,NaN,false
0.97,2.2431,rms,power,"fault bus 30 xf=0.001 clear@0.15",30,0.001,0.15,0.059,0.059,ok,0.720,4.2e-15,ok,0.723,5.3e-15,ok,0.724,7.1e-15,false,true,4,0.724,9.6e-12,true,true,0,0.724,1.1e-14,true,true,5,0.724,3.9e-13,true,true,newton,0.724,false,,0,,NaN,NaN,NaN,,NaN,NaN,NaN,NaN,,NaN,NaN,NaN,NaN,false
0.97,2.2431,rms,power,"fault bus 30 xf=0.003 clear@0.15",30,0.003,0.15,0.158,0.158,ok,0.724,4.7e-13,ok,0.726,5.6e-13,ok,0.726,5.7e-13,false,true,4,0.726,5.7e-13,true,true,0,0.726,7.1e-15,true,true,5,0.726,4.5e-13,true,true,flat,0.726,false,,0,,NaN,NaN,NaN,,NaN,NaN,NaN,NaN,,NaN,NaN,NaN,NaN,false
0.97,2.2431,rms,power,"fault bus 30 xf=0.005 clear@0.15",30,0.005,0.15,0.239,0.239,ok,0.726,3.0e-14,ok,0.728,4.3e-14,ok,0.728,3.9e-14,false,true,4,0.728,3.9e-14,true,true,0,0.728,7.1e-15,true,true,5,0.728,5.1e-13,true,true,flat,0.728,false,,0,,NaN,NaN,NaN,,NaN,NaN,NaN,NaN,,NaN,NaN,NaN,NaN,false
0.97,2.2431,rms,power,"fault bus 31 xf=0.001 clear@0.15",31,0.001,0.15,0.028,0.028,ok,0.456,5.3e-15,ok,0.496,4.8e-15,ok,0.500,7.1e-15,false,true,5,0.501,7.1e-15,true,true,0,0.501,5.6e-15,true,true,6,0.501,3.6e-15,true,true,hc,0.501,false,,0,,NaN,NaN,NaN,,NaN,NaN,NaN,NaN,,NaN,NaN,NaN,NaN,false
0.97,2.2431,rms,power,"fault bus 31 xf=0.003 clear@0.15",31,0.003,0.15,0.080,0.080,ok,0.480,7.1e-15,ok,0.518,5.3e-15,ok,0.522,5.3e-15,false,true,4,0.522,1.6e-10,true,true,0,0.522,7.1e-15,true,true,5,0.522,6.0e-11,true,true,newton,0.522,false,,0,,NaN,NaN,NaN,,NaN,NaN,NaN,NaN,,NaN,NaN,NaN,NaN,false
0.97,2.2431,rms,power,"fault bus 31 xf=0.005 clear@0.15",31,0.005,0.15,0.127,0.127,ok,0.502,5.4e-15,ok,0.537,5.3e-15,ok,0.541,5.3e-15,false,true,4,0.541,1.0e-10,true,true,0,0.541,6.9e-15,true,true,5,0.541,1.8e-11,true,true,newton,0.541,false,,0,,NaN,NaN,NaN,,NaN,NaN,NaN,NaN,,NaN,NaN,NaN,NaN,false
0.97,2.2431,rms,power,"fault bus 32 xf=0.001 clear@0.15",32,0.001,0.15,0.028,0.028,ok,0.423,5.3e-15,ok,0.468,8.2e-13,ok,0.472,9.8e-13,false,true,4,0.473,1.0e-12,true,true,0,0.473,7.1e-15,true,true,5,0.473,7.2e-11,true,true,flat,0.473,false,,0,,NaN,NaN,NaN,,NaN,NaN,NaN,NaN,,NaN,NaN,NaN,NaN,false
0.97,2.2431,rms,power,"fault bus 32 xf=0.003 clear@0.15",32,0.003,0.15,0.079,0.079,ok,0.450,2.0e-12,ok,0.492,1.7e-12,ok,0.496,2.0e-12,false,true,4,0.497,2.0e-12,true,true,0,0.497,4.9e-15,true,true,5,0.497,3.0e-11,true,true,flat,0.497,false,,0,,NaN,NaN,NaN,,NaN,NaN,NaN,NaN,,NaN,NaN,NaN,NaN,false
0.97,2.2431,rms,power,"fault bus 32 xf=0.005 clear@0.15",32,0.005,0.15,0.126,0.126,ok,0.474,6.8e-13,ok,0.514,1.7e-12,ok,0.517,1.9e-12,false,true,4,0.518,1.9e-12,true,true,0,0.518,5.4e-15,true,true,5,0.518,1.5e-11,true,true,flat,0.518,false,,0,,NaN,NaN,NaN,,NaN,NaN,NaN,NaN,,NaN,NaN,NaN,NaN,false
0.97,2.2431,rms,power,"fault bus 33 xf=0.001 clear@0.15",33,0.001,0.15,0.044,0.044,ok,0.641,3.6e-15,ok,0.657,3.6e-15,ok,0.658,4.5e-15,false,true,5,0.658,1.8e-11,true,true,0,0.658,7.1e-15,true,true,5,0.658,1.4e-12,true,true,newton,0.658,false,,0,,NaN,NaN,NaN,,NaN,NaN,NaN,NaN,,NaN,NaN,NaN,NaN,false
0.97,2.2431,rms,power,"fault bus 33 xf=0.003 clear@0.15",33,0.003,0.15,0.120,0.120,ok,0.653,5.2e-13,ok,0.667,1.6e-12,ok,0.668,1.8e-12,false,true,5,0.668,1.8e-12,true,true,0,0.668,5.3e-15,true,true,5,0.668,9.0e-13,true,true,flat,0.668,false,,0,,NaN,NaN,NaN,,NaN,NaN,NaN,NaN,,NaN,NaN,NaN,NaN,false
0.97,2.2431,rms,power,"fault bus 33 xf=0.005 clear@0.15",33,0.005,0.15,0.184,0.184,ok,0.663,5.3e-15,ok,0.675,1.1e-14,ok,0.676,1.4e-14,false,true,5,0.677,1.2e-14,true,true,0,0.677,5.3e-15,true,true,5,0.677,7.1e-13,true,true,flat,0.677,false,,0,,NaN,NaN,NaN,,NaN,NaN,NaN,NaN,,NaN,NaN,NaN,NaN,false
0.97,2.2431,rms,power,"fault bus 34 xf=0.001 clear@0.15",34,0.001,0.15,0.023,0.023,ok,0.681,3.5e-13,ok,0.691,5.3e-15,ok,0.692,8.9e-15,false,true,5,0.692,4.1e-12,true,true,0,0.692,5.3e-15,true,true,5,0.692,1.7e-12,true,true,flat,0.692,false,,0,,NaN,NaN,NaN,,NaN,NaN,NaN,NaN,,NaN,NaN,NaN,NaN,false
0.97,2.2431,rms,power,"fault bus 34 xf=0.003 clear@0.15",34,0.003,0.15,0.067,0.067,ok,0.685,7.5e-13,ok,0.695,5.9e-15,ok,0.696,5.3e-15,false,true,5,0.696,5.2e-12,true,true,0,0.696,5.3e-15,true,true,5,0.696,1.4e-12,true,true,newton,0.696,false,,0,,NaN,NaN,NaN,,NaN,NaN,NaN,NaN,,NaN,NaN,NaN,NaN,false
0.97,2.2431,rms,power,"fault bus 34 xf=0.005 clear@0.15",34,0.005,0.15,0.106,0.106,ok,0.689,1.1e-12,ok,0.698,8.9e-15,ok,0.699,6.0e-15,false,true,5,0.699,7.4e-12,true,true,0,0.699,7.1e-15,true,true,5,0.699,1.2e-12,true,true,newton,0.699,false,,0,,NaN,NaN,NaN,,NaN,NaN,NaN,NaN,,NaN,NaN,NaN,NaN,false
0.97,2.2431,rms,power,"fault bus 35 xf=0.001 clear@0.15",35,0.001,0.15,0.042,0.042,ok,0.553,7.1e-15,ok,0.582,5.3e-15,ok,0.585,7.1e-15,false,true,5,0.586,5.3e-15,true,true,0,0.586,5.3e-15,true,true,5,0.586,2.4e-12,true,true,flat,0.586,false,,0,,NaN,NaN,NaN,,NaN,NaN,NaN,NaN,,NaN,NaN,NaN,NaN,false
0.97,2.2431,rms,power,"fault bus 35 xf=0.003 clear@0.15",35,0.003,0.15,0.115,0.115,ok,0.572,5.3e-15,ok,0.600,5.6e-15,ok,0.602,6.3e-15,false,true,5,0.603,6.0e-15,true,true,0,0.603,5.3e-15,true,true,5,0.603,1.7e-12,true,true,flat,0.603,false,,0,,NaN,NaN,NaN,,NaN,NaN,NaN,NaN,,NaN,NaN,NaN,NaN,false
0.97,2.2431,rms,power,"fault bus 35 xf=0.005 clear@0.15",35,0.005,0.15,0.178,0.178,ok,0.590,6.6e-15,ok,0.615,4.9e-15,ok,0.617,6.0e-15,false,true,5,0.618,7.1e-15,true,true,0,0.618,7.2e-15,true,true,5,0.618,2.5e-12,true,true,flat,0.618,false,,0,,NaN,NaN,NaN,,NaN,NaN,NaN,NaN,,NaN,NaN,NaN,NaN,false
0.97,2.2431,rms,power,"fault bus 36 xf=0.001 clear@0.15",36,0.001,0.15,0.031,0.031,ok,0.573,5.3e-15,ok,0.609,3.6e-15,ok,0.611,5.3e-15,false,true,4,0.612,6.1e-11,true,true,0,0.612,7.1e-15,true,true,5,0.612,2.6e-12,true,true,newton,0.612,false,,0,,NaN,NaN,NaN,,NaN,NaN,NaN,NaN,,NaN,NaN,NaN,NaN,false
0.97,2.2431,rms,power,"fault bus 36 xf=0.003 clear@0.15",36,0.003,0.15,0.088,0.088,ok,0.596,7.1e-15,ok,0.623,3.6e-15,ok,0.625,5.4e-15,false,true,4,0.625,2.9e-11,true,true,0,0.625,5.4e-15,true,true,5,0.625,4.5e-12,true,true,newton,0.625,false,,0,,NaN,NaN,NaN,,NaN,NaN,NaN,NaN,,NaN,NaN,NaN,NaN,false
0.97,2.2431,rms,power,"fault bus 36 xf=0.005 clear@0.15",36,0.005,0.15,0.140,0.140,ok,0.612,6.1e-15,ok,0.635,7.6e-15,ok,0.637,7.1e-15,false,true,4,0.637,1.2e-11,true,true,0,0.637,5.6e-15,true,true,5,0.637,4.3e-12,true,true,newton,0.637,false,,0,,NaN,NaN,NaN,,NaN,NaN,NaN,NaN,,NaN,NaN,NaN,NaN,false
0.97,2.2431,rms,power,"fault bus 37 xf=0.001 clear@0.15",37,0.001,0.15,0.036,0.036,ok,0.718,2.4e-13,ok,0.723,1.7e-13,ok,0.724,1.9e-13,false,true,4,0.724,1.9e-13,true,true,0,0.724,3.6e-15,true,true,5,0.724,1.0e-12,true,true,flat,0.724,false,,0,,NaN,NaN,NaN,,NaN,NaN,NaN,NaN,,NaN,NaN,NaN,NaN,false
0.97,2.2431,rms,power,"fault bus 37 xf=0.003 clear@0.15",37,0.003,0.15,0.102,0.102,ok,0.722,3.0e-14,ok,0.726,1.4e-14,ok,0.726,1.5e-14,false,true,4,0.726,1.6e-14,true,true,0,0.726,7.1e-15,true,true,5,0.726,1.1e-12,true,true,flat,0.726,false,,0,,NaN,NaN,NaN,,NaN,NaN,NaN,NaN,,NaN,NaN,NaN,NaN,false
0.97,2.2431,rms,power,"fault bus 37 xf=0.005 clear@0.15",37,0.005,0.15,0.159,0.159,ok,0.724,5.3e-15,ok,0.728,8.9e-15,ok,0.729,7.1e-15,false,true,4,0.729,5.3e-15,true,true,0,0.729,4.7e-15,true,true,5,0.729,1.1e-12,true,true,flat,0.729,false,,0,,NaN,NaN,NaN,,NaN,NaN,NaN,NaN,,NaN,NaN,NaN,NaN,false
0.97,2.2431,rms,power,"fault bus 38 xf=0.001 clear@0.15",38,0.001,0.15,0.042,0.042,ok,0.700,7.1e-15,ok,0.720,5.3e-15,ok,0.721,7.1e-15,false,true,5,0.721,8.5e-11,true,true,0,0.721,7.1e-15,true,true,5,0.721,3.0e-12,true,true,newton,0.721,false,,0,,NaN,NaN,NaN,,NaN,NaN,NaN,NaN,,NaN,NaN,NaN,NaN,false
0.97,2.2431,rms,power,"fault bus 38 xf=0.003 clear@0.15",38,0.003,0.15,0.115,0.115,ok,0.712,7.1e-15,ok,0.725,5.3e-15,ok,0.726,4.0e-15,false,true,5,0.726,4.8e-12,true,true,0,0.726,6.2e-15,true,true,5,0.726,2.3e-12,true,true,newton,0.726,false,,0,,NaN,NaN,NaN,,NaN,NaN,NaN,NaN,,NaN,NaN,NaN,NaN,false
0.97,2.2431,rms,power,"fault bus 38 xf=0.005 clear@0.15",38,0.005,0.15,0.177,0.177,ok,0.720,4.9e-13,ok,0.729,1.1e-12,ok,0.730,1.1e-12,false,true,5,0.730,1.1e-12,true,true,0,0.730,5.3e-15,true,true,5,0.730,2.1e-12,true,true,flat,0.730,false,,0,,NaN,NaN,NaN,,NaN,NaN,NaN,NaN,,NaN,NaN,NaN,NaN,false
0.97,2.2431,rms,power,"fault bus 1 xf=0.001 cleared by trip 1-2",1,0.001,0.15,0.054,0.054,ok,0.720,5.3e-15,ok,0.721,5.3e-15,ok,0.721,7.1e-15,false,true,4,0.721,7.1e-15,true,true,0,0.721,4.4e-15,true,true,5,0.721,4.4e-12,true,true,flat,0.721,false,,0,,NaN,NaN,NaN,,NaN,NaN,NaN,NaN,,NaN,NaN,NaN,NaN,false
0.97,2.2431,rms,power,"fault bus 1 xf=0.003 cleared by trip 1-2",1,0.003,0.15,0.145,0.145,ok,0.721,5.3e-15,ok,0.721,7.1e-15,ok,0.721,7.1e-15,false,true,4,0.721,5.3e-15,true,true,0,0.721,5.3e-15,true,true,5,0.721,5.4e-12,true,true,flat,0.721,false,,0,,NaN,NaN,NaN,,NaN,NaN,NaN,NaN,,NaN,NaN,NaN,NaN,false
0.97,2.2431,rms,power,"fault bus 1 xf=0.001 cleared by trip 1-39",1,0.001,0.15,0.054,0.054,ok,0.722,7.1e-15,ok,0.723,5.3e-15,ok,0.723,7.1e-15,false,true,4,0.723,7.1e-15,true,true,0,0.723,7.1e-15,true,true,5,0.723,4.3e-12,true,true,flat,0.723,false,,0,,NaN,NaN,NaN,,NaN,NaN,NaN,NaN,,NaN,NaN,NaN,NaN,false
0.97,2.2431,rms,power,"fault bus 1 xf=0.003 cleared by trip 1-39",1,0.003,0.15,0.145,0.145,ok,0.723,6.9e-15,ok,0.724,7.1e-15,ok,0.724,5.6e-15,false,true,4,0.724,7.1e-15,true,true,0,0.724,7.1e-15,true,true,5,0.724,5.3e-12,true,true,flat,0.724,false,,0,,NaN,NaN,NaN,,NaN,NaN,NaN,NaN,,NaN,NaN,NaN,NaN,false
0.97,2.2431,rms,power,"fault bus 2 xf=0.001 cleared by trip 2-3",2,0.001,0.15,0.068,0.068,ok,0.506,7.1e-15,ok,0.509,5.3e-15,ok,0.510,7.2e-15,false,true,5,0.510,5.3e-15,true,true,0,0.510,5.3e-15,true,true,6,0.510,1.1e-14,true,true,hc,0.510,false,,0,,NaN,NaN,NaN,,NaN,NaN,NaN,NaN,,NaN,NaN,NaN,NaN,false
0.97,2.2431,rms,power,"fault bus 2 xf=0.003 cleared by trip 2-3",2,0.003,0.15,0.176,0.176,ok,0.510,5.3e-15,ok,0.513,5.3e-15,ok,0.513,4.0e-15,false,true,5,0.513,6.2e-15,true,true,0,0.513,7.1e-15,true,true,6,0.513,3.6e-15,true,true,hc,0.513,false,,0,,NaN,NaN,NaN,,NaN,NaN,NaN,NaN,,NaN,NaN,NaN,NaN,false
0.97,2.2431,rms,power,"fault bus 2 xf=0.001 cleared by trip 2-25",2,0.001,0.15,0.068,0.068,ok,0.695,4.5e-14,ok,0.701,7.6e-14,ok,0.701,8.0e-14,false,true,5,0.701,7.9e-14,true,true,0,0.701,8.9e-15,true,true,5,0.701,5.4e-13,true,true,flat,0.701,false,,0,,NaN,NaN,NaN,,NaN,NaN,NaN,NaN,,NaN,NaN,NaN,NaN,false
0.97,2.2431,rms,power,"fault bus 2 xf=0.003 cleared by trip 2-25",2,0.003,0.15,0.176,0.176,ok,0.702,2.2e-14,ok,0.707,3.6e-14,ok,0.707,3.8e-14,false,true,5,0.707,3.8e-14,true,true,0,0.707,7.1e-15,true,true,5,0.707,3.6e-13,true,true,flat,0.707,false,,0,,NaN,NaN,NaN,,NaN,NaN,NaN,NaN,,NaN,NaN,NaN,NaN,false
0.97,2.2431,rms,power,"fault bus 3 xf=0.001 cleared by trip 3-4",3,0.001,0.15,0.063,0.063,ok,0.656,7.1e-15,ok,0.667,5.3e-15,ok,0.668,1.1e-14,false,true,6,0.668,7.1e-15,true,true,0,0.668,5.3e-15,true,true,5,0.668,1.6e-11,true,true,flat,0.668,false,,0,,NaN,NaN,NaN,,NaN,NaN,NaN,NaN,,NaN,NaN,NaN,NaN,false
0.97,2.2431,rms,power,"fault bus 3 xf=0.003 cleared by trip 3-4",3,0.003,0.15,0.162,0.162,ok,0.672,5.0e-13,ok,0.681,9.2e-13,ok,0.682,9.8e-13,false,true,5,0.682,9.8e-13,true,true,0,0.682,7.1e-15,true,true,5,0.682,5.0e-12,true,true,flat,0.682,false,,0,,NaN,NaN,NaN,,NaN,NaN,NaN,NaN,,NaN,NaN,NaN,NaN,false
0.97,2.2431,rms,power,"fault bus 3 xf=0.001 cleared by trip 3-18",3,0.001,0.15,0.063,0.063,ok,0.659,4.2e-15,ok,0.669,7.1e-15,ok,0.669,5.3e-15,false,true,6,0.670,7.1e-15,true,true,0,0.670,7.1e-15,true,true,5,0.670,2.6e-11,true,true,flat,0.670,false,,0,,NaN,NaN,NaN,,NaN,NaN,NaN,NaN,,NaN,NaN,NaN,NaN,false
0.97,2.2431,rms,power,"fault bus 3 xf=0.003 cleared by trip 3-18",3,0.003,0.15,0.162,0.162,ok,0.673,2.5e-14,ok,0.680,5.9e-14,ok,0.681,9.4e-14,false,true,5,0.681,9.6e-14,true,true,0,0.681,5.3e-15,true,true,5,0.681,1.5e-11,true,true,flat,0.681,false,,0,,NaN,NaN,NaN,,NaN,NaN,NaN,NaN,,NaN,NaN,NaN,NaN,false
0.97,2.2431,rms,power,"fault bus 4 xf=0.001 cleared by trip 4-5",4,0.001,0.15,0.048,0.048,ok,0.529,7.1e-15,ok,0.547,5.3e-15,ok,0.549,7.1e-15,false,true,6,0.549,5.3e-15,true,true,0,0.549,5.3e-15,true,true,6,0.549,7.1e-15,true,true,newton,0.549,false,,0,,NaN,NaN,NaN,,NaN,NaN,NaN,NaN,,NaN,NaN,NaN,NaN,false
0.97,2.2431,rms,power,"fault bus 4 xf=0.003 cleared by trip 4-5",4,0.003,0.15,0.127,0.127,ok,0.551,5.6e-15,ok,0.567,8.9e-15,ok,0.568,8.9e-15,false,true,5,0.568,5.3e-15,true,true,0,0.568,7.1e-15,true,true,5,0.568,9.7e-11,true,true,flat,0.568,false,,0,,NaN,NaN,NaN,,NaN,NaN,NaN,NaN,,NaN,NaN,NaN,NaN,false
0.97,2.2431,rms,power,"fault bus 4 xf=0.001 cleared by trip 4-14",4,0.001,0.15,0.048,0.048,ok,0.520,3.6e-15,ok,0.544,8.9e-15,ok,0.546,7.1e-15,false,true,5,0.546,2.0e-10,true,true,0,0.546,7.0e-15,true,true,5,0.546,2.5e-10,true,true,flat,0.546,false,,0,,NaN,NaN,NaN,,NaN,NaN,NaN,NaN,,NaN,NaN,NaN,NaN,false
0.97,2.2431,rms,power,"fault bus 4 xf=0.003 cleared by trip 4-14",4,0.003,0.15,0.127,0.127,ok,0.548,9.6e-15,ok,0.567,6.0e-15,ok,0.569,5.3e-15,false,true,5,0.570,1.1e-14,true,true,0,0.570,7.1e-15,true,true,5,0.570,6.7e-11,true,true,flat,0.570,false,,0,,NaN,NaN,NaN,,NaN,NaN,NaN,NaN,,NaN,NaN,NaN,NaN,false
0.97,2.2431,rms,power,"fault bus 5 xf=0.001 cleared by trip 5-6",5,0.001,0.15,0.040,0.040,ok,0.442,1.8e-12,ok,0.484,4.0e-15,ok,0.488,6.4e-15,false,true,4,0.489,1.1e-10,true,true,0,0.489,5.8e-15,true,true,6,0.489,1.1e-14,true,true,newton,0.489,false,,0,,NaN,NaN,NaN,,NaN,NaN,NaN,NaN,,NaN,NaN,NaN,NaN,false
0.97,2.2431,rms,power,"fault bus 5 xf=0.003 cleared by trip 5-6",5,0.003,0.15,0.110,0.110,ok,0.485,3.7e-15,ok,0.523,4.0e-15,ok,0.526,3.8e-15,false,true,5,0.527,5.3e-15,true,true,0,0.527,5.3e-15,true,true,5,0.527,1.9e-10,true,true,flat,0.527,false,,0,,NaN,NaN,NaN,,NaN,NaN,NaN,NaN,,NaN,NaN,NaN,NaN,false
0.97,2.2431,rms,power,"fault bus 5 xf=0.001 cleared by trip 5-8",5,0.001,0.15,0.040,0.040,ok,0.433,5.4e-15,ok,0.473,5.0e-15,ok,0.477,7.1e-15,false,true,5,0.477,4.4e-15,true,true,0,0.477,5.1e-15,true,true,6,0.477,3.6e-15,true,true,hc,0.477,false,,0,,NaN,NaN,NaN,,NaN,NaN,NaN,NaN,,NaN,NaN,NaN,NaN,false
0.97,2.2431,rms,power,"fault bus 5 xf=0.003 cleared by trip 5-8",5,0.003,0.15,0.110,0.110,ok,0.473,3.6e-15,ok,0.509,1.1e-14,ok,0.512,7.1e-15,false,true,5,0.513,5.3e-15,true,true,0,0.513,5.3e-15,true,true,6,0.513,5.3e-15,true,true,flat,0.513,false,,0,,NaN,NaN,NaN,,NaN,NaN,NaN,NaN,,NaN,NaN,NaN,NaN,false
0.97,2.2431,rms,power,"fault bus 6 xf=0.001 cleared by trip 6-7",6,0.001,0.15,0.038,0.038,ok,0.402,5.6e-13,ok,0.440,4.6e-15,ok,0.444,7.8e-15,false,true,4,0.444,1.5e-11,true,true,0,0.444,7.1e-15,true,true,6,0.444,6.3e-15,true,true,newton,0.444,false,,0,,NaN,NaN,NaN,,NaN,NaN,NaN,NaN,,NaN,NaN,NaN,NaN,false
0.97,2.2431,rms,power,"fault bus 6 xf=0.003 cleared by trip 6-7",6,0.003,0.15,0.107,0.107,ok,0.439,3.6e-15,ok,0.473,7.1e-15,ok,0.476,3.6e-15,false,true,5,0.476,5.8e-15,true,true,0,0.476,7.1e-15,true,true,6,0.476,1.1e-14,true,true,hc,0.476,false,,0,,NaN,NaN,NaN,,NaN,NaN,NaN,NaN,,NaN,NaN,NaN,NaN,false
0.97,2.2431,rms,power,"fault bus 6 xf=0.001 cleared by trip 6-11",6,0.001,0.15,0.038,0.038,lowV,0.394,4.4e-15,ok,0.441,3.6e-15,ok,0.446,7.1e-15,true,true,4,0.446,2.1e-11,true,true,0,0.446,4.7e-15,true,true,6,0.446,7.1e-15,true,true,newton,0.446,false,,0,,NaN,NaN,NaN,,NaN,NaN,NaN,NaN,,NaN,NaN,NaN,NaN,false
0.97,2.2431,rms,power,"fault bus 6 xf=0.003 cleared by trip 6-11",6,0.003,0.15,0.107,0.107,ok,0.439,7.1e-15,ok,0.479,3.6e-15,ok,0.482,4.4e-15,false,true,4,0.483,1.5e-10,true,true,0,0.483,3.6e-15,true,true,6,0.483,5.3e-15,true,true,newton,0.483,false,,0,,NaN,NaN,NaN,,NaN,NaN,NaN,NaN,,NaN,NaN,NaN,NaN,false
0.97,2.2431,rms,power,"fault bus 7 xf=0.001 cleared by trip 7-8",7,0.001,0.15,0.038,0.038,ok,0.502,8.9e-15,ok,0.537,8.2e-14,ok,0.541,1.2e-13,false,true,5,0.541,1.2e-13,true,true,0,0.541,6.4e-15,true,true,5,0.541,1.8e-10,true,true,flat,0.541,false,,0,,NaN,NaN,NaN,,NaN,NaN,NaN,NaN,,NaN,NaN,NaN,NaN,false
0.97,2.2431,rms,power,"fault bus 7 xf=0.003 cleared by trip 7-8",7,0.003,0.15,0.104,0.104,ok,0.535,8.2e-15,ok,0.566,4.7e-15,ok,0.569,4.2e-15,false,true,5,0.570,7.1e-15,true,true,0,0.570,4.4e-15,true,true,5,0.570,3.4e-11,true,true,flat,0.570,false,,0,,NaN,NaN,NaN,,NaN,NaN,NaN,NaN,,NaN,NaN,NaN,NaN,false
0.97,2.2431,rms,power,"fault bus 8 xf=0.001 cleared by trip 8-9",8,0.001,0.15,0.041,0.041,ok,0.427,7.8e-15,ok,0.452,2.0e-13,ok,0.454,3.0e-13,false,true,5,0.455,3.2e-13,true,true,0,0.455,3.6e-15,true,true,6,0.455,7.1e-15,true,true,newton,0.455,false,,0,,NaN,NaN,NaN,,NaN,NaN,NaN,NaN,,NaN,NaN,NaN,NaN,false
0.97,2.2431,rms,power,"fault bus 8 xf=0.003 cleared by trip 8-9",8,0.003,0.15,0.112,0.112,ok,0.451,5.3e-15,ok,0.474,4.2e-15,ok,0.476,7.1e-15,false,true,5,0.476,3.6e-15,true,true,0,0.476,3.6e-15,true,true,6,0.476,3.8e-15,true,true,hc,0.476,false,,0,,NaN,NaN,NaN,,NaN,NaN,NaN,NaN,,NaN,NaN,NaN,NaN,false
0.97,2.2431,rms,power,"fault bus 9 xf=0.001 cleared by trip 9-39",9,0.001,0.15,0.049,0.049,ok,0.568,1.7e-12,ok,0.579,5.3e-15,ok,0.580,5.3e-15,false,true,4,0.580,7.1e-12,true,true,0,0.580,5.1e-15,true,true,5,0.580,1.1e-11,true,true,flat,0.580,false,,0,,NaN,NaN,NaN,,NaN,NaN,NaN,NaN,,NaN,NaN,NaN,NaN,false
0.97,2.2431,rms,power,"fault bus 9 xf=0.003 cleared by trip 9-39",9,0.003,0.15,0.134,0.134,ok,0.578,6.2e-14,ok,0.587,2.9e-13,ok,0.588,3.3e-13,false,true,4,0.588,3.3e-13,true,true,0,0.588,4.1e-15,true,true,5,0.588,1.1e-11,true,true,flat,0.588,false,,0,,NaN,NaN,NaN,,NaN,NaN,NaN,NaN,,NaN,NaN,NaN,NaN,false
0.97,2.2431,rms,power,"fault bus 10 xf=0.001 cleared by trip 10-11",10,0.001,0.15,0.032,0.032,ok,0.402,6.0e-15,ok,0.447,8.9e-15,ok,0.452,7.1e-15,false,true,4,0.452,2.5e-10,true,true,0,0.452,5.5e-15,true,true,6,0.452,4.4e-15,true,true,newton,0.452,false,,0,,NaN,NaN,NaN,,NaN,NaN,NaN,NaN,,NaN,NaN,NaN,NaN,false
0.97,2.2431,rms,power,"fault bus 10 xf=0.003 cleared by trip 10-11",10,0.003,0.15,0.089,0.089,ok,0.440,7.1e-15,ok,0.481,9.7e-15,ok,0.485,5.3e-15,false,true,5,0.486,5.3e-15,true,true,0,0.486,5.3e-15,true,true,5,0.486,1.1e-10,true,true,flat,0.486,false,,0,,NaN,NaN,NaN,,NaN,NaN,NaN,NaN,,NaN,NaN,NaN,NaN,false
0.97,2.2431,rms,power,"fault bus 10 xf=0.001 cleared by trip 10-13",10,0.001,0.15,0.032,0.032,ok,0.411,5.3e-15,ok,0.454,7.1e-15,ok,0.458,4.9e-15,false,true,4,0.459,9.8e-11,true,true,0,0.459,3.6e-15,true,true,6,0.459,5.3e-15,true,true,newton,0.459,false,,0,,NaN,NaN,NaN,,NaN,NaN,NaN,NaN,,NaN,NaN,NaN,NaN,false
0.97,2.2431,rms,power,"fault bus 10 xf=0.003 cleared by trip 10-13",10,0.003,0.15,0.089,0.089,MaxIter,0.447,4.4e-15,ok,0.487,6.9e-15,ok,0.491,6.2e-15,false,true,5,0.491,5.3e-15,true,true,0,0.491,7.1e-15,true,true,5,0.491,1.2e-10,true,true,flat,0.491,false,,0,,NaN,NaN,NaN,,NaN,NaN,NaN,NaN,,NaN,NaN,NaN,NaN,false
0.97,2.2431,rms,power,"fault bus 13 xf=0.001 cleared by trip 13-14",13,0.001,0.15,0.033,0.033,ok,0.492,5.3e-15,ok,0.530,4.6e-15,ok,0.534,7.1e-15,false,true,5,0.535,5.8e-15,true,true,0,0.535,7.6e-15,true,true,5,0.535,1.1e-10,true,true,flat,0.535,false,,0,,NaN,NaN,NaN,,NaN,NaN,NaN,NaN,,NaN,NaN,NaN,NaN,false
0.97,2.2431,rms,power,"fault bus 13 xf=0.003 cleared by trip 13-14",13,0.003,0.15,0.092,0.092,ok,0.525,7.1e-15,ok,0.555,5.3e-15,ok,0.558,5.8e-15,false,true,5,0.558,5.3e-15,true,true,0,0.558,7.1e-15,true,true,5,0.558,1.9e-11,true,true,flat,0.558,false,,0,,NaN,NaN,NaN,,NaN,NaN,NaN,NaN,,NaN,NaN,NaN,NaN,false
0.97,2.2431,rms,power,"fault bus 14 xf=0.001 cleared by trip 14-15",14,0.001,0.15,0.041,0.041,ok,0.516,5.2e-15,ok,0.547,5.3e-15,ok,0.549,3.6e-15,false,true,5,0.550,5.3e-15,true,true,0,0.550,5.6e-15,true,true,5,0.550,2.7e-11,true,true,flat,0.550,false,,0,,NaN,NaN,NaN,,NaN,NaN,NaN,NaN,,NaN,NaN,NaN,NaN,false
0.97,2.2431,rms,power,"fault bus 14 xf=0.003 cleared by trip 14-15",14,0.003,0.15,0.112,0.112,ok,0.548,5.1e-15,ok,0.574,5.3e-15,ok,0.576,8.3e-15,false,true,5,0.576,3.6e-15,true,true,0,0.576,5.6e-15,true,true,5,0.576,3.6e-12,true,true,flat,0.576,false,,0,,NaN,NaN,NaN,,NaN,NaN,NaN,NaN,,NaN,NaN,NaN,NaN,false
0.97,2.2431,rms,power,"fault bus 15 xf=0.001 cleared by trip 15-16",15,0.001,0.15,0.049,0.049,ok,0.444,3.6e-15,ok,0.455,6.0e-15,ok,0.456,7.1e-15,false,true,6,0.456,3.8e-15,true,true,0,0.456,4.4e-15,true,true,6,0.456,5.3e-15,true,true,hc,0.456,false,,0,,NaN,NaN,NaN,,NaN,NaN,NaN,NaN,,NaN,NaN,NaN,NaN,false
0.97,2.2431,rms,power,"fault bus 15 xf=0.003 cleared by trip 15-16",15,0.003,0.15,0.131,0.131,ok,0.456,3.6e-15,ok,0.465,7.1e-15,ok,0.466,3.6e-15,false,true,5,0.466,5.3e-15,true,true,0,0.466,7.1e-15,true,true,6,0.466,3.9e-15,true,true,hc,0.466,false,,0,,NaN,NaN,NaN,,NaN,NaN,NaN,NaN,,NaN,NaN,NaN,NaN,false
0.97,2.2431,rms,power,"fault bus 16 xf=0.001 cleared by trip 16-17",16,0.001,0.15,0.065,0.065,ok,0.641,7.3e-15,ok,0.654,6.0e-15,ok,0.655,5.0e-15,false,true,6,0.655,7.1e-15,true,true,0,0.655,7.1e-15,true,true,6,0.655,6.2e-14,true,true,flat,0.655,false,,0,,NaN,NaN,NaN,,NaN,NaN,NaN,NaN,,NaN,NaN,NaN,NaN,false
0.97,2.2431,rms,power,"fault bus 16 xf=0.003 cleared by trip 16-17",16,0.003,0.15,0.168,0.168,ok,0.659,1.1e-14,ok,0.669,3.6e-15,ok,0.670,8.9e-15,false,true,6,0.670,7.1e-15,true,true,0,0.670,4.6e-15,true,true,6,0.670,3.6e-15,true,true,hc,0.670,false,,0,,NaN,NaN,NaN,,NaN,NaN,NaN,NaN,,NaN,NaN,NaN,NaN,false
0.97,2.2431,rms,power,"fault bus 16 xf=0.001 cleared by trip 16-21",16,0.001,0.15,0.065,0.065,ok,0.600,6.9e-15,ok,0.615,7.1e-15,ok,0.617,5.3e-15,false,true,6,0.617,5.3e-15,true,true,0,0.617,7.1e-15,true,true,6,0.617,6.2e-15,true,true,flat,0.617,false,,0,,NaN,NaN,NaN,,NaN,NaN,NaN,NaN,,NaN,NaN,NaN,NaN,false
0.97,2.2431,rms,power,"fault bus 16 xf=0.003 cleared by trip 16-21",16,0.003,0.15,0.168,0.168,ok,0.621,2.9e-13,ok,0.634,7.1e-15,ok,0.635,5.3e-15,false,true,5,0.635,1.1e-12,true,true,0,0.635,7.1e-15,true,true,6,0.635,5.3e-15,true,true,newton,0.635,false,,0,,NaN,NaN,NaN,,NaN,NaN,NaN,NaN,,NaN,NaN,NaN,NaN,false
0.97,2.2431,rms,power,"fault bus 16 xf=0.001 cleared by trip 16-24",16,0.001,0.15,0.065,0.065,ok,0.608,5.2e-14,ok,0.623,1.9e-12,ok,0.625,5.3e-15,false,true,6,0.625,2.8e-12,true,true,0,0.625,5.3e-15,true,true,6,0.625,1.4e-11,true,true,flat,0.625,false,,0,,NaN,NaN,NaN,,NaN,NaN,NaN,NaN,,NaN,NaN,NaN,NaN,false
0.97,2.2431,rms,power,"fault bus 16 xf=0.003 cleared by trip 16-24",16,0.003,0.15,0.168,0.168,ok,0.629,7.3e-15,ok,0.642,7.1e-15,ok,0.643,7.1e-15,false,true,6,0.643,5.8e-15,true,true,0,0.643,5.3e-15,true,true,6,0.643,7.1e-15,true,true,flat,0.643,false,,0,,NaN,NaN,NaN,,NaN,NaN,NaN,NaN,,NaN,NaN,NaN,NaN,false
0.97,2.2431,rms,power,"fault bus 17 xf=0.001 cleared by trip 17-18",17,0.001,0.15,0.060,0.060,ok,0.647,1.5e-13,ok,0.652,4.3e-13,ok,0.652,4.8e-13,false,true,5,0.652,4.8e-13,true,true,0,0.652,5.5e-15,true,true,5,0.652,7.6e-12,true,true,flat,0.652,false,,0,,NaN,NaN,NaN,,NaN,NaN,NaN,NaN,,NaN,NaN,NaN,NaN,false
0.97,2.2431,rms,power,"fault bus 17 xf=0.003 cleared by trip 17-18",17,0.003,0.15,0.155,0.155,ok,0.653,6.2e-15,ok,0.657,1.7e-14,ok,0.657,1.9e-14,false,true,5,0.657,1.8e-14,true,true,0,0.657,1.1e-14,true,true,5,0.657,2.9e-12,true,true,flat,0.657,false,,0,,NaN,NaN,NaN,,NaN,NaN,NaN,NaN,,NaN,NaN,NaN,NaN,false
0.97,2.2431,rms,power,"fault bus 17 xf=0.001 cleared by trip 17-27",17,0.001,0.15,0.060,0.060,ok,0.683,2.3e-12,ok,0.691,3.6e-15,ok,0.692,7.1e-15,false,true,5,0.692,4.1e-12,true,true,0,0.692,3.6e-15,true,true,5,0.692,9.2e-13,true,true,flat,0.692,false,,0,,NaN,NaN,NaN,,NaN,NaN,NaN,NaN,,NaN,NaN,NaN,NaN,false
0.97,2.2431,rms,power,"fault bus 17 xf=0.003 cleared by trip 17-27",17,0.003,0.15,0.155,0.155,ok,0.694,8.8e-13,ok,0.701,1.3e-12,ok,0.701,1.4e-12,false,true,5,0.702,1.4e-12,true,true,0,0.702,7.1e-15,true,true,5,0.702,3.0e-13,true,true,flat,0.702,false,,0,,NaN,NaN,NaN,,NaN,NaN,NaN,NaN,,NaN,NaN,NaN,NaN,false
0.97,2.2431,rms,power,"fault bus 21 xf=0.001 cleared by trip 21-22",21,0.001,0.15,0.039,0.039,ok,0.536,5.3e-15,ok,0.551,2.3e-14,ok,0.552,2.9e-14,false,true,6,0.552,2.8e-14,true,true,0,0.552,8.9e-15,true,true,5,0.552,1.8e-10,true,true,flat,0.552,false,,0,,NaN,NaN,NaN,,NaN,NaN,NaN,NaN,,NaN,NaN,NaN,NaN,false
0.97,2.2431,rms,power,"fault bus 21 xf=0.003 cleared by trip 21-22",21,0.003,0.15,0.106,0.106,ok,0.549,9.0e-14,ok,0.562,3.3e-13,ok,0.563,3.7e-13,false,true,5,0.564,3.8e-13,true,true,0,0.564,5.4e-15,true,true,5,0.564,8.5e-11,true,true,flat,0.564,false,,0,,NaN,NaN,NaN,,NaN,NaN,NaN,NaN,,NaN,NaN,NaN,NaN,false
0.97,2.2431,rms,power,"fault bus 22 xf=0.001 cleared by trip 22-23",22,0.001,0.15,0.040,0.040,ok,0.539,4.4e-15,ok,0.571,5.1e-15,ok,0.575,5.3e-15,false,true,5,0.575,4.1e-15,true,true,0,0.575,7.1e-15,true,true,6,0.575,5.3e-15,true,true,hc,0.575,false,,0,,NaN,NaN,NaN,,NaN,NaN,NaN,NaN,,NaN,NaN,NaN,NaN,false
0.97,2.2431,rms,power,"fault bus 22 xf=0.003 cleared by trip 22-23",22,0.003,0.15,0.108,0.108,ok,0.562,7.1e-15,ok,0.592,5.3e-15,ok,0.595,7.1e-15,false,true,5,0.596,3.8e-15,true,true,0,0.596,5.3e-15,true,true,6,0.596,7.2e-15,true,true,flat,0.596,false,,0,,NaN,NaN,NaN,,NaN,NaN,NaN,NaN,,NaN,NaN,NaN,NaN,false
0.97,2.2431,rms,power,"fault bus 23 xf=0.001 cleared by trip 23-24",23,0.001,0.15,0.036,0.036,ok,0.524,5.3e-15,ok,0.554,7.1e-15,ok,0.557,8.9e-15,false,true,5,0.558,7.1e-15,true,true,0,0.558,3.6e-15,true,true,5,0.558,5.5e-11,true,true,flat,0.558,false,,0,,NaN,NaN,NaN,,NaN,NaN,NaN,NaN,,NaN,NaN,NaN,NaN,false
0.97,2.2431,rms,power,"fault bus 23 xf=0.003 cleared by trip 23-24",23,0.003,0.15,0.098,0.098,ok,0.545,5.3e-15,ok,0.573,5.3e-15,ok,0.576,7.1e-15,false,true,5,0.576,3.9e-15,true,true,0,0.576,5.6e-15,true,true,5,0.576,8.7e-12,true,true,flat,0.576,false,,0,,NaN,NaN,NaN,,NaN,NaN,NaN,NaN,,NaN,NaN,NaN,NaN,false
0.97,2.2431,rms,power,"fault bus 25 xf=0.001 cleared by trip 25-26",25,0.001,0.15,0.055,0.055,ok,0.705,8.2e-15,ok,0.710,2.6e-14,ok,0.711,3.0e-14,false,true,5,0.711,3.0e-14,true,true,0,0.711,7.1e-15,true,true,5,0.711,6.8e-13,true,true,flat,0.711,false,,0,,NaN,NaN,NaN,,NaN,NaN,NaN,NaN,,NaN,NaN,NaN,NaN,false
0.97,2.2431,rms,power,"fault bus 25 xf=0.003 cleared by trip 25-26",25,0.003,0.15,0.146,0.146,ok,0.711,1.1e-14,ok,0.715,7.1e-15,ok,0.715,5.3e-15,false,true,5,0.715,3.6e-15,true,true,0,0.715,6.2e-15,true,true,5,0.715,5.3e-13,true,true,flat,0.715,false,,0,,NaN,NaN,NaN,,NaN,NaN,NaN,NaN,,NaN,NaN,NaN,NaN,false
0.97,2.2431,rms,power,"fault bus 26 xf=0.001 cleared by trip 26-27",26,0.001,0.15,0.042,0.042,ok,0.635,4.7e-15,ok,0.637,5.3e-15,ok,0.638,7.1e-15,false,true,5,0.638,5.4e-12,true,true,0,0.638,5.3e-15,true,true,5,0.638,2.5e-11,true,true,flat,0.638,false,,0,,NaN,NaN,NaN,,NaN,NaN,NaN,NaN,,NaN,NaN,NaN,NaN,false
0.97,2.2431,rms,power,"fault bus 26 xf=0.003 cleared by trip 26-27",26,0.003,0.15,0.116,0.116,ok,0.637,1.5e-14,ok,0.639,5.5e-14,ok,0.640,6.3e-14,false,true,5,0.640,6.3e-14,true,true,0,0.640,5.3e-15,true,true,5,0.640,1.5e-11,true,true,flat,0.640,false,,0,,NaN,NaN,NaN,,NaN,NaN,NaN,NaN,,NaN,NaN,NaN,NaN,false
0.97,2.2431,rms,power,"fault bus 26 xf=0.001 cleared by trip 26-28",26,0.001,0.15,0.042,0.042,ok,0.717,9.4e-13,ok,0.720,4.3e-15,ok,0.720,7.1e-15,false,true,5,0.720,3.0e-12,true,true,0,0.720,7.1e-15,true,true,5,0.720,4.9e-13,true,true,newton,0.720,false,,0,,NaN,NaN,NaN,,NaN,NaN,NaN,NaN,,NaN,NaN,NaN,NaN,false
0.97,2.2431,rms,power,"fault bus 26 xf=0.003 cleared by trip 26-28",26,0.003,0.15,0.116,0.116,ok,0.720,1.1e-14,ok,0.722,2.0e-14,ok,0.722,2.0e-14,false,true,5,0.722,1.9e-14,true,true,0,0.722,1.1e-14,true,true,5,0.722,4.5e-13,true,true,flat,0.722,false,,0,,NaN,NaN,NaN,,NaN,NaN,NaN,NaN,,NaN,NaN,NaN,NaN,false
0.97,2.2431,rms,power,"fault bus 26 xf=0.001 cleared by trip 26-29",26,0.001,0.15,0.042,0.042,ok,0.716,9.7e-13,ok,0.718,3.6e-15,ok,0.718,5.3e-15,false,true,5,0.718,3.0e-12,true,true,0,0.718,4.4e-15,true,true,5,0.718,5.9e-13,true,true,newton,0.718,false,,0,,NaN,NaN,NaN,,NaN,NaN,NaN,NaN,,NaN,NaN,NaN,NaN,false
0.97,2.2431,rms,power,"fault bus 26 xf=0.003 cleared by trip 26-29",26,0.003,0.15,0.116,0.116,ok,0.718,8.9e-15,ok,0.720,1.6e-14,ok,0.721,1.7e-14,false,true,5,0.721,1.8e-14,true,true,0,0.721,3.7e-15,true,true,5,0.721,5.4e-13,true,true,flat,0.721,false,,0,,NaN,NaN,NaN,,NaN,NaN,NaN,NaN,,NaN,NaN,NaN,NaN,false
0.97,2.2431,rms,power,"fault bus 28 xf=0.001 cleared by trip 28-29",28,0.001,0.15,0.026,0.026,spurious,0.000,1.1e+01,spurious,0.000,1.2e+01,spurious,0.000,1.2e+01,true,true,12,0.000,1.2e+01,false,true,0,0.650,7.1e-14,true,true,6,0.650,4.1e-15,true,true,hc,0.650,true,spurious,28,recovers,0.000,0.000,2.6e+01,true,2.000,0.000,2453,3.7e+01,true,2.000,0.000,2808,4.7e+01,false
0.97,2.2431,rms,power,"fault bus 28 xf=0.003 cleared by trip 28-29",28,0.003,0.15,0.074,0.074,ok,0.644,1.5e-12,ok,0.653,3.5e-12,ok,0.654,3.8e-12,false,true,6,0.654,3.8e-12,true,true,0,0.654,6.7e-14,true,true,6,0.654,3.7e-15,true,true,newton,0.654,false,,0,,NaN,NaN,NaN,,NaN,NaN,NaN,NaN,,NaN,NaN,NaN,NaN,false
0.97,2.2431,rms,power,"fault bus 12 xf=0.001 cleared by trip 12-11",12,0.001,0.15,0.019,0.019,ok,0.612,4.3e-15,ok,0.629,7.3e-15,ok,0.631,1.1e-14,false,true,6,0.631,7.1e-15,true,true,0,0.631,3.6e-15,true,true,5,0.631,2.5e-12,true,true,flat,0.631,false,,0,,NaN,NaN,NaN,,NaN,NaN,NaN,NaN,,NaN,NaN,NaN,NaN,false
0.97,2.2431,rms,power,"fault bus 12 xf=0.003 cleared by trip 12-11",12,0.003,0.15,0.055,0.055,ok,0.621,2.1e-14,ok,0.637,1.1e-13,ok,0.638,1.3e-13,false,true,5,0.639,1.3e-13,true,true,0,0.639,5.3e-15,true,true,5,0.639,1.9e-12,true,true,flat,0.639,false,,0,,NaN,NaN,NaN,,NaN,NaN,NaN,NaN,,NaN,NaN,NaN,NaN,false
0.97,2.2431,rms,power,"fault bus 12 xf=0.001 cleared by trip 12-13",12,0.001,0.15,0.019,0.019,ok,0.621,3.8e-15,ok,0.639,7.1e-15,ok,0.641,8.9e-15,false,true,6,0.641,5.4e-15,true,true,0,0.641,5.4e-15,true,true,5,0.641,1.7e-12,true,true,flat,0.641,false,,0,,NaN,NaN,NaN,,NaN,NaN,NaN,NaN,,NaN,NaN,NaN,NaN,false
0.97,2.2431,rms,power,"fault bus 12 xf=0.003 cleared by trip 12-13",12,0.003,0.15,0.055,0.055,ok,0.630,1.2e-14,ok,0.646,7.0e-14,ok,0.648,8.1e-14,false,true,5,0.648,8.3e-14,true,true,0,0.648,5.3e-15,true,true,5,0.648,1.3e-12,true,true,flat,0.648,false,,0,,NaN,NaN,NaN,,NaN,NaN,NaN,NaN,,NaN,NaN,NaN,NaN,false
