load,law,method,step_s,retcode,residual_verified,newton_iterations,residual_inf,converged_within_30_iterations,max_current_mismatch_pu,current_balance_verified,candidate_min_voltage_pu,candidate_min_load_multiplier,elapsed_s
PQ,unmodified,Euler,0.0005,MaxIter,false,200,39262.99690618548,false,930.4148578482003,false,0.18108559972704324,1.0,3.109625542
PQ,unmodified,Euler,5.0e-5,MaxIter,false,200,974.4178559143571,false,259.754642995102,false,0.06851863345683185,1.0,0.202189709
PQ,unmodified,Euler,5.0e-6,MaxIter,false,200,69.7401057747255,false,69.69760356363761,false,0.9774070262386484,1.0,0.415897583
PQ,unmodified,Trap,0.0005,MaxIter,false,200,15.071365822516194,false,33.11242184402422,false,0.4577035096503833,1.0,0.194744958
PQ,unmodified,Trap,5.0e-5,MaxIter,false,200,55.26987834270261,false,60.03673474783545,false,0.9206928321579566,1.0,0.1983845
PQ,unmodified,Trap,5.0e-6,MaxIter,false,200,1127.6704778234252,false,270.9130355740971,false,0.995111301557021,1.0,0.393422291
PQ,OpenIPSL_1,Euler,0.0005,Success,true,21,5.847752837517817e-15,true,12.070799522654964,false,5.0978941156238473e-57,1.0607560985351938e-112,0.017528875
PQ,OpenIPSL_1,Euler,5.0e-5,Success,true,24,7.664865514208155e-15,true,8.752109190497555,false,4.647110297819182e-120,8.814544538815136e-239,0.025294292
PQ,OpenIPSL_1,Euler,5.0e-6,Success,true,7,6.180028710999501e-15,true,7.06998651520696,false,2.626684298961596e-19,2.8161103699638246e-37,0.005746125
PQ,OpenIPSL_1,Trap,0.0005,Success,true,27,5.3441409283983e-15,true,13.15841205421231,false,8.300187212100324e-84,2.8119635818740306e-166,0.026728708
PQ,OpenIPSL_1,Trap,5.0e-5,Success,true,11,1.3374468222879742e-11,true,7.802385489991098,false,1.4116594177698191e-39,8.133805354196837e-78,0.009641083
PQ,OpenIPSL_1,Trap,5.0e-6,Success,true,7,6.653411710466332e-15,true,6.979154036963418,false,5.6642568359427455e-19,1.309543081776495e-36,0.005412708
PQ,OpenIPSL_2,Euler,0.0005,Success,true,14,3.0450295063211286e-13,true,8.857728696621035e-11,true,0.003528796058033734,-0.00980820317648123,0.015443208
PQ,OpenIPSL_2,Euler,5.0e-5,Success,true,39,3.0261904093720204e-13,false,2.0935758068781955e-12,true,0.005392873519847634,-0.008716691569762333,0.039532792
PQ,OpenIPSL_2,Euler,5.0e-6,Success,true,7,1.1713123804212625e-14,true,1.7150661556716498e-14,true,0.00730373998623178,-0.007569627072523225,0.007348375
PQ,OpenIPSL_2,Trap,0.0005,Success,true,21,4.763225404380567e-15,true,1.5590768461282227e-14,true,0.004508768208077657,-0.009237765428690491,0.021589791
PQ,OpenIPSL_2,Trap,5.0e-5,Success,true,10,3.2387460768834586e-13,true,6.925253947880479e-11,true,0.004722214286934483,-0.009112523712014705,0.010954542
PQ,OpenIPSL_2,Trap,5.0e-6,Success,true,7,5.3840731872866515e-15,true,3.503460809805112e-14,true,0.007363242429065793,-0.0075334517298353935,0.008144041
ZIP_70_10_20,unmodified,Euler,0.0005,Success,true,6,2.4474866577861576e-13,true,1.259274348412328e-12,true,0.19861537760478185,0.2474570640330188,0.006345667
ZIP_70_10_20,unmodified,Euler,5.0e-5,MaxIter,false,200,3.460401823923558,false,18.707301072066894,false,0.18599143957322553,0.24279793845636624,0.196506083
ZIP_70_10_20,unmodified,Euler,5.0e-6,MaxIter,false,200,31.93304714904196,false,50.217147728443415,false,0.637639773818801,0.5482203571244716,0.399853875
ZIP_70_10_20,unmodified,Trap,0.0005,MaxIter,false,200,0.38587695781812414,false,2.5171715835631945,false,0.15569545191708253,0.23252634901310187,0.190744166
ZIP_70_10_20,unmodified,Trap,5.0e-5,MaxIter,false,200,17.828736596139912,false,31.657421164111042,false,0.5658015280572302,0.4805502967629771,0.199329708
ZIP_70_10_20,unmodified,Trap,5.0e-6,MaxIter,false,200,8.370713071296159,false,21.4704018012221,false,0.39143506493081714,0.3463372791594103,0.197377208
ZIP_70_10_20,OpenIPSL_1,Euler,0.0005,Success,true,5,7.654987754790454e-14,true,3.3007895835643703e-13,true,0.24110184480222877,0.11222893791565143,0.005600667
ZIP_70_10_20,OpenIPSL_1,Euler,5.0e-5,Success,true,7,4.695005503157603e-15,true,8.964114638930344e-15,true,0.12217634896428832,0.03484394037316978,0.008135375
ZIP_70_10_20,OpenIPSL_1,Euler,5.0e-6,Success,true,9,3.525736924636662e-15,true,2.6213131119201665e-15,true,0.09901242424490717,0.02476078726670504,0.010119917
ZIP_70_10_20,OpenIPSL_1,Trap,0.0005,Success,true,6,3.469609582279487e-15,true,1.3586076403920264e-15,true,0.196513678756038,0.07819050844889189,0.006589625
ZIP_70_10_20,OpenIPSL_1,Trap,5.0e-5,Success,true,8,4.614197913961485e-15,true,1.79383492860469e-15,true,0.10943229845807015,0.029095201770001515,0.008780833
ZIP_70_10_20,OpenIPSL_1,Trap,5.0e-6,Success,true,9,9.265426759164088e-15,true,6.981072256617408e-14,true,0.09772625982071614,0.0242485986752823,0.00932275
ZIP_70_10_20,OpenIPSL_2,Euler,0.0005,Success,true,5,4.0870085094013575e-14,true,1.7548861353161784e-13,true,0.2394549306628463,0.12089733509403922,0.026901292
ZIP_70_10_20,OpenIPSL_2,Euler,5.0e-5,Success,true,7,3.142558435232238e-15,true,4.0429206160805845e-15,true,0.12092355868754091,0.038056066283293805,0.181929959
ZIP_70_10_20,OpenIPSL_2,Euler,5.0e-6,Success,true,9,4.044640178338831e-15,true,1.1970078979196411e-15,true,0.09810810887220228,0.026638283920113293,0.007160541
ZIP_70_10_20,OpenIPSL_2,Trap,0.0005,Success,true,6,4.562265143578589e-15,true,1.9790841910167536e-15,true,0.19475650035403078,0.08543074318781588,0.005021834
ZIP_70_10_20,OpenIPSL_2,Trap,5.0e-5,Success,true,8,3.2331110009677406e-15,true,1.5443451544895524e-15,true,0.10835727514577201,0.031565757171521054,0.010020417
ZIP_70_10_20,OpenIPSL_2,Trap,5.0e-6,Success,true,9,9.296881597897768e-15,true,3.907495556833074e-15,true,0.09684496210115988,0.026054174965164566,0.007511375
